url;Nom
https://www.linkedin.com/company/28934776;Spa le Prieuré des Sources
https://www.linkedin.com/company/9436236;Vy Resort Thermal & Spa - Vichy
https://www.linkedin.com/company/2382032;Clairazur Spa
https://www.linkedin.com/company/83322772;PRESTA Ain et Beaujolais
https://www.linkedin.com/company/87248216;L'île Verte • Centre aquatique à Hirson
https://www.linkedin.com/company/37863860;Jeûne Vitalité Expérience
https://www.linkedin.com/company/11236580;SPORACTIO - MAISON SPORT SANTÉ
https://www.linkedin.com/company/9461512;La Compagnie des Sens
https://www.linkedin.com/company/34665128;Biofloral
https://www.linkedin.com/company/18432748;Carlance Institut de Beauté (franchise)
https://www.linkedin.com/company/14827784;ERIC FAVRE INTERNATIONAL
https://www.linkedin.com/company/13003332;Le PSIP
https://www.linkedin.com/company/77394956;Pampa Coworking Beauté
https://www.linkedin.com/company/54080320;Laboratoire DAYANG
https://www.linkedin.com/company/11049868;Massage Me
https://www.linkedin.com/company/25610028;SPA EMERAUDE LES BAINS
https://www.linkedin.com/company/75559152;Beaujour
https://www.linkedin.com/company/80924496;Borrelly Spa
https://www.linkedin.com/company/80680036;Flor&Sens
https://www.linkedin.com/company/81448208;eatwellandcook
https://www.linkedin.com/company/81727876;Exagym - Sport Santé
https://www.linkedin.com/company/71971564;MEDICAL STADIUM
https://www.linkedin.com/company/2831880;Cryorecup
https://www.linkedin.com/company/25839888;JUST FRANCE
https://www.linkedin.com/company/87193584;Mae Naturo - Maelys Bigot
https://www.linkedin.com/company/71508020;Vegas Solutions Impact
https://www.linkedin.com/company/12649640;Relax Break
https://www.linkedin.com/company/14030396;Satnam Club Bordeaux
https://www.linkedin.com/company/86342992;GROUND Bordeaux
https://www.linkedin.com/company/78538592;Christine F Centre énergétique et bien-être
https://www.linkedin.com/company/79469052;Thermes de Castéra-Verduzan
https://www.linkedin.com/company/1238452;À venir
https://www.linkedin.com/company/78453256;Hypnose vitalia
https://www.linkedin.com/company/65391032;Mon Entreprise Bouge
https://www.linkedin.com/company/42951768;Hunzas
https://www.linkedin.com/company/18097068;Holom
https://www.linkedin.com/company/56471900;MyoDeepMassage
https://www.linkedin.com/company/42731592;Ethic SPA
https://www.linkedin.com/company/67220672;flo-zen
https://www.linkedin.com/company/72250972;Nateo Box
https://www.linkedin.com/company/75235544;Celine aubaud Massage Reiki EMDR* Therapie Sophrologie
https://www.linkedin.com/company/18599028;LLB nutrition-santé
https://www.linkedin.com/company/81680244;ActiSanté
https://www.linkedin.com/company/28152600;POKHARA SPA INSTITUT
https://www.linkedin.com/company/83525948;Beewell Académie
https://www.linkedin.com/company/69746092;Le Guide du Bien-Être
https://www.linkedin.com/company/19047816;Reality Care
https://www.linkedin.com/company/77682872;Essenselia Bien-être
https://www.linkedin.com/company/81507668;Viskan Spa France
https://www.linkedin.com/company/20474344;Clinique Victor Hugo - ELSAN
https://www.linkedin.com/company/34951812;LES SOURCES DU CHERY
https://www.linkedin.com/company/29278172;Médecine Symbolique
https://www.linkedin.com/company/28652972;Soul in Motion
https://www.linkedin.com/company/85832032;La Superbe
https://www.linkedin.com/company/78983024;JAYAPRADA Ayurveda & Spa
https://www.linkedin.com/company/18344852;ERAC Entente Rhône Alpes Chine ??????-????????????
https://www.linkedin.com/company/86435124;Déli'Sourire
https://www.linkedin.com/company/79579472;VirtuelZen
https://www.linkedin.com/company/66906456;La Gojie - Elevating Wellness & Brand Impact
https://www.linkedin.com/company/18683516;Pharmacie du Clergeon
https://www.linkedin.com/company/10532724;Ten Chi Jin Massages de bien-être
https://www.linkedin.com/company/71517420;Catherine Chauvin
https://www.linkedin.com/company/77345732;Aujogue
https://www.linkedin.com/company/14799616;Séphora Achille
https://www.linkedin.com/company/82188856;SPA MARIN CECILE ARNOUX
https://www.linkedin.com/company/72401276;KALAE ??
https://www.linkedin.com/company/75270412;AS Minorange
https://www.linkedin.com/company/18782880;LE P'TIT SNIFF
https://www.linkedin.com/company/53150224;Amewell, l'art du bien-être
https://www.linkedin.com/company/25221708;Spa Malak
https://www.linkedin.com/company/25202100;SPA BAMBOU
https://www.linkedin.com/company/14014284;ConVRgence
https://www.linkedin.com/company/28931696;Cindy Vernet Socio-esthéticienne indépendante
https://www.linkedin.com/company/20504260;Cosm skin & mind
https://www.linkedin.com/company/53268892;WACOHE
https://www.linkedin.com/company/71190632;FIT HEALTHY
https://www.linkedin.com/company/82860296;YAQUA
https://www.linkedin.com/company/34762640;CYPIOS
https://www.linkedin.com/company/10018480;Foodvisor
https://www.linkedin.com/company/29373856;SPART
https://www.linkedin.com/company/13035032;Nutrimea
https://www.linkedin.com/company/83152612;Pemlab
https://www.linkedin.com/company/11069388;Panda Tea
https://www.linkedin.com/company/9454520;AKAYOGI | Prévention Santé & Qualité de Vie au Travail
https://www.linkedin.com/company/30094012;Parapharmacie Lafayette Para One
https://www.linkedin.com/company/10082152;Vitalco
https://www.linkedin.com/company/2943396;BOUTIQUE NATURE
https://www.linkedin.com/company/69748576;Cameleon Body & Mind
https://www.linkedin.com/company/71137028;Eden des Sens France
https://www.linkedin.com/company/18173316;Pharmacie 55 (Lafayette)
https://www.linkedin.com/company/27169380;The Miki School
https://www.linkedin.com/company/75177844;Le Chanvrier Francais
https://www.linkedin.com/company/29216256;la Clairière
https://www.linkedin.com/company/25874888;CENTRE 16
https://www.linkedin.com/company/88031324;Alpha & Omega
https://www.linkedin.com/company/38140684;Naturopathe et conférencière Bien-Etre en Entreprises
https://www.linkedin.com/company/26762272;PILATES OUEST Bien-être
https://www.linkedin.com/company/78343608;IMS Prefontaine
https://www.linkedin.com/company/72751156;La Chanvré CBD-Paris
https://www.linkedin.com/company/78407852;Spa Esterel Forme
https://www.linkedin.com/company/11845484;Spa Les Bains d'Or
https://www.linkedin.com/company/10323752;La Pause Santé
https://www.linkedin.com/company/88274628;LA BELLE FORME
https://www.linkedin.com/company/74611564;ROSSI Gaëlle
https://www.linkedin.com/company/78367840;BioActif
https://www.linkedin.com/company/25654444;Balnea Sport et Spa
https://www.linkedin.com/company/46787896;WELLNESS INSTITUT
https://www.linkedin.com/company/26682908;SPA THETYS DETENTE
https://www.linkedin.com/company/18445192;Société CODE
https://www.linkedin.com/company/70032488;Osteo'Care
https://www.linkedin.com/company/83931596;L'ATELIER DU SPA
https://www.linkedin.com/company/69564112;Lilas ZEN Massages Bien-Etre
https://www.linkedin.com/company/18451276;eveia
https://www.linkedin.com/company/80646036;WELLNESS CENTER ACADEMY
https://www.linkedin.com/company/25643604;NAVOTI - Soin de l'Être et de l'habitat
https://www.linkedin.com/company/79949024;Les Océades
https://www.linkedin.com/company/10938048;Réseau Jeûne & Bien-être
https://www.linkedin.com/company/54152156;CapRéussite
https://www.linkedin.com/company/86659920;Hall 22 Séminaires et coworking
https://www.linkedin.com/company/75371656;DaviDgranDspa
https://www.linkedin.com/company/71567260;PACHANANDA
https://www.linkedin.com/company/69178660;Kintsugi - Espace mieux-être
https://www.linkedin.com/company/66697012;ZEN ADDICT
https://www.linkedin.com/company/89859748;ATYPICAL TRAINING
https://www.linkedin.com/company/72619944;Institut Aurélie Fabre
https://www.linkedin.com/company/42965240;Sylvain Elenval
https://www.linkedin.com/company/64912028;DBPSY Mon Expert Bien-Être
https://www.linkedin.com/company/18583612;OXUP
https://www.linkedin.com/company/30157788;Elodie Naturopathie
https://www.linkedin.com/company/47297184;L'ATELIER BIEN-ETRE
https://www.linkedin.com/company/26466272;BODHI BIEN ETRE
https://www.linkedin.com/company/28858448;HYPNOSOMNUS
https://www.linkedin.com/company/26427992;NAIL STUDIO AND SPA
https://www.linkedin.com/company/18535964;THALASSO CONCARNEAU
https://www.linkedin.com/company/51517312;Parc Zoologique de Paris - Zoo de Vincennes
https://www.linkedin.com/company/26750588;Spa Avenue
https://www.linkedin.com/company/80687948;Zo?
https://www.linkedin.com/company/35658180;NUTRIMIS APP
https://www.linkedin.com/company/10600804;BodyO
https://www.linkedin.com/company/18903528;Apothical
https://www.linkedin.com/company/26161564;Corpoderm Healthcare & Beauty
https://www.linkedin.com/company/18305772;Laboratoire Marque Verte
https://www.linkedin.com/company/26681548;SPA ADDICT
https://www.linkedin.com/company/28529628;Ergotech
https://www.linkedin.com/company/6995228;GrandAudition
https://www.linkedin.com/company/79074804;Association Les Vies Denses - Bien naître
https://www.linkedin.com/company/15172612;My Big Bang
https://www.linkedin.com/company/10098432;NAUSICAA Médical
https://www.linkedin.com/company/29004112;Passage Bleu
https://www.linkedin.com/company/18706384;Spratic
https://www.linkedin.com/company/26295908;SISSEL France Performance Health
https://www.linkedin.com/company/40654972;DOOVISION SANTE
https://www.linkedin.com/company/529228;Monavie France
https://www.linkedin.com/company/69477268;IRBMS
https://www.linkedin.com/company/26271808;Reiki Soins
https://www.linkedin.com/company/35612008;Silence
https://www.linkedin.com/company/40727184;Les Petites Bosses
https://www.linkedin.com/company/11421680;BienBien
https://www.linkedin.com/company/9381056;GROUPE ACCROSPORT
https://www.linkedin.com/company/79362952;Fondation On Seniors'Side
https://www.linkedin.com/company/14027484;Eric GIGNET
https://www.linkedin.com/company/75587340;ASM Vitalité
https://www.linkedin.com/company/37789372;BLOOM - Studio de Méditation
https://www.linkedin.com/company/11860516;TECFIT
https://www.linkedin.com/company/79147432;PEAK PERFORMANCE Coaching Sport & Santé
https://www.linkedin.com/company/76469372;Neoden - Spa de flottaison
https://www.linkedin.com/company/11188992;Ligue Normandie du Sport d'Entreprise
https://www.linkedin.com/company/72130836;BORALIA
https://www.linkedin.com/company/88289204;Spa Institut Nymphéa
https://www.linkedin.com/company/25209352;Thermes de Contrexéville
https://www.linkedin.com/company/71550068;Au Temple des Sens Meximieux
https://www.linkedin.com/company/50743384;Relais Thalasso Bénodet
https://www.linkedin.com/company/25373140;AGINUM THERMAE Spa Urbain
https://www.linkedin.com/company/91536788;Bien Etre Corps Esprit
https://www.linkedin.com/company/71466248;Bien-être et Vaillance
https://www.linkedin.com/company/18540836;BIEN ETRE ET VITALITE
https://www.linkedin.com/company/11134684;Bien être conscient
https://www.linkedin.com/company/78670328;Bien-être Aloe Vera
https://www.linkedin.com/company/71242872;Les outils du bien-être avec Trouver sa Clé
https://www.linkedin.com/company/36083516;Claire Tromas, bien-être et énergie
https://www.linkedin.com/company/27228808;Portail bien-être
https://www.linkedin.com/company/74921176;Esprit Bien-être
https://www.linkedin.com/company/79780008;Votre Bien-être
https://www.linkedin.com/company/36018424;Maison du Bien Etre Dremil
https://www.linkedin.com/company/18791320;Le Chant du Bien-Être
https://www.linkedin.com/company/71192172;Quintessence Bien-être
https://www.linkedin.com/company/15232020;Le Refuge du Bien-Être
https://www.linkedin.com/company/18995332;Be Yogi - Yoga et événements bien-être
https://www.linkedin.com/company/11322972;Normandie Bien-Être
https://www.linkedin.com/company/86252604;Momotsoa Bien-Être / Sophrolive
https://www.linkedin.com/company/71226484;Laëtitia - L'aloe vera au service de votre bien-être
https://www.linkedin.com/company/48476376;PILATES BIEN ETRE
https://www.linkedin.com/company/10314692;Neoness
https://www.linkedin.com/company/84966096;Jupas Bien-être
https://www.linkedin.com/company/10491808;Nap&Up
https://www.linkedin.com/company/35669184;Meudon Bien Etre
https://www.linkedin.com/company/89738120;TAcT & Bien-être Formations Grand Est
https://www.linkedin.com/company/69474232;Atika Bien-Être
https://www.linkedin.com/company/76872012;ColibriZen78 Bien-être & épanouissement
https://www.linkedin.com/company/20338120;FUKUSHI Bien-être
https://www.linkedin.com/company/72016236;L’Or Bien-être
https://www.linkedin.com/company/28397188;Brunoni Bien-Etre
https://www.linkedin.com/company/11861372;Oxyzen - Centre de Bien-être & de Formations
https://www.linkedin.com/company/26071408;BEAUTE BIEN ETRE
https://www.linkedin.com/company/25183160;VILLA BIEN ETRE
https://www.linkedin.com/company/25553512;INSTANT BIEN ETRE
https://www.linkedin.com/company/75348632;Atelier Bien-être Vernon
https://www.linkedin.com/company/26922224;SOLOGNE BIEN ETRE
https://www.linkedin.com/company/26830716;OCEANE BIEN ETRE
https://www.linkedin.com/company/26302048;PARENTHESE BIEN ETRE
https://www.linkedin.com/company/26855644;INSTITUT BIEN ETRE ET BEAUTE
https://www.linkedin.com/company/26914392;MYLYA BIEN ETRE
https://www.linkedin.com/company/26015060;PEAU'SE BIEN ETRE
https://www.linkedin.com/company/77056488;Cylagi Institut Nutrition & Bien Être
https://www.linkedin.com/company/76506160;DigiCoachMe
https://www.linkedin.com/company/71216676;MANDALA Massages Bien Etre
https://www.linkedin.com/company/10444476;Centre Dolphin bien-être
https://www.linkedin.com/company/86834456;Premaji - Studio de bien-être
https://www.linkedin.com/company/69229196;sophrologie et bien être
https://www.linkedin.com/company/88425164;[RSBE] Réflexo'Santé & Bien-Être
https://www.linkedin.com/company/67353804;Concerti
https://www.linkedin.com/company/10005532;Human Tempo
https://www.linkedin.com/company/75269708;Mon masseur bien-être
https://www.linkedin.com/company/75100076;Un instant de bien-être
https://www.linkedin.com/company/14004560;Complex Natural Mâcon Fitness Sport Santé et Bien-être
https://www.linkedin.com/company/26711248;MGE DIFFUSION BIEN-ETRE
https://www.linkedin.com/company/26755512;ELIXIR DU BIEN ETRE
https://www.linkedin.com/company/86937756;Rose Petit-Experte Bien-Être
https://www.linkedin.com/company/75171804;Centre Santé Bien-Etre
https://www.linkedin.com/company/26440348;L'ILE DU BIEN ETRE
https://www.linkedin.com/company/26314436;EQUILIBRE ET BIEN ETRE
https://www.linkedin.com/company/25321736;TAO ET BIEN ETRE
https://www.linkedin.com/company/75235660;Yvanne coach bien être
https://www.linkedin.com/company/26446252;PARADIS DU BIEN ETRE
https://www.linkedin.com/company/54166036;BCBG Beau Corps Belle Gueule
https://www.linkedin.com/company/26951612;CENTRE DE BIEN ETRE OPALINE
https://www.linkedin.com/company/26677780;NUAGES DE BIEN ETRE
https://www.linkedin.com/company/25680060;L'ERE DU BIEN-ETRE
https://www.linkedin.com/company/91560872;Care2perform
https://www.linkedin.com/company/11679420;ACONIA Beauté Et Bien-Être
https://www.linkedin.com/company/75313024;ATLAS SANTE BIEN ETRE
https://www.linkedin.com/company/2299724;Naturalforme
https://www.linkedin.com/company/75535908;Audrey Bottero, Naturopathie et Bien-Etre à Eclassan
https://www.linkedin.com/company/84966972;L'odyssée vers son soi et son bien être
https://www.linkedin.com/company/25806052;LES PORTES DU BIEN-ETRE
https://www.linkedin.com/company/68129660;C.Fitness
https://www.linkedin.com/company/36989800;Aromathérapie Formations
https://www.linkedin.com/company/1450352;Entre2nuages Plate forme Bien Etre
https://www.linkedin.com/company/89875652;Your Way Espaces Santé/Bien-Être
https://www.linkedin.com/company/76105196;Mademoiselle Julia beauté et bien-être
https://www.linkedin.com/company/25606224;Au secret du bien-être
https://www.linkedin.com/company/71544972;Vitalis - conseil et formation en bien-être en entreprise
https://www.linkedin.com/company/71727888;Yogah
https://www.linkedin.com/company/82880432;L'Arbre Aux Sens
https://www.linkedin.com/company/26440572;INSTITUT ELEGANCE ET BIEN ETRE
https://www.linkedin.com/company/26426512;INSTANT BEAUTE ET BIEN ETRE
https://www.linkedin.com/company/25379288;L ATELIER DU BIEN ETRE
https://www.linkedin.com/company/10671300;GEROMOUV'?
https://www.linkedin.com/company/25235968;CINQ MAISON DE BIEN ETRE
https://www.linkedin.com/company/50329892;SPORT SANTE ET BIEN ETRE
https://www.linkedin.com/company/26870216;LE PALAIS DU BIEN-ETRE
https://www.linkedin.com/company/18890436;Podowell
https://www.linkedin.com/company/28826248;KLAFS Grand Est
https://www.linkedin.com/company/70484780;FORMATION NUTRIPUNCTURE®
https://www.linkedin.com/company/81977440;DREAM MACHINE
https://www.linkedin.com/company/26356568;LE RENDEZ-VOUS DU BIEN-ETRE
https://www.linkedin.com/company/19216820;Destination Mieux Être
https://www.linkedin.com/company/37214932;Les Ostéo du Golfe - Auray & Vannes
https://www.linkedin.com/company/56443676;Les Cauris
https://www.linkedin.com/company/69187904;Origine CBD
https://www.linkedin.com/company/79084380;Objectifs santé
https://www.linkedin.com/company/11039528;Panakeia
https://www.linkedin.com/company/26005920;ESPACE DE BEAUTE ET DE BIEN ETRE DES CORDELIERS.
https://www.linkedin.com/company/14775820;Sikiio
https://www.linkedin.com/company/87244292;zenarium.fr
https://www.linkedin.com/company/46059908;CAP'ADAPT
https://www.linkedin.com/company/11147216;Luneale
https://www.linkedin.com/company/14018692;Tous Jardiniers
https://www.linkedin.com/company/5048572;AllCare
https://www.linkedin.com/company/18950260;COACH FOR EYES
https://www.linkedin.com/company/53083808;RIVAGE THALASSO & SPA
https://www.linkedin.com/company/71249092;NUTRIGÉE
https://www.linkedin.com/company/11029128;Elegance France
https://www.linkedin.com/company/19006216;Dose Mindcare
https://www.linkedin.com/company/30765248;Céline Carel
https://www.linkedin.com/company/25937344;HELIA Portage
https://www.linkedin.com/company/10802752;Janasense®
https://www.linkedin.com/company/11243508;BEMIND
https://www.linkedin.com/company/14006920;Chez soi
https://www.linkedin.com/company/76125612;ELDORA-DOS
https://www.linkedin.com/company/34608776;Street Relax
https://www.linkedin.com/company/68343428;Colibri Massage Academy
https://www.linkedin.com/company/65686052;ReVivre Life France
https://www.linkedin.com/company/42729548;Institut Sport Atlantique
https://www.linkedin.com/company/91517404;Diana Shiatsu
https://www.linkedin.com/company/65676216;SPORTIV'Action
https://www.linkedin.com/company/83345252;adomeos®
https://www.linkedin.com/company/76353716;Santé Rangueil
https://www.linkedin.com/company/45674144;The Happy Collective
https://www.linkedin.com/company/18663848;CARPE DIEM AMMA
https://www.linkedin.com/company/76994928;miha bodytec France
https://www.linkedin.com/company/91487856;Bérangère DELHORME Intervenante QVCT - Bien et Mieux-Etre
https://www.linkedin.com/company/79074656;Sensolight
https://www.linkedin.com/company/69825560;L'instant Shiatsu - Patricia
https://www.linkedin.com/company/28463400;Crystal Connexion
https://www.linkedin.com/company/75062736;MA Sophro
https://www.linkedin.com/company/11216024;NatBé, périnatalité et parentalité
https://www.linkedin.com/company/72745060;Setaa
https://www.linkedin.com/company/9375192;VITAL CAMPUS
https://www.linkedin.com/company/30659412;Moovité
https://www.linkedin.com/company/26932456;ESPACE ERGONOMIE
https://www.linkedin.com/company/91665528;L'Univers de la Forme 2.0
https://www.linkedin.com/company/71952320;Fit by Flo 64
https://www.linkedin.com/company/68236856;Clinique physio balance
https://www.linkedin.com/company/10220484;Smart Body
https://www.linkedin.com/company/74299964;Nuven
https://www.linkedin.com/company/79050156;Côme un Ev'eil
https://www.linkedin.com/company/70917184;Marion-Thérapeute
https://www.linkedin.com/company/78004372;Dialecte_fr
https://www.linkedin.com/company/54153388;ALTERNATIVE BOX
https://www.linkedin.com/company/18060140;SENTARA HOLISTIC
https://www.linkedin.com/company/38144824;OMIKUJI SPA ET INSTITUT
https://www.linkedin.com/company/42861420;Curseur
https://www.linkedin.com/company/87109592;La Force d'Epione
https://www.linkedin.com/company/27006316;Miniweight
https://www.linkedin.com/company/1999932;Weelearn
https://www.linkedin.com/company/11847908;Faut qu'ça sorte !
https://www.linkedin.com/company/74513928;Centre Oscaria
https://www.linkedin.com/company/68808796;Bourgogne Plénitude
https://www.linkedin.com/company/42694892;Cabinet Bel'harmonie
https://www.linkedin.com/company/10015416;Des Soins & Des Liens
https://www.linkedin.com/company/43257672;Barbara Feng Shui
https://www.linkedin.com/company/72098764;Terre de soins
https://www.linkedin.com/company/82585616;Minceur & Harmonie - Concept minceur - Franchise
https://www.linkedin.com/company/10942968;Au bonheur d'essences
https://www.linkedin.com/company/11028484;Unlimited Epil and Beauty
https://www.linkedin.com/company/19023360;TECHNICIEN DE SANTE BERGERAC
https://www.linkedin.com/company/1883172;SimAlti
https://www.linkedin.com/company/70109776;Lumah institut
https://www.linkedin.com/company/71714720;YOMAE BOURG-EN-BRESSE
https://www.linkedin.com/company/42296812;impulsergoform
https://www.linkedin.com/company/84843652;YUMI Studio
https://www.linkedin.com/company/76512716;La bulle d'anouk
https://www.linkedin.com/company/2621676;Elite Beauté
https://www.linkedin.com/company/68510076;TMSkinergo
https://www.linkedin.com/company/74720348;CrossFit L'Etoile
https://www.linkedin.com/company/10785848;Youboost Market
https://www.linkedin.com/company/80140668;Corinne Henriet Naturopathe
https://www.linkedin.com/company/42870904;Harmony Me
https://www.linkedin.com/company/85658948;Maison de la QVCT
https://www.linkedin.com/company/76625656;Mamacita Yoga & Accompagnement périnatal
https://www.linkedin.com/company/5079432;MYBIODY : Immediate Body Checkup
https://www.linkedin.com/company/33256756;Le Jardin Intérieur
https://www.linkedin.com/company/69517668;Botaniste en herbe
https://www.linkedin.com/company/18983512;Reflex'ô bout du monde
https://www.linkedin.com/company/77690256;FeelGood EMS
https://www.linkedin.com/company/17930184;Riad Kechmara
https://www.linkedin.com/company/38135912;Pensée Massage / Laurence Morandini E.I.
https://www.linkedin.com/company/79861744;Vitalness
https://www.linkedin.com/company/29017416;Fondation Innovation & Handicap
https://www.linkedin.com/company/27450332;Sarah JUHASZ
https://www.linkedin.com/company/79287904;Association Re-Sentir
https://www.linkedin.com/company/86920576;Le domaine des diamants blancs de Bondues
https://www.linkedin.com/company/82162184;Stamina
https://www.linkedin.com/company/76906384;EAURIGINELLE
https://www.linkedin.com/company/5262124;Le Poids Chiche
https://www.linkedin.com/company/25432784;Les Chochottes
https://www.linkedin.com/company/26522724;Chirohealth
https://www.linkedin.com/company/75023504;Holistia
https://www.linkedin.com/company/9295532;Académie Conscience & Action
https://www.linkedin.com/company/14810548;Si Jolie
https://www.linkedin.com/company/18926196;L'Orange Bleue Mon Coach Wellness Villebon
https://www.linkedin.com/company/72751448;wo-care
https://www.linkedin.com/company/33310804;MADE IN YOGA
https://www.linkedin.com/company/74145268;Divin'Aloé
https://www.linkedin.com/company/18754896;Box Healthy
https://www.linkedin.com/company/76448212;Lib-Coaching
https://www.linkedin.com/company/71326652;IRON BODYFIT BETHUNE
https://www.linkedin.com/company/70463772;Justine Porquet Naturopathe
https://www.linkedin.com/company/68192756;vraimenvrai
https://www.linkedin.com/company/9181100;Be-Cult.com/ Manicult
https://www.linkedin.com/company/42105868;ID ZEN Réflexologie
https://www.linkedin.com/company/37813576;Les Petites Explorations
https://www.linkedin.com/company/19175780;Association Danièle Festy
https://www.linkedin.com/company/74600600;Vaincre le stress
https://www.linkedin.com/company/80169920;MironLab
https://www.linkedin.com/company/85990172;Les Rayonnantes
https://www.linkedin.com/company/77040308;La Belle Equipe Paris
https://www.linkedin.com/company/13996500;KINEXPERIENCE
https://www.linkedin.com/company/12590136;Azen Massage sportif
https://www.linkedin.com/company/15838396;Shantyoga
https://www.linkedin.com/company/67236348;Cabinet de Naturopathie
https://www.linkedin.com/company/87082608;Shinrin yoku Aquitaine Marcher vers soi
https://www.linkedin.com/company/83042508;Jessica Yogini
https://www.linkedin.com/company/69221828;Loïs CLEMENT-TACHER Diététicienne Nutritionniste
https://www.linkedin.com/company/20090468;QUINQUAmorphose
https://www.linkedin.com/company/69477968;Kare Solution
https://www.linkedin.com/company/67333180;Thalès Santé
https://www.linkedin.com/company/77020332;Cosmo Plus
https://www.linkedin.com/company/11521964;NLB IMPULSION
https://www.linkedin.com/company/20163336;LADY FIT’ CLUB Aulnay
https://www.linkedin.com/company/27110088;Marc Legrand
https://www.linkedin.com/company/48159264;AGORA FIT & MIND
https://www.linkedin.com/company/18271116;Airpurlabs
https://www.linkedin.com/company/37273480;For My Beauty
https://www.linkedin.com/company/14818764;From Manager To Leader
https://www.linkedin.com/company/43308680;Coeurs Dionysiens CCN
https://www.linkedin.com/company/35599740;Hélène Jas
https://www.linkedin.com/company/42084036;SHAPE IT UP
https://www.linkedin.com/company/1250956;Quintessences (centre fermé)
https://www.linkedin.com/company/53082748;Fibre-Running
https://www.linkedin.com/company/68321948;Fit by Mademoiselle V.
https://www.linkedin.com/company/76556524;Nelly Bouillon Sophrologue Formatrice
https://www.linkedin.com/company/68191476;Happy Cells - Molécules de signalisation Redox
https://www.linkedin.com/company/815932;ATOMGYM
https://www.linkedin.com/company/51145480;RE-SOURCES JURA
https://www.linkedin.com/company/54081088;Hypnose régressive et Reiki
https://www.linkedin.com/company/68813204;Naturhouse La Chapelle sur Erdre
https://www.linkedin.com/company/83067172;Dagault Patricia
https://www.linkedin.com/company/77058412;Maison des Marronniers
https://www.linkedin.com/company/91579680;AURA (JUICE PARIS)
https://www.linkedin.com/company/87251940;Twins Qi Gong
https://www.linkedin.com/company/23767028;Clarisse J-A Conseil Aloe
https://www.linkedin.com/company/70452812;Céline TAIEB
https://www.linkedin.com/company/67351688;La Maison Du Gel
https://www.linkedin.com/company/35660448;DMcoaching
https://www.linkedin.com/company/11251688;TSAEY
https://www.linkedin.com/company/69192296;Maison Madame
https://www.linkedin.com/company/25881764;L&SENS
https://www.linkedin.com/company/19074092;Ugo
https://www.linkedin.com/company/2943500;Air Detox
https://www.linkedin.com/company/18662788;Centre Tao Paris
https://www.linkedin.com/company/11154968;Upself
https://www.linkedin.com/company/71596788;L'Annuaire du Burnout
https://www.linkedin.com/company/68696668;Brushme Paris
https://www.linkedin.com/company/30639204;Réflexologie Corine Mozet
https://www.linkedin.com/company/28561508;ASSOCIATION - SANTE DU MONDE
https://www.linkedin.com/company/26256208;Argos HDI
https://www.linkedin.com/company/77154188;L'Or Institut
https://www.linkedin.com/company/80413624;Les massages de Jeanne
https://www.linkedin.com/company/71519304;INSPIRE-E
https://www.linkedin.com/company/35649764;Institut Aurore Beaute
https://www.linkedin.com/company/84074804;Indicali
https://www.linkedin.com/company/69066192;Urban Body Project
https://www.linkedin.com/company/69239404;PaleoViking Nutrithérapie
https://www.linkedin.com/company/18727212;Keep Cool Les Clayes
https://www.linkedin.com/company/28859084;Cabinet Ostéopathe Paris 16 / 5 rue Copernic
https://www.linkedin.com/company/37180652;Équilibre Yoga Santé
https://www.linkedin.com/company/79686652;Face-to-Face / Le Yoga du Visage
https://www.linkedin.com/company/53101696;Turtle Letters
https://www.linkedin.com/company/26320468;Se nourrir se soigner
https://www.linkedin.com/company/23608520;Pipolino
https://www.linkedin.com/company/28179240;So House Nice
https://www.linkedin.com/company/76148784;Sophie Rakoto Yoga
https://www.linkedin.com/company/74556188;Neurofluence
https://www.linkedin.com/company/77096220;MMAD13.EU
https://www.linkedin.com/company/67744800;Penn'Ty Massages
https://www.linkedin.com/company/1657668;Chrysaligne
https://www.linkedin.com/company/26416448;Sens du Corps
https://www.linkedin.com/company/13044644;V Concept Nutrition
https://www.linkedin.com/company/69099212;Iron BodyFit Franconville
https://www.linkedin.com/company/75052572;YMJ Wellness
https://www.linkedin.com/company/82679532;Lysvie 3C
https://www.linkedin.com/company/11132024;Zing Anything France
https://www.linkedin.com/company/3521220;Voila-Coach
https://www.linkedin.com/company/75772180;Association Mon boudoir Rose
https://www.linkedin.com/company/18334940;Espace Santé Nature
https://www.linkedin.com/company/18397340;Ré-Solutions Soutenables : Reiki & Coaching de vie
https://www.linkedin.com/company/82446748;Laëtitia Massoutier Kinésiologue
https://www.linkedin.com/company/76559004;Isa Sport Santé - Coach Sportif Nantes
https://www.linkedin.com/company/15808460;Roselavie
https://www.linkedin.com/company/34666788;Cabinet de recherche en Harmonie
https://www.linkedin.com/company/27120332;D5 Fitness
https://www.linkedin.com/company/13042516;espace Castelnau
https://www.linkedin.com/company/48879088;Atelier du Souffle & du mouvement/Sophrodanse
https://www.linkedin.com/company/75247044;AquaVexin
https://www.linkedin.com/company/76602092;Bodyhit Rennes-Montparnasse
https://www.linkedin.com/company/11753020;So Zen'Well-Marie
https://www.linkedin.com/company/14777416;Natsuko Shiatsu
https://www.linkedin.com/company/20316440;BEST Commitment
https://www.linkedin.com/company/10977088;Gemaime
https://www.linkedin.com/company/11523212;Mabioca Paris
https://www.linkedin.com/company/77053904;Aurore Shiatsu
https://www.linkedin.com/company/64268244;Hanaë Développement
https://www.linkedin.com/company/18804016;ZEN A ZEN
https://www.linkedin.com/company/28856844;Sokai_officiel
https://www.linkedin.com/company/76149520;Sous les Lauriers
https://www.linkedin.com/company/66264636;Yabanthai
https://www.linkedin.com/company/15210632;Auris Magnetic
https://www.linkedin.com/company/73907872;To Be Top
https://www.linkedin.com/company/53126280;Ataraksy
https://www.linkedin.com/company/27094032;ZenChine
https://www.linkedin.com/company/78992956;Ton Temps
https://www.linkedin.com/company/75247552;My Body Coaching
https://www.linkedin.com/company/26288336;Fitalety
https://www.linkedin.com/company/86667556;à soi • yoga
https://www.linkedin.com/company/77158152;Energies du bonheur
https://www.linkedin.com/company/18900300;Jean-Roch Weiss, l'énergie d'entreprendre
https://www.linkedin.com/company/84038116;Testgpme1bourg
https://www.linkedin.com/company/43343344;Parenthèse Energétique
https://www.linkedin.com/company/72413280;Zen@home
https://www.linkedin.com/company/72535332;Les Subtiles
https://www.linkedin.com/company/13065992;commuteasy
https://www.linkedin.com/company/80299440;CARLANCE PERPIGNAN Institut de beauté
https://www.linkedin.com/company/65454560;MSP Le Pontet
https://www.linkedin.com/company/42768784;keepcool cagnes sur mer
https://www.linkedin.com/company/11695492;TABLELYA
https://www.linkedin.com/company/49491328;Comité départemental de gymnastique du Bas-Rhin
https://www.linkedin.com/company/34685124;Accompagnement Ecologie de soi - Alliance corps coeur esprit
https://www.linkedin.com/company/86099228;Céline Coach Naturo
https://www.linkedin.com/company/27130552;Natural Athlete Club
https://www.linkedin.com/company/55182992;Intermede Douceur
https://www.linkedin.com/company/10937708;BEAUTY BIKE
https://www.linkedin.com/company/72691548;ESPRIT CRYO
https://www.linkedin.com/company/75623152;La Bonne Myrtille
https://www.linkedin.com/company/89590564;Equi bains
https://www.linkedin.com/company/77246428;LA MAISON PIA
https://www.linkedin.com/company/91517348;Ma Séance Privée
https://www.linkedin.com/company/29324988;Shiatsu Nomade
https://www.linkedin.com/company/18693924;Claire Tardy YOGA
https://www.linkedin.com/company/76149148;PATATE
https://www.linkedin.com/company/26232572;Médial Diététique
https://www.linkedin.com/company/85893160;Ama
https://www.linkedin.com/company/45695852;JAQUET FITNESS
https://www.linkedin.com/company/10986876;Oser-Être
https://www.linkedin.com/company/87195276;Coach Corner
https://www.linkedin.com/company/85610060;Aurélie MOREL - Acti Mouv Prévention
https://www.linkedin.com/company/73259712;MenSquare
https://www.linkedin.com/company/71397216;Belmaïa
https://www.linkedin.com/company/91504800;Chrysalid 2.0
https://www.linkedin.com/company/70541088;mybodo
https://www.linkedin.com/company/88154744;HTC Santé Rouen
https://www.linkedin.com/company/64885760;ORIOS by Health Design Creations
https://www.linkedin.com/company/70991048;Aloe Bienêtre
https://www.linkedin.com/company/85607748;Régénère & Sens Spécialiste Maladie de Parkinson
https://www.linkedin.com/company/11190316;FILIA
https://www.linkedin.com/company/82399396;Le Singulier Universel
https://www.linkedin.com/company/28891780;Autour de Soi
https://www.linkedin.com/company/38079756;L'Instant Zen Sylvia
https://www.linkedin.com/company/19213524;OMYBUMP
https://www.linkedin.com/company/20292088;Ergonoma
https://www.linkedin.com/company/9251884;Manuka Matata
https://www.linkedin.com/company/80019820;Patricia Le Brecq Sophrologie
https://www.linkedin.com/company/85969592;OASIS DES EMOTIONS
https://www.linkedin.com/company/69755740;Sophrologie Caycédienne Toulouse
https://www.linkedin.com/company/80153620;InviCibles
https://www.linkedin.com/company/71652188;Home Yoga Paris
https://www.linkedin.com/company/3112076;Team Synergie Alliance
https://www.linkedin.com/company/79001388;Christelle Loquette Réflexologue
https://www.linkedin.com/company/72543112;LovaPets
https://www.linkedin.com/company/36168576;Art Esthétique 01
https://www.linkedin.com/company/10950380;Nù Pharma
https://www.linkedin.com/company/3515436;AAC Label
https://www.linkedin.com/company/42342064;Harmony Pilates coaching
https://www.linkedin.com/company/74075332;Cédric Grataloup - Massage S
https://www.linkedin.com/company/42173712;Vivre Mieux Sa Vie
https://www.linkedin.com/company/70866828;Superbanane
https://www.linkedin.com/company/70381452;POTENTIEL - Massages
https://www.linkedin.com/company/18705512;Chill Power
https://www.linkedin.com/company/86185712;NEW WAY Solution
https://www.linkedin.com/company/10293840;Up'Forme
https://www.linkedin.com/company/11261516;Sports Mooves
https://www.linkedin.com/company/85877892;mindbow
https://www.linkedin.com/company/72106128;Bloom Loops
https://www.linkedin.com/company/34705332;Au Coaching !
https://www.linkedin.com/company/10563920;Groupe d'Usagers de la Santé - Houilles
https://www.linkedin.com/company/27111460;C'est Bio
https://www.linkedin.com/company/70886824;Sandrine Boillat Naturopathe
https://www.linkedin.com/company/44930980;GRAILLE EMMANUELLE
https://www.linkedin.com/company/12593708;Serenizen.fr
https://www.linkedin.com/company/87240672;Happy 2B
https://www.linkedin.com/company/76983580;Senfina Clinic
https://www.linkedin.com/company/72123300;NaturoGem - Sébastien Guillet Naturopathe
https://www.linkedin.com/company/18524888;YSBE
https://www.linkedin.com/company/1917532;Brice Louarn Wellness Fashion Studio Paris
https://www.linkedin.com/company/78416244;Annadrenaline Coaching
https://www.linkedin.com/company/79445968;Sarah Parentalité
https://www.linkedin.com/company/10819952;Adapt-iV
https://www.linkedin.com/company/67762288;Compet' Box
https://www.linkedin.com/company/80064920;KODOC
https://www.linkedin.com/company/79311576;CG Optic
https://www.linkedin.com/company/67701708;amañ
https://www.linkedin.com/company/75217328;Renéessence
https://www.linkedin.com/company/72418700;Hypnagogia.Paris
https://www.linkedin.com/company/71481392;Aurélie Contamine Naturopathe
https://www.linkedin.com/company/444464;NATURALOR
https://www.linkedin.com/company/80302828;Cabourg Optic
https://www.linkedin.com/company/66641260;Rachel Natureandco
https://www.linkedin.com/company/27210028;Mon Beau Miroir
https://www.linkedin.com/company/71144348;Corinne Lasné Naturopathe & Coach
https://www.linkedin.com/company/89649620;WAVEES
https://www.linkedin.com/company/67970184;My Fit Work : sport en entreprise
https://www.linkedin.com/company/45635568;CryoActiv
https://www.linkedin.com/company/37431444;VIP Vision intensité persévérance
https://www.linkedin.com/company/11051668;Panda Flex
https://www.linkedin.com/company/68516992;Eveil des sens Evreux
https://www.linkedin.com/company/80064012;L'Art du Chanvre
https://www.linkedin.com/company/8876548;Sophro’training
https://www.linkedin.com/company/89295976;FITGEARPARIS
https://www.linkedin.com/company/79573796;Lumines'sens
https://www.linkedin.com/company/53387648;Psycho-Somatothérapeute
https://www.linkedin.com/company/75171796;PARLERMAINS
https://www.linkedin.com/company/19113892;LES PLURI ELLES
https://www.linkedin.com/company/83556560;Vita'Laeti
https://www.linkedin.com/company/68527948;Yasmina chogan
https://www.linkedin.com/company/64262556;Association Corps à Coeur
https://www.linkedin.com/company/30646108;Smart GG
https://www.linkedin.com/company/5210696;Réflex'Attitude
https://www.linkedin.com/company/71315756;Lopez Erika-Kinésiologue-Masseuse
https://www.linkedin.com/company/11451340;Neomama
https://www.linkedin.com/company/75008680;Pharmanath
https://www.linkedin.com/company/18547760;Mathilde Plassard Feng Shui
https://www.linkedin.com/company/11871252;Zen-Line institut
https://www.linkedin.com/company/11270484;Coach cyborg
https://www.linkedin.com/company/11091440;Chiro Évolution
https://www.linkedin.com/company/22346428;Nuskin1
https://www.linkedin.com/company/19192188;AU TEMPS POUR MOI
https://www.linkedin.com/company/81675736;FeelGood CBD
https://www.linkedin.com/company/91558900;Mademoiselle R0SE
https://www.linkedin.com/company/18886716;MassMe
https://www.linkedin.com/company/10823156;Kip Coaching
https://www.linkedin.com/company/87994124;Azenka SPA Suresnes
https://www.linkedin.com/company/74998524;Inphobia
https://www.linkedin.com/company/19028920;Prev'Expert
https://www.linkedin.com/company/11177284;Ma Pause Ostéo
https://www.linkedin.com/company/12595328;Cocoon & Vous
https://www.linkedin.com/company/14780380;Équilibre Coaching Sportif
https://www.linkedin.com/company/11203108;Naturohappy
https://www.linkedin.com/company/66588236;Anaislm_bienetre
https://www.linkedin.com/company/15216504;NENBE
https://www.linkedin.com/company/71727568;TagGedeon
https://www.linkedin.com/company/12629020;Ma Sophro Bonheur
https://www.linkedin.com/company/42689192;Le chemin de Zolélie
https://www.linkedin.com/company/28975336;Changer Aujourd'hui
https://www.linkedin.com/company/13063924;Millescence
https://www.linkedin.com/company/71511504;Je Soigne mon Assiette
https://www.linkedin.com/company/76915044;Mademoi-Zen
https://www.linkedin.com/company/67971616;Ubun2FIT
https://www.linkedin.com/company/11163740;Rêve d'Aloé
https://www.linkedin.com/company/66576456;Yoann - luniverssoi
https://www.linkedin.com/company/49835392;Villaforme
https://www.linkedin.com/company/91476416;Douce Ligne
https://www.linkedin.com/company/86136788;S'Prit Yoga Aube
https://www.linkedin.com/company/79646252;feel.
https://www.linkedin.com/company/71200516;Le Comptoir Oriental
https://www.linkedin.com/company/35522764;Clarence
https://www.linkedin.com/company/11359484;Chacha Madmoiselle is doing Yoga
https://www.linkedin.com/company/24992968;AVENIR CONCEPT
https://www.linkedin.com/company/89919276;Mao Therapy Pro
https://www.linkedin.com/company/72605336;Laurence Arola
https://www.linkedin.com/company/38120972;Connect+ Santé Forme
https://www.linkedin.com/company/34963804;Agence Héroport Coaching
https://www.linkedin.com/company/86953016;Fit And Fierce
https://www.linkedin.com/company/86678656;LM Massages Relaxation
https://www.linkedin.com/company/42347828;Belle à la campagne
https://www.linkedin.com/company/34684608;Réveillance
https://www.linkedin.com/company/83868328;Gwenaëlle Thomas-Jorion
https://www.linkedin.com/company/76102248;Beauté d'Ame BDA by Charlotte
https://www.linkedin.com/company/7070900;Espace Wu Wei
https://www.linkedin.com/company/80143424;My Neuro Ressource
https://www.linkedin.com/company/74445696;Caroline Holef Nutritherapie
https://www.linkedin.com/company/64264092;CHILL By Brice Pellerin
https://www.linkedin.com/company/36981072;Violaine Maincent Kinésiologie Brain Gym
https://www.linkedin.com/company/10604508;MyCospara
https://www.linkedin.com/company/76151024;INside by I
https://www.linkedin.com/company/89290804;Marine Private Wellness
https://www.linkedin.com/company/85950204;Myhapiness
https://www.linkedin.com/company/35434000;Judith CAMPY
https://www.linkedin.com/company/28630284;THAM SCO - K'IHOME
https://www.linkedin.com/company/18427448;YSSENSYA
https://www.linkedin.com/company/89789120;L'Empreinte
https://www.linkedin.com/company/83932880;Onda Buena
https://www.linkedin.com/company/42334768;Mug Chauffant
https://www.linkedin.com/company/28144800;relaXYoo.com
https://www.linkedin.com/company/12995340;SLALOM
https://www.linkedin.com/company/11492608;Sud Aqua Spas _SAS 2T
https://www.linkedin.com/company/64653540;Biody-Qi E.I.
https://www.linkedin.com/company/91638272;Sublime Paris
https://www.linkedin.com/company/86755092;Séréna
https://www.linkedin.com/company/79288772;MariaAngeles Meditation
https://www.linkedin.com/company/67735300;Andy Alex
https://www.linkedin.com/company/37555932;Obunti
https://www.linkedin.com/company/22326564;Reflex-essentiel
https://www.linkedin.com/company/15809372;BEST FIT BORDEAUX
https://www.linkedin.com/company/26437312;LE SPA ORLÉANS
https://www.linkedin.com/company/89645660;Marie-Hélène CLEREMPUY
https://www.linkedin.com/company/88645376;OXY'being
https://www.linkedin.com/company/83993648;Les Luminaissantes
https://www.linkedin.com/company/70386912;Les bienfaits de l'Indonésie
https://www.linkedin.com/company/38085352;Les Sens Mêmes
https://www.linkedin.com/company/35439364;Confortablement.com
https://www.linkedin.com/company/31416236;3000 Nuances chez Christèle
https://www.linkedin.com/company/76971836;GAYA - Genevieve MALIM
https://www.linkedin.com/company/86326760;Ines Lamour
https://www.linkedin.com/company/75166156;BOOST YOUR BREATH
https://www.linkedin.com/company/68792912;GREVILLE SOPHIE
https://www.linkedin.com/company/11843876;Evolu'heur
https://www.linkedin.com/company/25390112;ELIXIR VITAE
https://www.linkedin.com/company/49799912;SWISS CRYOTHERAPY DIJON
https://www.linkedin.com/company/7951220;Lou de Vitry
https://www.linkedin.com/company/26339860;DIGISVELTE - L'accompagnement au Mieux-Être
https://www.linkedin.com/company/11240740;Wellness by Jasmin
https://www.linkedin.com/company/25790052;WELLNESS INTERNATIONAL CONCEPT
https://www.linkedin.com/company/25231632;Jimmy Jarnet Wellness Design
https://www.linkedin.com/company/47556248;L'APPART WELLNESS
https://www.linkedin.com/company/11752548;Hands of Art and Wellness
https://www.linkedin.com/company/26305472;LE CENTRE WELLNESS
https://www.linkedin.com/company/26051324;MISS M, BEAUTY & WELLNESS
https://www.linkedin.com/company/71243936;EmmasYoga
https://www.linkedin.com/company/18345120;Lady Concept - fitness 100% femmes
https://www.linkedin.com/company/11010584;MyDocTool
https://www.linkedin.com/company/72717288;Bioreson8
https://www.linkedin.com/company/43258612;THERHAPPY Nutrition
https://www.linkedin.com/company/53083820;KicXstart Health
https://www.linkedin.com/company/50907580;AIR'FITNESS
https://www.linkedin.com/company/84001016;Vitality Kitchen
https://www.linkedin.com/company/25635912;ATHLETIC COACH
https://www.linkedin.com/company/28642272;KHELE Consultancy
https://www.linkedin.com/company/25569028;ESTH'ELLE BEAUTE
https://www.linkedin.com/company/2792032;MENDY-ZEN
https://www.linkedin.com/company/25937460;Veggie Magnifique
https://www.linkedin.com/company/25871968;ALLIN TENNIS ACADEMY
https://www.linkedin.com/company/25252348;Bambloo ACTION BEAUTE SAS
https://www.linkedin.com/company/28991552;PowerZen by Cloe
https://www.linkedin.com/company/25589796;OXALYDE SANTE
https://www.linkedin.com/company/85861692;Renessence Gourmet
https://www.linkedin.com/company/53626072;Flow Jiu Jitsu
https://www.linkedin.com/company/86966992;Natural Flex
https://www.linkedin.com/company/7064552;Optident Plus
https://www.linkedin.com/company/26450168;Dorette Russo
https://www.linkedin.com/company/9115952;SAFE SAS
https://www.linkedin.com/company/75232592;US Bourgbarré Foot
https://www.linkedin.com/company/26724108;SOURCES D'AILLEURS
https://www.linkedin.com/company/45108392;Dojo Shiseikan Paris
https://www.linkedin.com/company/25209020;ESTEREL MINCEUR ET SANTE
https://www.linkedin.com/company/25554440;LILAM
https://www.linkedin.com/company/49514452;IP-MARSEILLE
https://www.linkedin.com/company/25778228;"Catherine Malpas ""Eat well, be fit !"""
https://www.linkedin.com/company/85134972;VERTICALITY STUDIO
https://www.linkedin.com/company/75280004;SBA CRYO ELECTRO
https://www.linkedin.com/company/46752060;Golf Educatif de Douai
https://www.linkedin.com/company/25707272;BRITOMART
https://www.linkedin.com/company/46922020;U.S.A. GYM
https://www.linkedin.com/company/75223008;Ô Spa des Sens
https://www.linkedin.com/company/26163468;AROMA SPA INSTITUT
https://www.linkedin.com/company/26134560;SPA MINCEUR ET BEAUTE
https://www.linkedin.com/company/26091248;PASSIONATA SPORTS
https://www.linkedin.com/company/18581604;Spa-Tech-Us
https://www.linkedin.com/company/19186188;Webcare Group
https://www.linkedin.com/company/42682576;CBD Sport
https://www.linkedin.com/company/28654076;FiTR
https://www.linkedin.com/company/11065544;Y Club Manchester
https://www.linkedin.com/company/2064644;Ineedpampering.com
https://www.linkedin.com/company/79455072;Remote Coaches
https://www.linkedin.com/company/28392312;Aiverley Wellness
https://www.linkedin.com/company/35530888;Upward Frog CIC
https://www.linkedin.com/company/11452604;Mahana spa et institut
https://www.linkedin.com/company/21492648;Ysbyty Glan Clwyd
https://www.linkedin.com/company/71264352;Sharp Performance and Nutrition
https://www.linkedin.com/company/18867512;Crazy Creative Cool
https://www.linkedin.com/company/70610156;Esthéva Spa
https://www.linkedin.com/company/70469660;Wellbeing Umbrella
https://www.linkedin.com/company/12023196;Bridgewater Wellness Clinic
https://www.linkedin.com/company/78207548;CF ORGANIC WELLNESS
https://www.linkedin.com/company/10064692;Cariad Yoga
https://www.linkedin.com/company/15206936;Kalu Organics Health is Wealth Products
https://www.linkedin.com/company/5446004;LITTLE BOX GYM
https://www.linkedin.com/company/67256956;Sarah Elisabeth Coaching
https://www.linkedin.com/company/5540864;IID YOGA LIMITED
https://www.linkedin.com/company/18077776;Panda Nourishment®
https://www.linkedin.com/company/43252044;WellBeing Partner
https://www.linkedin.com/company/73193196;I Challenge Myself Awards
https://www.linkedin.com/company/48015640;SPA CENTER LILLE
https://www.linkedin.com/company/44463656;WELLNESS ARENA
https://www.linkedin.com/company/72682740;Femme TOTEM®
https://www.linkedin.com/company/25244368;SKIN&SENS
https://www.linkedin.com/company/79927348;IDEOSPA Valence
https://www.linkedin.com/company/25222048;ESPACE SPA BIEN ETRE
https://www.linkedin.com/company/26792532;INSTITUT SPA NATUR'ELLE
https://www.linkedin.com/company/11244641;Hotel Chais Monnet & Spa
https://www.linkedin.com/company/11399900;Bernard Loiseau
https://www.linkedin.com/company/79340795;Roz Marine Thalasso Perros-Guirec
https://www.linkedin.com/company/11188094;Cures Marines Hôtel & Spa Trouville MGallery Collection
https://www.linkedin.com/company/86214479;Spa Marin Du Val André ****
https://www.linkedin.com/company/10981686;Le Richebourg - Hôtel, Restaurant, Spa, Jardin
https://www.linkedin.com/company/28658756;La Ferme Saint Siméon***** - Relais & Châteaux
https://www.linkedin.com/company/1061230;Grand-Hôtel du Cap-Ferrat, A Four Seasons Hotel
https://www.linkedin.com/company/2403949;Le Mas Candille Hotel, Spa & Restaurant.
https://www.linkedin.com/company/18593228;Le Domaine du Mas de Pierre
https://www.linkedin.com/company/898339;Blake's Hospitality
https://www.linkedin.com/company/89224259;Anantara Plaza Nice Hotel
https://www.linkedin.com/company/11051101;Mouratoglou Hotel & Resort
https://www.linkedin.com/company/1212595;JIVA HILL RESORT, Relais & Châteaux
https://www.linkedin.com/company/89221559;Canopy by Hilton Cannes
https://www.linkedin.com/company/10603844;Five Seas by Inwood Hotels
https://www.linkedin.com/company/83995620;Le 1932 Hotel & Spa - MGallery Collection
https://www.linkedin.com/company/18910815;Phoenix Hotel Collection
https://www.linkedin.com/company/70395849;Hôtels La Villa
https://www.linkedin.com/company/5022208;Hôtel de Paris
https://www.linkedin.com/company/1664281;Groupe ResidHotel
https://www.linkedin.com/company/92724083;Hôtel & Spa Belle Plage
https://www.linkedin.com/company/51120983;Cap Estel Hotel
https://www.linkedin.com/company/79159123;Royal Mougins Golf Resort
https://www.linkedin.com/company/104903106;Major Domo
https://www.linkedin.com/company/2020331;Eden Hôtel & Spa**** Cannes
https://www.linkedin.com/company/84934685;Villa Castellane Hôtel & Spa ****
https://www.linkedin.com/company/1866862;Le Pré Catelan
https://www.linkedin.com/company/11028077;Domaine de Barive
https://www.linkedin.com/company/86038207;Best Western Plus Elixir Grasse
https://www.linkedin.com/company/48229250;Spa Royal Mougins Golf resort
https://www.linkedin.com/company/87234672;Le Domaine de Blangy
https://www.linkedin.com/company/75046878;Hôtel La Lune de Mougins
https://www.linkedin.com/company/80958603;Domaine de la Cascade Parfumée
https://www.linkedin.com/company/90644054;Pure Montagne Resort & SPA
https://www.linkedin.com/company/11249660;THE ORIGINALS Boutique Hotels Montluçon
https://www.linkedin.com/company/37228324;HOTEL CANNES MONTFLEURY
https://www.linkedin.com/company/106548168;Mille100-47 Ubaye Base Camp
https://www.linkedin.com/company/109269997;Monsigny Hôtel & Appartements
https://www.linkedin.com/company/10422872;Lavorel Hotels
https://www.linkedin.com/company/11010042;Arteloge Hôtels & Restaurants
https://www.linkedin.com/company/11864679;La Folie Douce Hotels Chamonix
https://www.linkedin.com/company/10956611;Groupe PVG
https://www.linkedin.com/company/9273846;Assas Hotels
https://www.linkedin.com/company/14841100;Domaine de Marlioz - Aix-les-Bains - Savoie
https://www.linkedin.com/company/3568550;Hôtel Les Trésoms, Annecy
https://www.linkedin.com/company/79379668;Four Seasons Resort Megève
https://www.linkedin.com/company/12647437;Armancette
https://www.linkedin.com/company/76733113;Rivage Hotel & Spa Annecy
https://www.linkedin.com/company/78697634;Groupe EPIKUR
https://www.linkedin.com/company/9389143;Impérial Palace Annecy
https://www.linkedin.com/company/7202519;HÔTEL LES BARMES DE L'OURS - Relais & Châteaux
https://www.linkedin.com/company/18487103;Fouquet's Courchevel
https://www.linkedin.com/company/49556241;Beauvallon Collection
https://www.linkedin.com/company/69742274;BEYOND PLACES
https://www.linkedin.com/company/33244480;Best Mont-Blanc
https://www.linkedin.com/company/28862846;Le Coucou Méribel
https://www.linkedin.com/company/18892562;DoubleTree by Hilton Lyon Eurexpo
https://www.linkedin.com/company/14797770;Hôtel Cœur de Megève
https://www.linkedin.com/company/1227449;TEMMOS HOTELS
https://www.linkedin.com/company/14807898;Hôtels Mona Collection
https://www.linkedin.com/company/3350736;Heliopic Hotel & Spa
https://www.linkedin.com/company/25562434;ALP'AZUR HOTELS
https://www.linkedin.com/company/31456615;domaine Dolomieu
https://www.linkedin.com/company/11390092;Grand Hôtel & Spa Uriage ****
https://www.linkedin.com/company/9321143;Vichy Spa International
https://www.linkedin.com/company/13029300;Maison Tournier
https://www.linkedin.com/company/13979576;Le Riviera - Hôtel, Restaurant & Spa ****
https://www.linkedin.com/company/25060082;VILLA MAÏA
https://www.linkedin.com/company/26674736;Aman Le Mélézin
https://www.linkedin.com/company/74481545;YTSO Agence de conseils en Yield
https://www.linkedin.com/company/66201183;Golden Tulip & Kyriad Lyon Ouest Hôtel & Spa
https://www.linkedin.com/company/10698697;Sunêlia
https://www.linkedin.com/company/69773635;HOTEL ALTAPURA*****
https://www.linkedin.com/company/28927596;Hôtel Le Diamond Rock Lodge *****
https://www.linkedin.com/company/10637188;Hôtel Le Cinq Chambéry Hyper Centre ****
https://www.linkedin.com/company/105257296;Hôtel Lyon Métropole & Spa
https://www.linkedin.com/company/18584438;FLOCONS DE SEL
https://www.linkedin.com/company/11381678;Hôtel & Spa Le Pavillon
https://www.linkedin.com/company/80957647;Alexander Park Chambery ****
https://www.linkedin.com/company/68861473;Grand Hôtel Soleil d'Or
https://www.linkedin.com/company/18820410;M de Megève
https://www.linkedin.com/company/33207938;Hôtel Le Kaïla***** Méribel
https://www.linkedin.com/company/27056036;Le Hameau Albert 1er, Hôtel, Restaurants & Spa, Chamonix
https://www.linkedin.com/company/105139942;Chalets du Mont d'Arbois
https://www.linkedin.com/company/18491357;St-Alban Hotel & Spa
https://www.linkedin.com/company/11146337;Domaine de Divonne - Groupe Partouche
https://www.linkedin.com/company/14871403;MILDISS Hôtel???? Restaurant & Spa - BW Signature Collection
https://www.linkedin.com/company/80723666;WINCH
https://www.linkedin.com/company/14791109;Ecrin Blanc, Resort ****, Courchevel
https://www.linkedin.com/company/11133705;Cottage Bise
https://www.linkedin.com/company/11246724;LE YULE 5* HOTEL & SPA - Val d'Isère
https://www.linkedin.com/company/11220954;Alpina Eclectic Hotel Chamonix
https://www.linkedin.com/company/47573251;Hôtel Carlton Lyon - MGallery Collection
https://www.linkedin.com/company/3659171;Hôtel Chalet Mounier
https://www.linkedin.com/company/70467933;Amazon Creek
https://www.linkedin.com/company/18949694;Antarès - Méribel
https://www.linkedin.com/company/40935734;Les Voiles du Grand Large
https://www.linkedin.com/company/33206966;Hôtel La Chaudanne**** Méribel
https://www.linkedin.com/company/11296613;Araucaria Hotel & Spa
https://www.linkedin.com/company/22317978;Château des Ayes - Hotel, Bar, Restaurant, SPA & evènements
https://www.linkedin.com/company/15225509;Chalet Hôtel 4* La Marmotte, La Tapiaz & Spa Séréni-Cimes
https://www.linkedin.com/company/26958117;Totem, Friendly Hotel
https://www.linkedin.com/company/108743948;Six Senses Residences Courchevel
https://www.linkedin.com/company/86019761;Auberge d'Aillon & d'Ailleurs
https://www.linkedin.com/company/10936526;Chalets de Cœur - Groupe CGH Résidences & Spas
https://www.linkedin.com/company/93331591;Lykke Slow Hôtel & Spa Chamonix
https://www.linkedin.com/company/92726676;Hotel Miura
https://www.linkedin.com/company/38138851;Sancy Resort
https://www.linkedin.com/company/47815700;Hôtel Kyriad Prestige - Lyon Est - Eurexpo
https://www.linkedin.com/company/79655435;Refuge de la Traye
https://www.linkedin.com/company/112233545;Parkest Hôtel & Spa
https://www.linkedin.com/company/77755890;LA MAISON ROUGE
https://www.linkedin.com/company/87197896;La Cachette, Friendly Hotel
https://www.linkedin.com/company/10975020;Hôtel & Spa Le Dahu - Morzine
https://www.linkedin.com/company/19019439;Hotel MiL8****
https://www.linkedin.com/company/11166426;Park Hôtel Suisse & Spa ****
https://www.linkedin.com/company/107455912;L'Enclos du Soleil le Vent
https://www.linkedin.com/company/86322986;Altitude résidences
https://www.linkedin.com/company/83796110;Domaine Utah Beach
https://www.linkedin.com/company/10097870;Hôtel le Savoy Meribel
https://www.linkedin.com/company/42376955;Hosting Services Lyon
https://www.linkedin.com/company/89631952;Château Les Oliviers de Salettes
https://www.linkedin.com/company/11193815;Hotel L'Aigle des Neiges ****
https://www.linkedin.com/company/55176833;Les Gentianettes - Hôtel **** Resort
https://www.linkedin.com/company/105509974;Grand Hôtel du Parc - Aix les Bains
https://www.linkedin.com/company/101921618;Hôtel Marina Adelphia
https://www.linkedin.com/company/110315050;Resort Golf Château de Salles - Vézac
https://www.linkedin.com/company/10532516;PARK HOTEL GRENOBLE - MGALLERY****
https://www.linkedin.com/company/107968943;Hôtel Princesse Flore *****
https://www.linkedin.com/company/100204683;BIG SKY HOTEL
https://www.linkedin.com/company/47566412;Hôtel Carlina
https://www.linkedin.com/company/53511719;Restaurant 1647
https://www.linkedin.com/company/29275573;Village Tipi
https://www.linkedin.com/company/108777033;Domaine des Terres Noires
https://www.linkedin.com/company/49561885;Camping Le Ranc Davaine
https://www.linkedin.com/company/45719641;Aluna Vacances
https://www.linkedin.com/company/45466826;Hôtel Vichy Célestins Spa
https://www.linkedin.com/company/71099398;Hôtel L'Hélios & Spa
https://www.linkedin.com/company/14009114;Les Granges d'en Haut
https://www.linkedin.com/company/18736575;Hôtel les Servages d'Armelle
https://www.linkedin.com/company/71076480;Hôtel Le Chalet
https://www.linkedin.com/company/10983101;Residence & Spa Vallorcine Mont-Blanc*****
https://www.linkedin.com/company/28835771;Hôtel Les Chalets de Philippe Chamonix Mont-Blanc
https://www.linkedin.com/company/108486030;Chalet de la Villette
https://www.linkedin.com/company/103715459;Hôtel Alparena**** & Spa
https://www.linkedin.com/company/11094452;Forme-hotel & Spa Montpellier
https://www.linkedin.com/company/4982335;Les Sources de Caudalie
https://www.linkedin.com/company/74062036;EMERIA Dinard Hôtel Thalasso & Spa
https://www.linkedin.com/company/3857188;Domaine de Verchant Hôtel & Spa 5* Relais & Châteaux
https://www.linkedin.com/company/3161995;InterContinental Bordeaux - Le Grand Hotel
https://www.linkedin.com/company/2479382;Les Thermes Marins de Saint-Malo
https://www.linkedin.com/company/16262284;Hôtel Castelbrac
https://www.linkedin.com/company/18908019;VICARTEM
https://www.linkedin.com/company/20559858;Beautiful Life Hotels
https://www.linkedin.com/company/76149095;Balthazar Hotel & Spa - MGallery Collection
https://www.linkedin.com/company/318932;Domaine & Demeure
https://www.linkedin.com/company/95971189;MASSANE - HORIZON RESORT
https://www.linkedin.com/company/993692;Appart'City
https://www.linkedin.com/company/11015752;ARRELIA
https://www.linkedin.com/company/40949884;Château Gassies
https://www.linkedin.com/company/10254574;Le Boutique Hôtel & Spa 5* Bordeaux
https://www.linkedin.com/company/20318965;Domaine de Cicé-Blossac
https://www.linkedin.com/company/3100962;DISINI Hôtel - Restaurant - Spa (The Originals Relais)
https://www.linkedin.com/company/12980846;Hôtel Plage Palace
https://www.linkedin.com/company/51447537;Le Grand Hôtel des Thermes
https://www.linkedin.com/company/20312710;Le Nessay - Saint Briac
https://www.linkedin.com/company/30727983;Le Palais Gallien Hôtel & Spa
https://www.linkedin.com/company/36084069;Villas Foch - Boutique Hôtel & Spa 5*
https://www.linkedin.com/company/42078146;Château Hôtel Grand Barrail
https://www.linkedin.com/company/27167687;Chateau St Pierre de Serjac
https://www.linkedin.com/company/49188304;Domaine du Ferret - Restaurant & Spa
https://www.linkedin.com/company/93779811;Château Léognan
https://www.linkedin.com/company/50820558;Hôtel le Nouveau Monde
https://www.linkedin.com/company/77073848;Forstyle Hôtels Collection
https://www.linkedin.com/company/26961668;HOTEL DE SEZE
https://www.linkedin.com/company/104096791;Cabot Bordeaux
https://www.linkedin.com/company/77390960;Hôtel Le M & Spa by Hôtels & Préférence
https://www.linkedin.com/company/90622592;Hôtel La Plage
https://www.linkedin.com/company/30705334;Camping Sunêlia Les Sablons
https://www.linkedin.com/company/25881749;Hôtel La Zoologie
https://www.linkedin.com/company/86624625;Ha(a)ïtza ***** Pyla sur Mer
https://www.linkedin.com/company/28395820;Best Western Plus Hôtel Isidore**** & La Cocotte d'Isidore
https://www.linkedin.com/company/25914120;Le Grand Bé **** Hôtel Restaurant Spa Golden Tulip
https://www.linkedin.com/company/28919426;Le Domaine de Baulieu
https://www.linkedin.com/company/11378791;Yelloh Village Les Grands Pins
https://www.linkedin.com/company/11154983;Hôtels Best Western Premier - Bordeaux & Pauillac
https://www.linkedin.com/company/26241079;Le Saint-Antoine Hotel & Spa**** Rennes
https://www.linkedin.com/company/75522350;LJ Hotels & Co.
https://www.linkedin.com/company/42138572;Château Hermitage de Combas
https://www.linkedin.com/company/5226364;Domaine EcÔtelia
https://www.linkedin.com/company/98050048;La Reposée - Hôtel, Restaurant, Séminaires et SPA
https://www.linkedin.com/company/2432352;Sandaya Domaine de La Dragonnière
https://www.linkedin.com/company/44584410;Groupe Raulic
https://www.linkedin.com/company/103446406;Les Vagues Hôtel & Spa
https://www.linkedin.com/company/15840642;Relais de Margaux
https://www.linkedin.com/company/49180803;Domaine du Limonay
https://www.linkedin.com/company/47794151;Mercure Bordeaux Lac
https://www.linkedin.com/company/38106377;Hôtel Côté Sable**** Spa by Clarins
https://www.linkedin.com/company/48073859;MHATEL 30
https://www.linkedin.com/company/100184953;LOST IN SENSATIONS
https://www.linkedin.com/company/71939614;Cottage Parks Méditerranée
https://www.linkedin.com/company/15254143;Hôtel Les Corallines **** - Thalasso Spa La Grande Motte
https://www.linkedin.com/company/26940142;Séritel
https://www.linkedin.com/company/2816170;Golf du Médoc Hôtel & Spa
https://www.linkedin.com/company/87187893;PARENTHESE EN BROCELIANDE
https://www.linkedin.com/company/75770345;Domaine de Cézac
https://www.linkedin.com/company/98391225;La Baignoire Hôtel & Restaurant
https://www.linkedin.com/company/46415179;Hôtel Point France
https://www.linkedin.com/company/70439514;Mercure Montpellier Centre Comédie
https://www.linkedin.com/company/100250079;Hôtel de Paris- Sète
https://www.linkedin.com/company/71519181;Camping Cap Soleil & Spa ****
https://www.linkedin.com/company/98173886;La Maison Mulatô
https://www.linkedin.com/company/35665161;Château Latour Ségur Suites & Spa
https://www.linkedin.com/company/2624091;Belaravera ORGANIC WELLNESS
https://www.linkedin.com/company/28139026;Sunêlia La Pointe du Médoc
https://www.linkedin.com/company/106577083;Camping & Spa L'Océan
https://www.linkedin.com/company/121324199;Maison Littéraire George Sand
https://www.linkedin.com/company/79000613;Le Monastère de Saint-Mont
https://www.linkedin.com/company/47868733;CHM RENE OLTRA
https://www.linkedin.com/company/28534969;Citivie
https://www.linkedin.com/company/25551896;Résidence Reine Marine
https://www.linkedin.com/company/76648573;L'Orangerie de Beauséjour
https://www.linkedin.com/company/12645496;CHÂTEAU DE CLOTTE
https://www.linkedin.com/company/100240058;Hôtel Oré
https://www.linkedin.com/company/106834968;Pure Gardères
https://www.linkedin.com/company/71548081;Hôtel du Porge
https://www.linkedin.com/company/111958930;Château de Grissac - Hotel, restaurant & spa
https://www.linkedin.com/company/103979522;Chateau Bellevue
https://www.linkedin.com/company/70887127;DOMAINE JEAN GOT
https://www.linkedin.com/company/1559075;Pyxis Hospitality
https://www.linkedin.com/company/79903786;MANOIR DE LA NOGRIE
https://www.linkedin.com/company/11154709;L’Auberge du Père Bise - Jean Sulpice
https://www.linkedin.com/company/80376796;Le Saint Gervais Hôtel & Spa Handwritten Collection
https://www.linkedin.com/company/11683299;Hotel Evian-les-Bains by Leonardo Hotels
https://www.linkedin.com/company/10463010;Maison Bouvier
https://www.linkedin.com/company/11217703;Domaine de l'Epau
https://www.linkedin.com/company/68503945;Ours Blanc Hotel & Spa
https://www.linkedin.com/company/68600450;Le Refuge de Solaise
https://www.linkedin.com/company/86592827;The Magic Collection Retreats
https://www.linkedin.com/company/11173532;Hôtel AlpenRuitor
https://www.linkedin.com/company/102355245;Hôtel Black Bass
https://www.linkedin.com/company/26198326;Artyster Le Mans
https://www.linkedin.com/company/77949086;Leprince Hôtel Spa
https://www.linkedin.com/company/11114865;Best Western Plus Excelsior Chamonix Hôtel & Spa****
https://www.linkedin.com/company/1962525;La Haute Forge
https://www.linkedin.com/company/93608979;Sure Hotel By Best Western Annecy
https://www.linkedin.com/company/35593739;Domaine de Marlioz - Aix-les-Bains
https://www.linkedin.com/company/10904763;Chamois d'Or Hotel & Spa
https://www.linkedin.com/company/110598958;Megève Bois
https://www.linkedin.com/company/100019525;Le Rooftop Chalet Meribel
https://www.linkedin.com/company/3011535;Grand Hôtel des Thermes ****
https://www.linkedin.com/company/92932364;Hôtel Cœur de Maurienne
https://www.linkedin.com/company/11208453;Village Les Armaillis ****
https://www.linkedin.com/company/80194187;Magic Megève
https://www.linkedin.com/company/92702354;Hôtel La Roche
https://www.linkedin.com/company/110382246;CRYCHAR luxury boutique hotel&SPA****
https://www.linkedin.com/company/76137891;Victoria Lodge, Friendly Hotel
https://www.linkedin.com/company/86897001;Auberge de l'Orangerie, BW Signature Collection
https://www.linkedin.com/company/77069123;Gîte le Bellacha
https://www.linkedin.com/company/25916331;CAMPING LA FERME
https://www.linkedin.com/company/102424786;Cap Crystal Lodge
https://www.linkedin.com/company/71673171;Hôtel-Restaurant Neige et Roc Samoëns - The Originals Relais
https://www.linkedin.com/company/10194491;Hotel La Savoyarde
https://www.linkedin.com/company/11102501;Hôtel Les Campanules
https://www.linkedin.com/company/53391992;Les Grands Montets Hôtel & Spa
https://www.linkedin.com/company/96227522;Saint Charles Hôtel et Spa****
https://www.linkedin.com/company/50388336;Best Western Chalet Les Saytels
https://www.linkedin.com/company/19071894;Ecolodge Savoie Mont-Blanc
https://www.linkedin.com/company/101680117;Hôtel Le Jeu de Paume Chamonix
https://www.linkedin.com/company/47877106;Le Catarina
https://www.linkedin.com/company/11456461;Les Balcons du Savoy, Chamonix Mont Blanc
https://www.linkedin.com/company/72168642;Auberge des Glières
https://www.linkedin.com/company/73267943;Cervolan Hotel
https://www.linkedin.com/company/116057000;Sporhotel
https://www.linkedin.com/company/102656761;Le Chalet Hôtel Cordon****
https://www.linkedin.com/company/103116635;Les Bulles du Guiers
https://www.linkedin.com/company/27223004;Hils 4810
https://www.linkedin.com/company/87422445;Gîte l'Avignonnaise
https://www.linkedin.com/company/112182288;Hôtel Les Aiglons 4*
https://www.linkedin.com/company/100128004;Ibis Styles Vitam - St Julien
https://www.linkedin.com/company/115781913;Chalet Les Sources de la Davie
https://www.linkedin.com/company/79302921;Christiania Hôtel
https://www.linkedin.com/company/79060533;Chalet Arpozâ
https://www.linkedin.com/company/85449089;Les Chalets de La Griyotire
https://www.linkedin.com/company/103387949;Chalet Hôtel du Mont Charvin
https://www.linkedin.com/company/136184088;Sol'm Villa & Lodges
https://www.linkedin.com/company/106196423;Maison Caramel
https://www.linkedin.com/company/94214441;Gîte Les Caribous
https://www.linkedin.com/company/65770886;Chambre hôtes : Les Ô d’Annecy
https://www.linkedin.com/company/10564483;La Turquoise Egarée
https://www.linkedin.com/company/105531148;Hôtel Chalet & Spa MONT-BLANC Val d'isère
https://www.linkedin.com/company/112659375;Le Domaine du Petit Tertre
https://www.linkedin.com/company/111115417;La Villa de Paul
https://www.linkedin.com/company/84446440;Le Hameau du Renard Blanc
https://www.linkedin.com/company/25493221;Hôtel Coeur des Neiges
https://www.linkedin.com/company/88001778;L'Outa Hôtel Restaurant Spa - Val Cenis
https://www.linkedin.com/company/10419518;Hôtel Les Côtes*** Résidence Loisirs et Chalets
https://www.linkedin.com/company/18431877;Hotel les Grands Montets
https://www.linkedin.com/company/103965794;Chalet Le ValNess Morzine
https://www.linkedin.com/company/109464047;Lodges Les Murailles
https://www.linkedin.com/company/11307863;Le Menuire Chalet Hotel & Spa
https://www.linkedin.com/company/83810637;Savoy Hôtel Evian
https://www.linkedin.com/company/18784896;Hotel Grands Montets
https://www.linkedin.com/company/112501462;Villa Hubert
https://www.linkedin.com/company/78306330;Chalet Tibos Meribel
https://www.linkedin.com/company/101538515;Granite Mountain Lodge Chamonix
https://www.linkedin.com/company/25788853;LODGE & SPA MOUNTAIN
https://www.linkedin.com/company/107744365;Maison Bellevarde
https://www.linkedin.com/company/47531769;ALP'HOTEL
https://www.linkedin.com/company/111346033;Chalet le Cerf amoureux
https://www.linkedin.com/company/107369328;Hinenaò
https://www.linkedin.com/company/75287623;Le Centre Du Bien-Être
https://www.linkedin.com/company/75313931;La Ferme du Passieu
https://www.linkedin.com/company/25675870;PARK HOTEL SUISSE & SPA
https://www.linkedin.com/company/46513340;Les Aiglons Resort & Spa
https://www.linkedin.com/company/46392084;MOULIN DE BARUTEL - GITE & SPA
https://www.linkedin.com/company/75342587;Chalet on the rocks
https://www.linkedin.com/company/86015151;Quinzerie Hôtel
https://www.linkedin.com/company/10788231;SWEET & SUITE
https://www.linkedin.com/company/15853375;Hôtel Dress Code Paris
https://www.linkedin.com/company/81663570;Hôtel Beige
https://www.linkedin.com/company/86741208;LE BELLUNE Bar Hôtel & Spa Paris
https://www.linkedin.com/company/18825158;Les Maisons de Georges
https://www.linkedin.com/company/87106782;Padam Hôtel
https://www.linkedin.com/company/111011245;Elysia by Inwood Hotels
https://www.linkedin.com/company/340686;Sofitel
https://www.linkedin.com/company/1198524;Ritz Paris
https://www.linkedin.com/company/68534;Hôtel Plaza Athénée Paris
https://www.linkedin.com/company/15155866;Four Seasons Hotel George V, Paris
https://www.linkedin.com/company/5553365;The Peninsula Paris
https://www.linkedin.com/company/579713;Hôtel Le Meurice
https://www.linkedin.com/company/11204866;Le Narcisse Blanc Hôtel & Spa
https://www.linkedin.com/company/11247712;Popinns - Hôtels, résidences & villages vacances.
https://www.linkedin.com/company/11108264;LES BAINS PARIS
https://www.linkedin.com/company/14073009;L'Adrienne Vendôme Paris - Autograph Collection
https://www.linkedin.com/company/79033364;MGallery Domaine Reine Margot Paris-Issy 5* Hotel & Spa
https://www.linkedin.com/company/63538;Barrière
https://www.linkedin.com/company/83544136;BLOOM HOUSE HÔTEL & SPA
https://www.linkedin.com/company/101006092;Ki SPACE Hotel & Spa 4?
https://www.linkedin.com/company/34899862;Le Louis Versailles Château - MGallery Collection
https://www.linkedin.com/company/34645291;Hôtel Monsieur George
https://www.linkedin.com/company/6869023;Thalazur
https://www.linkedin.com/company/10405317;Le Roch Hôtel & Spa
https://www.linkedin.com/company/49109242;Groupe MyHotels
https://www.linkedin.com/company/11169904;Hôtel Parister & Spa
https://www.linkedin.com/company/10216295;Maisons GINTO
https://www.linkedin.com/company/10372731;Hôtel Saint James Albany
https://www.linkedin.com/company/89876313;Hôtel des Grands Voyageurs
https://www.linkedin.com/company/2903328;Floirat Signatures
https://www.linkedin.com/company/952057;Relais Christine
https://www.linkedin.com/company/5255992;Collection Maisons Particulières
https://www.linkedin.com/company/80157442;Paxton Paris MLV
https://www.linkedin.com/company/18489510;Hôtel & Spa Royal Madeleine
https://www.linkedin.com/company/74346618;Maison Villeroy
https://www.linkedin.com/company/11275181;Pavillon Faubourg Saint-Germain
https://www.linkedin.com/company/14013268;Hôtel Bowmann Paris
https://www.linkedin.com/company/89230548;Château des Fleurs
https://www.linkedin.com/company/66205290;Grand Magic Hotel - Fabulous Hotels Group
https://www.linkedin.com/company/2885514;Hôtel Le Belmont Paris
https://www.linkedin.com/company/80944277;BLACK DOOR
https://www.linkedin.com/company/29321785;Le Bois de Rosoy
https://www.linkedin.com/company/13044446;Les Jardins du Faubourg Paris
https://www.linkedin.com/company/18431741;Le Damantin Hôtel & Spa
https://www.linkedin.com/company/87390785;J.K.Place, Paris
https://www.linkedin.com/company/1206470;ValueState
https://www.linkedin.com/company/88915367;Hôtel Balzac Paris
https://www.linkedin.com/company/11032806;Groupe Frontenac Hôtels Paris
https://www.linkedin.com/company/76540373;Hôtel Villa M Paris
https://www.linkedin.com/company/10226628;Mercure Maintenon
https://www.linkedin.com/company/26537157;AC Hotel Paris Le Bourget Airport
https://www.linkedin.com/company/80383207;Domaine de la Corniche
https://www.linkedin.com/company/93619987;Lignée Hôtels & Domaine
https://www.linkedin.com/company/71700356;Des Hôtels & Des Îles
https://www.linkedin.com/company/76547573;Château Voltaire
https://www.linkedin.com/company/10668731;Château de Montvillargenne
https://www.linkedin.com/company/42399856;Novotel Paris Roissy CDG Convention
https://www.linkedin.com/company/7946414;Hôtel Square Louvois
https://www.linkedin.com/company/80113445;RÉSIDIS
https://www.linkedin.com/company/11263181;Hotel Paris - Charles de Gaulle
https://www.linkedin.com/company/77875104;EHPAD public Constance Mazier - Aubervilliers (93)
https://www.linkedin.com/company/25258081;Helzear
https://www.linkedin.com/company/12614537;Novotel Paris Gare de Lyon
https://www.linkedin.com/company/10926690;Hôtels Paris Rive Gauche
https://www.linkedin.com/company/71907203;Hotel & Spa La Belle Juliette
https://www.linkedin.com/company/12670174;Mercure Paris Opéra Garnier hôtel & spa
https://www.linkedin.com/company/1917220;HIDDEN HOTEL
https://www.linkedin.com/company/5078205;Hôtel Le Six & Spa ****
https://www.linkedin.com/company/5211024;Secret de Paris - Hotel & Spa 4?
https://www.linkedin.com/company/30768329;Mercure Paris Montmartre Sacré-Coeur
https://www.linkedin.com/company/14072327;LAZ'? Hotel Paris
https://www.linkedin.com/company/18946839;Best Western Plus L'Orée Paris Sud
https://www.linkedin.com/company/28793406;HOTEL LE BALLU
https://www.linkedin.com/company/10971754;Le Mathurin Hôtel & Spa - Paris
https://www.linkedin.com/company/103170387;RESIDHOME SUITES PARIS SENART
https://www.linkedin.com/company/79782995;DOMAINE DE BELLEVUE
https://www.linkedin.com/company/100395470;Relais de la Malmaison, a member of Radisson Individuals
https://www.linkedin.com/company/69179013;HOTEL MADRIGAL
https://www.linkedin.com/company/49362127;Mercure Paris Porte d’Orleans
https://www.linkedin.com/company/18342509;Best Western Plus Hôtel du Parc Chantilly
https://www.linkedin.com/company/12576226;Hôtel Victor Hugo Paris Kléber****
https://www.linkedin.com/company/87193148;AURA MAKER
https://www.linkedin.com/company/25182094;Hôtel Ampère - HIVELY HOSPITALITY
https://www.linkedin.com/company/40895919;HHP - Holding Hotelière de Paris
https://www.linkedin.com/company/18467228;Hôtel CHAMPS ELYSEES PLAZA
https://www.linkedin.com/company/70444662;Le Clos des Vignes
https://www.linkedin.com/company/25511219;SPLENDID HOTEL
https://www.linkedin.com/company/112602962;RAMON
https://www.linkedin.com/company/18361409;Molitor Hotel & Spa Paris - MGallery Collection
https://www.linkedin.com/company/12596714;Shangri-La Paris
https://www.linkedin.com/company/2864262;Fouquet's Paris
https://www.linkedin.com/company/2676209;Le Royal Monceau - Raffles Paris
https://www.linkedin.com/company/2481877;Hyatt Paris Madeleine
https://www.linkedin.com/company/10778242;WiZiU
https://www.linkedin.com/company/104396834;Hôtel SAX Paris - LXR Hotels & Resorts
https://www.linkedin.com/company/18599548;Waldorf Astoria Versailles - Trianon Palace
https://www.linkedin.com/company/18777874;Sofitel Paris Le Faubourg
https://www.linkedin.com/company/2289751;GROUPE GM
https://www.linkedin.com/company/20085758;Atypio Hotel Experience
https://www.linkedin.com/company/74274743;Demeures de Campagne
https://www.linkedin.com/company/66211141;Dream Castle hotel - Fabulous Hotels Group
https://www.linkedin.com/company/22307946;Hôtel La Lanterne & Spa
https://www.linkedin.com/company/99404982;Abbaye des Vaux-de-Cernay
https://www.linkedin.com/company/27104448;Paxton MLV
https://www.linkedin.com/company/104291690;Domaine Le Clos des Fontaines
https://www.linkedin.com/company/76209033;ibis Saint Quentin en Yvelines Vélodrome
https://www.linkedin.com/company/401428;Terre Blanche Hotel Spa Golf Resort*****
https://www.linkedin.com/company/27024817;Hôtel & Spa du Castellet*****
https://www.linkedin.com/company/3593218;Hôtel de Paris Saint-Tropez
https://www.linkedin.com/company/18476742;Château de Berne
https://www.linkedin.com/company/11296508;Côte Ouest Hôtel **** Thalasso & Spa MGallery Collection
https://www.linkedin.com/company/9263229;Hôtel Byblos Saint-Tropez
https://www.linkedin.com/company/74197966;La Réserve Ramatuelle - Hotel, Spa and Villas
https://www.linkedin.com/company/1804576;Hotel Crillon le Brave
https://www.linkedin.com/company/34694104;Le Phébus & Spa *****
https://www.linkedin.com/company/906032;Hôtel Sezz Saint-Tropez
https://www.linkedin.com/company/105193800;L'Isle de Leos MGallery Collection - L'Isle-sur-la-Sorgue
https://www.linkedin.com/company/91498156;La Bastide de Saint-Tropez / Relais & Châteaux
https://www.linkedin.com/company/47969595;Château de Massillan
https://www.linkedin.com/company/28443337;Grand Hôtel Dauphiné Toulon
https://www.linkedin.com/company/20372594;KOSY Appart'hôtels
https://www.linkedin.com/company/78057780;Maison Bérard
https://www.linkedin.com/company/34703421;Domaine Louise
https://www.linkedin.com/company/110732366;Les Roches Rouges, a Beaumier hotel
https://www.linkedin.com/company/105224208;Château de Fiac
https://www.linkedin.com/company/34925203;Hotel Valdys Thalasso & SPA - les Pins****
https://www.linkedin.com/company/10957581;Hôtel MUSE Saint-Tropez*****
https://www.linkedin.com/company/73225727;Les Clefs de l'Océan
https://www.linkedin.com/company/103517787;Square Lodge Hotel Accor – La Roche-sur-Yon
https://www.linkedin.com/company/80979892;Confidentiel Hôtel & Spa
https://www.linkedin.com/company/69212793;Hôtel Château Héloïse
https://www.linkedin.com/company/42883532;Hôtel Les Jardins de Sainte Maxime
https://www.linkedin.com/company/26760797;Golf Hôtel de Valescure & Spa Nuxe
https://www.linkedin.com/company/48107712;Hôtel Les Bories & Spa
https://www.linkedin.com/company/77647673;Capfun Les Ecureuils
https://www.linkedin.com/company/106275708;Domaine du Val de Sault
https://www.linkedin.com/company/86897005;Grand Hôtel d'Orange
https://www.linkedin.com/company/54086539;Rives D'Or Hotel
https://www.linkedin.com/company/18309891;Camping Port Pothuau
https://www.linkedin.com/company/79160357;Gite La Minoterie
https://www.linkedin.com/company/34733067;Le Mas Saint-Gens
https://www.linkedin.com/company/26784108;LA BASTIDE DE GORDES & SPA
https://www.linkedin.com/company/76422361;Le Nesk - Hôtel du Ventoux
https://www.linkedin.com/company/75051586;Lodges en Provence
https://www.linkedin.com/company/68500708;Vatel School Project / Hôtel & Spa Les Roches Anthéor
https://www.linkedin.com/company/92915032;AX HOTEL & AX FAMILY - La Châtaigneraie
https://www.linkedin.com/company/30685943;Hotel la Bastide de Lourmarin
https://www.linkedin.com/company/11549871;Les Issambres Led Oliviers
https://www.linkedin.com/company/96268395;Unique Hotel & Spa
https://www.linkedin.com/company/98127968;Best Western Plus Le Lavarin Avignon
https://www.linkedin.com/company/91637258;LES GITES DE MARCHET
https://www.linkedin.com/company/94192789;Hôtel Ancre Marine & SPA Thalgo
https://www.linkedin.com/company/107461904;CARPE DIEM Résidence Hôtelière
https://www.linkedin.com/company/69372492;BRIT HOTEL TOULON LA VALETTE DU VAR
https://www.linkedin.com/company/94291926;La Bastide du Mourre
https://www.linkedin.com/company/54284577;La Bastide des Songes
https://www.linkedin.com/company/110478033;Lou Amì
https://www.linkedin.com/company/10140334;Hôtel & Spa Abbaye Ecole de Soreze ***
https://www.linkedin.com/company/28662338;CHATEAU DE TAULANE
https://www.linkedin.com/company/89661196;The Originals Hôtel La Grange
https://www.linkedin.com/company/1461315;Hôtels & Préférence
https://www.linkedin.com/company/71532721;Domaine d'Orgemont
https://www.linkedin.com/company/55177872;Hôtel Cosmos & Spa ***
https://www.linkedin.com/company/53151923;Le Domaine Du Haut Jardin
https://www.linkedin.com/company/108489271;Chalet Hôtel Spa LE COLLET - Table de montagne
https://www.linkedin.com/company/83488585;Brit Hotel Limoges Centre gare - Hôtel & Spa
https://www.linkedin.com/company/10239022;Le Barthélemy Hotel & Spa
https://www.linkedin.com/company/79626044;Fleur de Loire Hôtel 5*
https://www.linkedin.com/company/86362261;Les Sources de Cheverny
https://www.linkedin.com/company/25251465;Les Prés d'Eugénie
https://www.linkedin.com/company/81700858;Les Bordes Estate
https://www.linkedin.com/company/2251002;Terres de France
https://www.linkedin.com/company/30719118;Loire Valley Lodges
https://www.linkedin.com/company/86316612;Le Coupet - Séminaires nature
https://www.linkedin.com/company/10494517;Château d'Artigny & Spa
https://www.linkedin.com/company/94166357;La Borde en Sologne Château & Spa
https://www.linkedin.com/company/44818772;Château Louise de La Vallière
https://www.linkedin.com/company/86121178;Hôtel & Spa Oceania l'Univers 4*
https://www.linkedin.com/company/10980380;Domaine de la Tortinière
https://www.linkedin.com/company/71938557;Hôtel**** Restaurant & Spa de la Cité Royale
https://www.linkedin.com/company/98037977;Les Hauts de Loire ***** - Relais & Châteaux
https://www.linkedin.com/company/74996229;Les Trésorières
https://www.linkedin.com/company/18998056;Relais de Chambord
https://www.linkedin.com/company/11086366;Château Belmont The Crest Collection Tours
https://www.linkedin.com/company/79835713;Domaine des Dryades
https://www.linkedin.com/company/25404402;DOMAINE DE SUZEL
https://www.linkedin.com/company/11292417;BAYA HÔTEL CAPBRETON
https://www.linkedin.com/company/98907966;La Maison Rabelais??
https://www.linkedin.com/company/25271081;Château de Germigney, Relais & Châteaux 5*
https://www.linkedin.com/company/10968682;NATUREO Seignosse
https://www.linkedin.com/company/72026262;HÔTEL VILLA SEREN HOSSEGOR
https://www.linkedin.com/company/86284534;La Maison Tatin
https://www.linkedin.com/company/14041817;Domaine des Thomeaux
https://www.linkedin.com/company/106158663;Mercure Grenoble Centre Porte Des Alpes
https://www.linkedin.com/company/48468793;Château Hôtel de la Commanderie - Le Spa
https://www.linkedin.com/company/48081234;Auberge du Bon Laboureur
https://www.linkedin.com/company/105197969;L'Auberge de la Source
https://www.linkedin.com/company/104911691;Maison Zugno
https://www.linkedin.com/company/105132170;Domaine des Étoiles
https://www.linkedin.com/company/98024995;Hôtel Timberlodge 3***
https://www.linkedin.com/company/111019264;Le Clos de Jable
https://www.linkedin.com/company/75356038;Les Maisons des Soeurs
https://www.linkedin.com/company/92527801;Le Madame - Hôtel & Restaurant
https://www.linkedin.com/company/105142114;Villa Calma - Maison d'hôtes & Spa
https://www.linkedin.com/company/90943244;DOMAINE DE L'ESPERON
https://www.linkedin.com/company/64884533;Villa Alecya
https://www.linkedin.com/company/105188650;Le Domaine de Champlong
https://www.linkedin.com/company/109859353;Le Domaine des Granges
https://www.linkedin.com/company/72659287;Chambres d'hôtes La Ferme du Grand Launay
https://www.linkedin.com/company/89636632;Castel Damandre Hôtel**** Restaurant
https://www.linkedin.com/company/11024451;Apart'é - Les Cottages du Lac ***
https://www.linkedin.com/company/25922161;SARL TROVA - la Bateliere Sur Loire
https://www.linkedin.com/company/106240813;Hôtel de la Plage Contis
https://www.linkedin.com/company/46042086;F & M - LES HOTES DE CHOUZY-SUR-CISSE
https://www.linkedin.com/company/26985842;Au Gai Soleil Du Mont-Aiguille
https://www.linkedin.com/company/18557037;Villa Maa Beach - Moliets, Landes
https://www.linkedin.com/company/75254005;Camping Beauregard **** - Région des Lacs du Jura
https://www.linkedin.com/company/107469351;Domaine Trianon
https://www.linkedin.com/company/104347653;Village vacances Les Chênes de Léon
https://www.linkedin.com/company/11216545;Le Castillan
https://www.linkedin.com/company/93808326;Peluzen
https://www.linkedin.com/company/102167654;Five & You
https://www.linkedin.com/company/26327346;CHATEAU DE BEAULIEU HOTEL-RESTAURANT - SPA
https://www.linkedin.com/company/50448823;Gîtes La Croisée des Chemins
https://www.linkedin.com/company/67718988;Hotel Club Nivôse - Village Vacances
https://www.linkedin.com/company/112854907;Hotel de France et de Guise
https://www.linkedin.com/company/111072209;Gîte - Gué Léger
https://www.linkedin.com/company/76562743;Spa de la tour Eiffel
https://www.linkedin.com/company/80287876;VLF Spa Consulting
https://www.linkedin.com/company/9997822;Hôtel du Palais
https://www.linkedin.com/company/18624303;Hôtel Les Roches Blanches Cassis
https://www.linkedin.com/company/114038;Evian Resort
https://www.linkedin.com/company/2748820;Hotel du Collectionneur Paris
https://www.linkedin.com/company/28138892;Maison Albar Hotels
https://www.linkedin.com/company/5177998;La Réserve Paris - Hotel and Spa
https://www.linkedin.com/company/10065317;Hôtel Renaissance Aix-en-Provence
https://www.linkedin.com/company/10315590;Groupe Réside Études
https://www.linkedin.com/company/11287030;Villa La Coste Hôtel & Spa - Palace
https://www.linkedin.com/company/33209060;RELAIS THALASSO
https://www.linkedin.com/company/2441388;Park Hyatt Paris Vendôme
https://www.linkedin.com/company/69089617;Kimpton St Honoré Paris
https://www.linkedin.com/company/9462068;H8 Collection
https://www.linkedin.com/company/2717485;Costes
https://www.linkedin.com/company/295087;Saint James Paris
https://www.linkedin.com/company/18432665;Hôtel Marinca ***** & Spa
https://www.linkedin.com/company/5373580;Domaine de Manville
https://www.linkedin.com/company/10995346;EMERAUDE HOTELS
https://www.linkedin.com/company/18439385;Coquillade Provence
https://www.linkedin.com/company/28979932;Sofitel Marseille Vieux Port
https://www.linkedin.com/company/1602098;Hôtel Le Burgundy Paris
https://www.linkedin.com/company/79882198;SO/ Paris
https://www.linkedin.com/company/35505026;La Caserne Chanzy Hôtel & Spa
https://www.linkedin.com/company/10499943;Miramar La Cigale Hôtel Thalasso & Spa 5*
https://www.linkedin.com/company/71746877;COMPANIUM Hospitality - Executive Search
https://www.linkedin.com/company/11694758;Alliance Pornic Hôtel Thalasso & Spa
https://www.linkedin.com/company/22291133;Sofitel Quiberon Thalassa sea & spa
https://www.linkedin.com/company/10675954;Diana Dea Lodge***** & Spa
https://www.linkedin.com/company/11517066;Radisson Blu CDG Airport Terminal Hotel, Paris
https://www.linkedin.com/company/28454423;Hôtel Le Saint-Rémy 5*****
https://www.linkedin.com/company/27198535;Fauchon L'Hôtel Paris
https://www.linkedin.com/company/24795517;Sofitel Biarritz Le Miramar Thalassa sea & spa
https://www.linkedin.com/company/69540866;Maison Rouge Strasbourg Hotel & Spa 5*, Autograph Collection
https://www.linkedin.com/company/13653704;Vatel Hôtel & Spa ????
https://www.linkedin.com/company/803897;Baumanière
https://www.linkedin.com/company/16224562;Sofitel Golfe d'Ajaccio Thalassa sea & spa
https://www.linkedin.com/company/18598179;Radisson Blu Hotel Bordeaux
https://www.linkedin.com/company/65905506;Château de Maubreuil
https://www.linkedin.com/company/99906819;Bulgari Hotel Group
https://www.linkedin.com/company/101424523;Bleu Hôtel & Spa
https://www.linkedin.com/company/40834646;Grandes Rousses Hotel & Spa
https://www.linkedin.com/company/85277424;Brindos, Lac & Château
https://www.linkedin.com/company/11126442;La Villa Calvi
https://www.linkedin.com/company/4982328;Les Etangs de Corot
https://www.linkedin.com/company/37481966;ROUSSILLHOTEL Groupe Hôtelier
https://www.linkedin.com/company/11018403;Auberge du Jeu de Paume
https://www.linkedin.com/company/72327768;Le Grand Hôtel Spa & Thalasso 5*
https://www.linkedin.com/company/93582600;InterContinental Chantilly Château Mont Royal
https://www.linkedin.com/company/9196521;InterContinental Marseille - Hotel Dieu
https://www.linkedin.com/company/85511575;Radisson Blu Grand Hôtel & Spa, Malo les Bains
https://www.linkedin.com/company/9380538;Hôtel le Pigonnet ***** - Esprit de France
https://www.linkedin.com/company/71176511;L'esquisse Hôtel & Spa - MGallery Collection
https://www.linkedin.com/company/25857818;Villa Saint-Ange, Hôtel 5 étoiles Aix-en-Provence
https://www.linkedin.com/company/10161856;Evok Collection
https://www.linkedin.com/company/94262892;H4 Wyndham Paris Pleyel
https://www.linkedin.com/company/69179810;Château Capitoul
https://www.linkedin.com/company/104896074;Domaine du Liziec Vannes – MGallery
https://www.linkedin.com/company/19068190;Fontenille Collection
https://www.linkedin.com/company/11055981;LV RIVIERA SPA. Gestion de SPAS Hôteliers
https://www.linkedin.com/company/10825177;HappyCulture Hôtels
https://www.linkedin.com/company/2926931;LES HOTELS BAVEREZ
https://www.linkedin.com/company/26516819;Lily of the Valley Hotel 5*
https://www.linkedin.com/company/27218354;Coucoo Cabanes
https://www.linkedin.com/company/19020570;Lou Pinet
https://www.linkedin.com/company/82172219;Arev Collection
https://www.linkedin.com/company/18298143;La Maison OBONO Hôtel & Spa
https://www.linkedin.com/company/36161110;La Bastide de Tourtour
https://www.linkedin.com/company/99404864;MAISON DOUCE EPOQUE*****
https://www.linkedin.com/company/11053269;Les Lodges Sainte Victoire Hôtel & Spa *****
https://www.linkedin.com/company/28614132;La Grande Terrasse Hôtels et Spas
https://www.linkedin.com/company/76536194;TOO Hôtel Paris - MGallery Collection
https://www.linkedin.com/company/17889362;Loca Restaurant & Bar
https://www.linkedin.com/company/3498342;ELEGANCIA
https://www.linkedin.com/company/7234624;Château de Valmer - Hotel, Spa & Restaurants
https://www.linkedin.com/company/73956968;Paris j'Adore Hotel & Spa - 5 ?
https://www.linkedin.com/company/27245062;Le Pavillon de la Reine & Spa
https://www.linkedin.com/company/89182061;La Fantaisie
https://www.linkedin.com/company/1663245;Excel Place
https://www.linkedin.com/company/67253366;Grand Hôtel Cabourg - MGallery*****
https://www.linkedin.com/company/25925102;Brach Paris
https://www.linkedin.com/company/18824534;Île des Embiez
https://www.linkedin.com/company/11144285;Golden Tulip Sophia Antipolis Hotel & Spa
https://www.linkedin.com/company/38090604;La Côte Saint-Jacques & Spa *****
https://www.linkedin.com/company/18477377;Ultimate Provence
https://www.linkedin.com/company/11157733;HOTEL U CAPU BIANCU
https://www.linkedin.com/company/68523226;Hôtels Bourgogne Qualité
https://www.linkedin.com/company/77045262;Marvilla Parks
https://www.linkedin.com/company/11309333;Cours Hôtelier de Besançon
https://www.linkedin.com/company/100300161;Hyatt Place Rouen
https://www.linkedin.com/company/2037691;Hotel Casadelmar Porto-Vecchio
https://www.linkedin.com/company/72999592;Maison Allelique
https://www.linkedin.com/company/25895267;GROUPE SEASONOVA
https://www.linkedin.com/company/30092935;MS Vacances Campings Clubs
https://www.linkedin.com/company/9336391;Villa Cosy, hôtel & spa
https://www.linkedin.com/company/10964167;Odalys City
https://www.linkedin.com/company/35678536;CAP D'ANTIBES - BEACH HOTEL
https://www.linkedin.com/company/28550407;Prévithal Thalasso Spa marin Resort Granville
https://www.linkedin.com/company/47729866;Cheneaudière - Hôtel Spa 5* - Relais & Châteaux
https://www.linkedin.com/company/25504821;GRAND HOTEL DE CALA ROSSA & SPA NUCCA *****
https://www.linkedin.com/company/75064382;AMANTA
https://www.linkedin.com/company/75535528;Les Jardins de Coppélia
https://www.linkedin.com/company/105982356;Château la Commaraine Hotel, Spa & Cuverie
https://www.linkedin.com/company/23677894;Le Vallon de Valrugues Hotel Spa & Villas*****
https://www.linkedin.com/company/11044433;Hôtel Villa M Marseille
https://www.linkedin.com/company/25564532;CLR HOTELS
https://www.linkedin.com/company/67103525;Château Les Garennes
https://www.linkedin.com/company/54310633;L'AGAPA - Hôtel, restaurant, spa CODAGE
https://www.linkedin.com/company/30165603;Hôtel & SPA des Pêcheurs
https://www.linkedin.com/company/100612450;MAISON HELER METZ
https://www.linkedin.com/company/77710457;Etape en Foret
https://www.linkedin.com/company/13037882;L'ESPRIT-A
https://www.linkedin.com/company/10325658;Empreinte Hôtel & Spa****
https://www.linkedin.com/company/68840639;Château de Sacy
https://www.linkedin.com/company/49051754;Hively Hospitality
https://www.linkedin.com/company/14058784;Groupe HIS
https://www.linkedin.com/company/82546217;Domaine de la Bretesche by B Signature Hotels & Resorts
https://www.linkedin.com/company/13059873;Sainte-Barbe Hotel & Spa Le Conquet MGallery****
https://www.linkedin.com/company/14023207;Edgar - Hotel & Spa **** Table Gastronomique
https://www.linkedin.com/company/54326996;Hôtel SPA Restaurant Les Sept Fontaines
https://www.linkedin.com/company/66326007;ROOM 701
https://www.linkedin.com/company/87192438;Côté Thalasso
https://www.linkedin.com/company/35544640;Cèdre Beaune, A Beauvallon Hotel
https://www.linkedin.com/company/70387377;Radisson Blu Toulouse Airport
https://www.linkedin.com/company/18400724;Radisson Blu Resort & Spa, Ajaccio Bay
https://www.linkedin.com/company/18622963;Maison Souquet, Hotel & Spa
https://www.linkedin.com/company/48696144;Le Grand Monarque - Chartres
https://www.linkedin.com/company/27220288;Le Barthélemy Hôtel & Spa - Carrières
https://www.linkedin.com/company/24427494;Grand Prix Hôtel & Restaurant***
https://www.linkedin.com/company/92884738;Le Toiras & Villa Clarisse, Hotels & Spa
https://www.linkedin.com/company/26718505;Le Domaine des Prés Verts ~ Nature & Spa
https://www.linkedin.com/company/71902615;L'YEUSE
https://www.linkedin.com/company/20371225;YONA
https://www.linkedin.com/company/9366014;B'O RESORT THERMAL & SPA - NORMANDIE
https://www.linkedin.com/company/11240359;Hôtel Carlton Lille
https://www.linkedin.com/company/103459151;nhow Marseille
https://www.linkedin.com/company/86287308;La Cour des Consuls Hotel et Spa - MGallery Collection
https://www.linkedin.com/company/37064183;La Vague de Saint Paul****
https://www.linkedin.com/company/5872829;AQUABELLA Hôtel & Spa **** - Partouche Hôtels
https://www.linkedin.com/company/71263766;Mercure Reims Parc des Expositions
https://www.linkedin.com/company/11022655;Le Château de Fère Hôtel & Spa *****
https://www.linkedin.com/company/66665507;5 Terres Hôtel & Spa*****- MGallery Hotel Collection
https://www.linkedin.com/company/14836953;Thalassa Sea & Spa Le Touquet
https://www.linkedin.com/company/72684925;Le Domaine de Privadière
https://www.linkedin.com/company/105483674;Hôtel de la Mer
https://www.linkedin.com/company/14872606;Collection Barbossi
https://www.linkedin.com/company/72387235;Domaine Riberach
https://www.linkedin.com/company/103169013;Grand Hôtel La Cloche Dijon MGallery
https://www.linkedin.com/company/44783691;La Villa Duflot Perpignan
https://www.linkedin.com/company/105248919;Odalys Vacances
https://www.linkedin.com/company/18472835;Villa Baulieu
https://www.linkedin.com/company/70282049;Citadines Eurometropole Strasbourg
https://www.linkedin.com/company/6271120;Mercure Chantilly
https://www.linkedin.com/company/98659142;Domaine Le Mouflon D'Or*****
https://www.linkedin.com/company/84809343;Hôtel & Spa Napoléon
https://www.linkedin.com/company/10299688;HOTEL C2
https://www.linkedin.com/company/7265251;Relais Thalasso Ile de Ré
https://www.linkedin.com/company/36078705;Hôtel-Restaurant Val-Vignes
https://www.linkedin.com/company/88914408;Hotel Norman Paris
https://www.linkedin.com/company/86963338;Le C Boutique Hôtel
https://www.linkedin.com/company/107222397;Amoria Hôtel & Spa, La Baule
https://www.linkedin.com/company/35704317;Hôtel Best Western plus et Spa Villa Saint Antoine
https://www.linkedin.com/company/72362015;Best Western Plus Le Fairway Hôtel et Spa Golf D'Arras
https://www.linkedin.com/company/14021999;LE GRAND HÔTEL & SPA
https://www.linkedin.com/company/113178197;Marina Baie des Anges Hôtel | Curio Collection by Hilton
https://www.linkedin.com/company/9215746;Hôtel & Spa Les Violettes****
https://www.linkedin.com/company/28472548;Grand Hôtel & Spa Nuxe Serre Chevalier
https://www.linkedin.com/company/110419156;Resort Barrière La Baule
https://www.linkedin.com/company/25880486;LA SIGNORIA
https://www.linkedin.com/company/27189521;Hostellerie des Châteaux & Spa
https://www.linkedin.com/company/91536953;AU COEUR DES OLIVIERS
https://www.linkedin.com/company/426865;Best Western Plus Cannes Riviera & Spa
https://www.linkedin.com/company/14067799;Domaine du Roncemay - Hôtel 4*, Restaurants, Golf et Spa
https://www.linkedin.com/company/10205665;Hôtel Golf Château de Chailly
https://www.linkedin.com/company/84095900;Groupe NESSENCE
https://www.linkedin.com/company/3317138;Le Manoir de Gressy
https://www.linkedin.com/company/11775910;Hilton Garden Inn Marseille Provence Airport
https://www.linkedin.com/company/11105562;Domaine Misíncu
https://www.linkedin.com/company/18467522;LA BARONNIE HOTEL & SPA 4*
https://www.linkedin.com/company/100788314;Gite La Corne Aux Vaches
https://www.linkedin.com/company/53390394;Mercure La Baule Majestic
https://www.linkedin.com/company/104223789;Castel Clara**** Thalasso & Spa
https://www.linkedin.com/company/19188104;MADISON Saint Jean de Luz - Handwritten Collection
https://www.linkedin.com/company/18626092;Hostellerie de la Pointe Saint Mathieu
https://www.linkedin.com/company/9324319;BAHO
https://www.linkedin.com/company/11416283;Domaine Saint Clair
https://www.linkedin.com/company/99509921;Mas Collection
https://www.linkedin.com/company/100818489;Villa Camille Hotel & Spa Banyuls
https://www.linkedin.com/company/82341323;YAC HOTEL PARIS CLICHY Member of Radisson Individuals
https://www.linkedin.com/company/70902811;Hôtel & Résidence Les Vallées - Labellemontagne
https://www.linkedin.com/company/69389148;Mercure Lille Conventions & Events x L'Orangerie
https://www.linkedin.com/company/11045566;Prestige Provence Hotels Spas & Villas
https://www.linkedin.com/company/93786932;Hôtel - Aux Armes de Champagne
https://www.linkedin.com/company/116058126;Bel Hôtel Oléron Thalasso & Spa - MGallery Collection
https://www.linkedin.com/company/49086813;Le Manoir des Impressionnistes*****
https://www.linkedin.com/company/71388305;Mercure Avignon TGV Hôtel & Spa
https://www.linkedin.com/company/18332052;Hôtel & Spa Le Moulin de Moissac
https://www.linkedin.com/company/11112314;Garrigae
https://www.linkedin.com/company/10953863;Hôtel Restaurant Spa LE RABELAIS
https://www.linkedin.com/company/18584834;Residence inn by Marriott Toulouse-Blagnac Airport
https://www.linkedin.com/company/9324214;CASTEL CLARA THALASSO & SPA****
https://www.linkedin.com/company/92926694;Domaine de Saint Endréol Golf & Spa Resort ****
https://www.linkedin.com/company/108204145;Maison Tournesol ?? | Événements & séminaires | Béarn
https://www.linkedin.com/company/99256494;HÔTEL LA MISSION - ILE D'YEU
https://www.linkedin.com/company/25393729;Hôtel Don César
https://www.linkedin.com/company/5075988;Le Bouclier d'Or Hotel Spa ****
https://www.linkedin.com/company/77053514;Grand Hôtel Perros-Guirec
https://www.linkedin.com/company/86645504;Domaine de la Petite Forêt
https://www.linkedin.com/company/28895616;Best Western Plus Crystal, Hôtel & Spa ****
https://www.linkedin.com/company/3493158;Sandaya Séquoia Parc
https://www.linkedin.com/company/38090934;Le Lion D'Or Hôtel & Spa
https://www.linkedin.com/company/25519152;RELAIS SPA VAL D'EUROPE
https://www.linkedin.com/company/40695121;Hôtel **** Spa Restaurant Perier du Bignon
https://www.linkedin.com/company/71730416;Les Pins de César
https://www.linkedin.com/company/4843295;Oceania Hôtel d'Anjou
https://www.linkedin.com/company/7009490;Belha Collection
https://www.linkedin.com/company/70231807;Luxe Wellness Club
https://www.linkedin.com/company/26272570;Hôtel Hannong & Wine Bar
https://www.linkedin.com/company/86934614;Novotel & Events Toulouse Compans Caffarelli
https://www.linkedin.com/company/80913801;HOSTELLERIE DU CHATEAU DES FINES ROCHES
https://www.linkedin.com/company/10911292;7Hotel&Spa
https://www.linkedin.com/company/11426684;Résidence Services Seniors NOVAGE Amiens
https://www.linkedin.com/company/82878237;LES BAINS GARDIANS
https://www.linkedin.com/company/26158758;Château Saint-Jean, Relais & Châteaux
https://www.linkedin.com/company/10015390;Hôtel Negrecoste
https://www.linkedin.com/company/5150897;Hôtel Montaigne & Spa****
https://www.linkedin.com/company/52128318;DOMAINE DE CANAILLE
https://www.linkedin.com/company/93828079;La Licorne Hôtel & Spa Troyes - MGallery Collection
https://www.linkedin.com/company/10009098;Best Western Plus Le Roi Arthur, Hôtel & Spa ****
https://www.linkedin.com/company/50492122;New Beginning Solutions by Sandra Rubio
https://www.linkedin.com/company/26121544;Domaine de Dienné
https://www.linkedin.com/company/89591320;Maison Proust, Hotel & Spa La Mer
https://www.linkedin.com/company/25474643;DOMAINE DE LA CLAUZADE
https://www.linkedin.com/company/26868740;HÔTEL LE CEP*****
https://www.linkedin.com/company/71310852;Le Petit Château de Conteville
https://www.linkedin.com/company/30586655;A'mare Corsica - Seaside Small Resort
https://www.linkedin.com/company/14008948;Le Donjon - Domaine Saint Clair
https://www.linkedin.com/company/73943455;Domaine du HIRTZ
https://www.linkedin.com/company/110378324;Château du Portereau
https://www.linkedin.com/company/80943877;Hotel Alex & Spa
https://www.linkedin.com/company/11085895;Chateau d'Isenbourg
https://www.linkedin.com/company/106481013;Hôtel & Spa Oceania Les Augustins Lille
https://www.linkedin.com/company/98233070;CAPHOTEL
https://www.linkedin.com/company/111007206;Resort Barrière Deauville
https://www.linkedin.com/company/26399346;Mas de la Fouque
https://www.linkedin.com/company/27208311;Le Spinaker **** Hôtel Restaurant Spa Rooftop
https://www.linkedin.com/company/101634543;Les Lodges Taizen
https://www.linkedin.com/company/92634490;La Borie d'Hélipse - Hôtel**** Spa et Restaurants
https://www.linkedin.com/company/26343248;DOMAINE DE ROCHEBOIS
https://www.linkedin.com/company/19200942;Best Western Plus Au Cheval Blanc Mulhouse
https://www.linkedin.com/company/85352342;Le Domaine de la Désirée
https://www.linkedin.com/company/46598084;ROYAL ANTIBES ****
https://www.linkedin.com/company/105491500;Hôtel Spa Marin de la Baie des Anges
https://www.linkedin.com/company/2008849;Le WindsoR, Jungle Art Hotel **** Nice
https://www.linkedin.com/company/25344265;"HOTEL DE DIANE **** & Restaurant ""Le 1925"""
https://www.linkedin.com/company/10669851;Cap Est Lagoon Resort & Spa
https://www.linkedin.com/company/25332442;La Clef Decamp
https://www.linkedin.com/company/67877248;Eco-Domaine du Chalonge
https://www.linkedin.com/company/86030177;Hôtel & Spa Son De Mar
https://www.linkedin.com/company/89657758;L'arbre aux étoiles
https://www.linkedin.com/company/7215898;La Robéyère
https://www.linkedin.com/company/101166709;Hôtel voco Beaune - Cité des Vins
https://www.linkedin.com/company/9210114;Grand Hôtel du Golfe****
https://www.linkedin.com/company/14035467;CHATEAU DE COURBAN & SPA NUXE
https://www.linkedin.com/company/80512320;Maison de Parents Ronald McDonald de Limoges
https://www.linkedin.com/company/640399;FMR
https://www.linkedin.com/company/72410855;Hôtel Philéas Lazare & Spa
https://www.linkedin.com/company/18269348;Royal Champagne Hotel & Spa
https://www.linkedin.com/company/27171417;Bvlgari Hotel Paris
https://www.linkedin.com/company/8853932;Rosewood Le Guanahani St Barth
https://www.linkedin.com/company/10545174;Nolinski Paris
https://www.linkedin.com/company/19200956;Éco-Domaine La Fontaine
https://www.linkedin.com/company/3042512;Hôtel Barrière Le Majestic Cannes
https://www.linkedin.com/company/67191395;Collection Saint-Siméon*****
https://www.linkedin.com/company/82765696;Hôtels & Spa Panorama 360
https://www.linkedin.com/company/100126969;Maison Nova - Boutique Hôtel & SPA
https://www.linkedin.com/company/101425085;Clos Saint-Michel Resort & Spa
https://www.linkedin.com/company/18298881;Hôtel b design & spa
https://www.linkedin.com/company/37240266;Hotel Riva Art & Spa
https://www.linkedin.com/company/18912770;HOTEL & SPA LES ROCHES NOIRES - LES SABLES D OLONNE
https://www.linkedin.com/company/72467283;voco Strasbourg Centre - The Garden
https://www.linkedin.com/company/11177078;Best Western La Porte des Châteaux
https://www.linkedin.com/company/107282982;Villa Roubia Hôtel & Spa
https://www.linkedin.com/company/18458106;Yelloh Village Camping Mané Guernehué
https://www.linkedin.com/company/43331112;gite la bulle
https://www.linkedin.com/company/34886170;Sandaya Domaine du Colombier
https://www.linkedin.com/company/19120097;Chateau de la Dame Blanche
https://www.linkedin.com/company/86659909;Le DIANA Hôtel & Spa NUXE ****
https://www.linkedin.com/company/102112060;Château de Beaulieu Hôtel-Restaurant-Spa
https://www.linkedin.com/company/14022333;Dihan - Hôtel de cabanes
https://www.linkedin.com/company/35487563;SAS Veritatis
https://www.linkedin.com/company/75357289;Villa Occitana
https://www.linkedin.com/company/70955104;Hôtel & Spa du Château La Rochelle****
https://www.linkedin.com/company/98176699;Le Barracuda and spa
https://www.linkedin.com/company/88653541;La Source Des Sens
https://www.linkedin.com/company/69160938;Le Prieuré de Bazainville
https://www.linkedin.com/company/5365561;HÔTRECOM
https://www.linkedin.com/company/109234958;Vacances pour tous - Les Océanes
https://www.linkedin.com/company/11169176;Horizon Doré
https://www.linkedin.com/company/18474604;Mercure Belfort Centre & Spa La Tour Collection
https://www.linkedin.com/company/76583418;Appart Hôtel La Villa Du Port
https://www.linkedin.com/company/75361288;Causse Comtal Hôtel Restaurant & Spa
https://www.linkedin.com/company/29301964;BARBAROUX Golf, Hôtel & Spa
https://www.linkedin.com/company/11861771;LE TILLAU
https://www.linkedin.com/company/73006184;Nicey - hôtel spa - Lounge - Coworking
https://www.linkedin.com/company/78314730;Les Glycines Hôtel **** & Spa
https://www.linkedin.com/company/82484240;Le Relais de la Poste
https://www.linkedin.com/company/110353769;Jonara
https://www.linkedin.com/company/91706131;Hôtel*** Le Domaine de Mestré - The Originals Relais
https://www.linkedin.com/company/105787121;CHATEAU DE CANDES ART & SPA
https://www.linkedin.com/company/25489384;Hôtel SPA Les Rives Sauvages
https://www.linkedin.com/company/18299316;du Côté des Olivades
https://www.linkedin.com/company/91617650;Hôtel Mercure Zénith Nantes Saint-Herblain
https://www.linkedin.com/company/48183433;LES LODGES DES GRANDS CRUS
https://www.linkedin.com/company/7106284;Chateau des Reynats
https://www.linkedin.com/company/35544442;Oustau Camarguen - Hôtel de charme, Restaurant & Spa
https://www.linkedin.com/company/44618842;Château de Labro
https://www.linkedin.com/company/28465817;L'Argalyde***** - Wellness & Cycling Résidence de Tourisme
https://www.linkedin.com/company/109195224;Bedvoy.com
https://www.linkedin.com/company/71475462;l'Hôtel & Spa Ribeauvillé
https://www.linkedin.com/company/91065768;Hôtel Couvent de la Salette
https://www.linkedin.com/company/5101797;Domaine le Clos des Capitelles
https://www.linkedin.com/company/20329909;L'Aquarium
https://www.linkedin.com/company/64659081;Hôtel de la Baie des Anges
https://www.linkedin.com/company/1029633;La Suite314®
https://www.linkedin.com/company/86610485;Hôtel & Spa La Villa K
https://www.linkedin.com/company/26425821;TENDACAYOU ECOLODGE & SPA
https://www.linkedin.com/company/52114461;Best Western Hôtel & SPA Le Schoenenbourg
https://www.linkedin.com/company/105212551;Hôtel d'Aubusson
https://www.linkedin.com/company/75372171;Les Jardins du Nideck
https://www.linkedin.com/company/2812449;Hôtel Castel Brando
https://www.linkedin.com/company/101826271;Confidences Escale à Brissac
https://www.linkedin.com/company/137154725;Château de Cîteaux
https://www.linkedin.com/company/45194700;Domaine du Château Vert
https://www.linkedin.com/company/107200648;Hôtel Le Vosges **** | Projet fictif | CMH Academy
https://www.linkedin.com/company/106057377;L'alcôve Clisson Love room, Gîte Romantique, Spa
https://www.linkedin.com/company/106795163;Hôtel Littéraire Le Swann****
https://www.linkedin.com/company/67327318;Anne d'Anjou Hôtel & Spa
https://www.linkedin.com/company/94159328;Iden
https://www.linkedin.com/company/87814572;LE BELLUNE Bar, Hôtel & Spa Paris
https://www.linkedin.com/company/73224566;Hôtel*** restaurant SPA le Tumulus
https://www.linkedin.com/company/100264727;Hôtel & Spa Le Renard
https://www.linkedin.com/company/2599070;Le Mas du Terme
https://www.linkedin.com/company/74057880;Hôtel Antares & Spa
https://www.linkedin.com/company/26360329;Ax'Hôtel Restaurant Spa
https://www.linkedin.com/company/79526045;Camping la Roubine
https://www.linkedin.com/company/33214396;Le Chateau des Lumières
https://www.linkedin.com/company/45777497;Manoir de la Baronnie - Maison d’hôtes & Spa
https://www.linkedin.com/company/108527198;Maison Adeli
https://www.linkedin.com/company/80667257;Hôtel Kasano
https://www.linkedin.com/company/76710683;Hôtel Restaurant La Dimora****
https://www.linkedin.com/company/103809555;Best Western Île de France Château-Thierry
https://www.linkedin.com/company/13989069;Fac & Spera - Hotel & Spa 4 ****
https://www.linkedin.com/company/49284007;Hôtel Les Saules
https://www.linkedin.com/company/80355726;Hôtel & Spa le Neptune***
https://www.linkedin.com/company/98602426;instants d'Absolu
https://www.linkedin.com/company/108529906;Villa Edmond Bièvres - Hôtel & Spa
https://www.linkedin.com/company/67759551;Hôtel Mercure Saint-Nectaire Les Bains Romains
https://www.linkedin.com/company/11088673;Hotel Mimozas Resort Cannes Mandelieu
https://www.linkedin.com/company/5386282;Sunêlia L'Escale Saint-Gilles
https://www.linkedin.com/company/97887137;Boutique Hôtel des Remparts & SPA Éclaé
https://www.linkedin.com/company/110228298;Hôtel Corsica & Spa Serena ***** (Calvi, Corsica)
https://www.linkedin.com/company/105229795;Domaine de Sévenier & Spa
https://www.linkedin.com/company/76642025;HOTEL PARC & SPA LES CIGOGNES
https://www.linkedin.com/company/109518180;LE RITUEL Hôtel & Spa
https://www.linkedin.com/company/77126997;Hôtel Restaurant Spa Belle Isle sur Risle
https://www.linkedin.com/company/138953907;Suite Eden Spa
https://www.linkedin.com/company/104663045;Relais & Châteaux Hôtel de la Plage****
https://www.linkedin.com/company/75369918;Hotel Restaurant & SPA E caselle
https://www.linkedin.com/company/47098017;Hôtel & Spa Le Dracy ??????
https://www.linkedin.com/company/97887233;Hôtel Montmorency
https://www.linkedin.com/company/10977110;Château Pimo
https://www.linkedin.com/company/76149984;Le RocAzur Hôtel & Spa ****
https://www.linkedin.com/company/103593583;Plaines Provence Spa & Sauna
https://www.linkedin.com/company/11009451;Distributeur de bien être
https://www.linkedin.com/company/69706487;Les Clefs du Bien-être
https://www.linkedin.com/company/84418553;Les 3 Clefs de GaYa - Hébergement bien-être**** (gîte)
https://www.linkedin.com/company/66952286;Pierre et Vacances Europe
https://www.linkedin.com/company/73016738;LES DEMOISELLES À VERSAILLES
https://www.linkedin.com/company/10964123;Les Hôtels (Très) Particuliers
https://www.linkedin.com/company/14834168;HOY Hotel Paris
https://www.linkedin.com/company/1885596;Hotel Royal-Riviera
https://www.linkedin.com/company/11156393;Le Chambard Relais & Châteaux*****
https://www.linkedin.com/company/80949583;Drawing House
https://www.linkedin.com/company/45927421;Résidence Bien-Etre
https://www.linkedin.com/company/86966938;La Villa Hôtel Bien Être - Bois Plage en Ré / Ile de Ré
https://www.linkedin.com/company/77154187;CasaBarbara_officiel
https://www.linkedin.com/company/11028992;Paris Marriott Opera Ambassador Hotel
https://www.linkedin.com/company/69268314;TUTORECA.FR
https://www.linkedin.com/company/33247053;CENTRAL - Hôtels, Hostels, Bars & Restaurants
https://www.linkedin.com/company/19026490;Camping Corse Merendella
https://www.linkedin.com/company/11445864;HOTELS COTE BASQUE - Évènements sur Mesure
https://www.linkedin.com/company/13071403;Check In Conciergerie
https://www.linkedin.com/company/11075759;Château de Pondres
https://www.linkedin.com/company/104089555;Hôtel INDARRA
https://www.linkedin.com/company/27187580;USSIM Vacances
https://www.linkedin.com/company/79129935;CAMPING LE DAUPHIN
https://www.linkedin.com/company/24771885;Camping Sandaya Le Fief
https://www.linkedin.com/company/11175372;Hôtel Restaurant & Spa Cantemerle ****
https://www.linkedin.com/company/29337769;Hôtel restaurant la Chaumière Honfleur
https://www.linkedin.com/company/19172734;Ô Délices de la Monnerie
https://www.linkedin.com/company/81746760;Montempô Appart hôtels
https://www.linkedin.com/company/88938922;Domaine de Somsois
https://www.linkedin.com/company/76511134;Relais de la Source
https://www.linkedin.com/company/75350513;Domaine Château du Bien-Être
https://www.linkedin.com/company/5091156;Éco Hôtel Restaurant le Château de Sable
https://www.linkedin.com/company/26943005;Domaine de Mesqueau
https://www.linkedin.com/company/30153767;HOTEL DOMAINE DES CLOS
https://www.linkedin.com/company/65666215;Hôtel Les Jardins de Deauville ????
https://www.linkedin.com/company/26941077;Domaine Le Hameau de l'Étoile
https://www.linkedin.com/company/24241331;Hôtel Aux Vieux Remparts
https://www.linkedin.com/company/25034574;LE MANOIR DU LYS
https://www.linkedin.com/company/89312208;Golden Tulip La Baule Hôtel & Residence
https://www.linkedin.com/company/101330670;Domaine de l'Écorcerie
https://www.linkedin.com/company/74293519;Best Western Plus Hôtel le Conquérant****
https://www.linkedin.com/company/45455870;Hôtel Sud Bretagne
https://www.linkedin.com/company/80946203;Omnubo Collection
https://www.linkedin.com/company/25379628;CONTINENTAL REIMS
https://www.linkedin.com/company/11559503;Vertigo Hotel & Spa ****
https://www.linkedin.com/company/11214619;Domaine Villas Mandarine
https://www.linkedin.com/company/98075323;La Villa Vicha
https://www.linkedin.com/company/78309057;Spotd.
https://www.linkedin.com/company/26902540;JoKer Hospitality
https://www.linkedin.com/company/50430369;Château des Tourelles
https://www.linkedin.com/company/100144391;la Ferme des Ailleurs
https://www.linkedin.com/company/110095930;Le Mas de Guilles
https://www.linkedin.com/company/71901178;Hôtel Fesch & Spa***
https://www.linkedin.com/company/78778307;Villa d'Eaux
https://www.linkedin.com/company/18585053;Welcome Dijon Hotels
https://www.linkedin.com/company/48886069;Domaine Le Corbusson
https://www.linkedin.com/company/14033605;Écodomaine La Rêverie - Naturalis Lodges
https://www.linkedin.com/company/80951898;Domaine de Sonia
https://www.linkedin.com/company/105576928;Call The Team
https://www.linkedin.com/company/64843304;Best Western Premier Hôtel de la Paix
https://www.linkedin.com/company/65900251;LOGELY
https://www.linkedin.com/company/96175330;Camping Village de la Guyonnière*****
https://www.linkedin.com/company/105564956;Best Western Plus La Fayette Hôtel & Spa****
https://www.linkedin.com/company/65798812;Hotel Normandie Auxerre - The Originals Boutique
https://www.linkedin.com/company/74884993;Le Cambon Paris
https://www.linkedin.com/company/93804613;HOTEL DU PARC - Cavalaire sur Mer
https://www.linkedin.com/company/104965399;Sevenline Aparthotel - Work & Spa
https://www.linkedin.com/company/104728171;Madame Drouot Hôtel & Spa ****
https://www.linkedin.com/company/107187152;DOMAINE DE BEAUCENS
https://www.linkedin.com/company/80135157;Hôtel Saint-Louis*** | Aigues-Mortes | Camargue
https://www.linkedin.com/company/53092440;La maison bienveillante
https://www.linkedin.com/company/18912765;ATLANTIC HOTEL & SPA - LES SABLES D OLONNE
https://www.linkedin.com/company/66934643;Domaine La Gentilhommiere, Ardèche
https://www.linkedin.com/company/93590058;Château La Comtesse de Loire
https://www.linkedin.com/company/7010887;LA CHARTREUSE DU BIGNAC
https://www.linkedin.com/company/36021177;Positive Place
https://www.linkedin.com/company/77689756;Camping Yelloh! VILLAGE Le Pré Bas
https://www.linkedin.com/company/11803206;Hôtel *** L'Ortega - Rennes Saint-Jacques Aéroport
https://www.linkedin.com/company/91024770;Best Western Premier Hôtel du Vieux Port
https://www.linkedin.com/company/26413542;CHAPEAU ROUGE PAR WILLIAM FRACHOT
https://www.linkedin.com/company/46290633;ARAWAK BEACH RESORT
https://www.linkedin.com/company/77602287;Ibis Styles Montpellier Aéroport Parc Des Expos
https://www.linkedin.com/company/18661655;Hôtel Le Maquis
https://www.linkedin.com/company/111082982;Capelongue, a Beaumier hotel
https://www.linkedin.com/company/108025462;6717 Nature Hôtel & Spa 4?
https://www.linkedin.com/company/13018442;Hôtel **** Villa KOEGUI Biarritz
https://www.linkedin.com/company/91648418;Novotel Suites Rouen
https://www.linkedin.com/company/48791704;Hôtel Arles Plaza
https://www.linkedin.com/company/11072329;Domaine des Andéols
https://www.linkedin.com/company/16190494;Hôtel Punta Lara
https://www.linkedin.com/company/10232869;Hotel & Spa des Gorges du Verdon
https://www.linkedin.com/company/18367064;ARTES Découverte et Vacances
https://www.linkedin.com/company/10569223;Hôtel Saint-Marc
https://www.linkedin.com/company/103841915;Domaine de Janis
https://www.linkedin.com/company/101110757;Bestwesternrambouillet
https://www.linkedin.com/company/86316821;Casa Mila Loire – L’expérience Hôtel & Spa
https://www.linkedin.com/company/51575122;Hôtel Les Roches Fleuries
https://www.linkedin.com/company/72724775;Padja Hôtel & Spa
https://www.linkedin.com/company/26317641;Château de la Resle
https://www.linkedin.com/company/107264003;AC Hotel Strasbourg
https://www.linkedin.com/company/42801816;U.P.L.M.C
https://www.linkedin.com/company/29091055;Loire&Sens - Domaine hôtelier en Anjou
https://www.linkedin.com/company/35654868;Domaine Le Coq Enchanté
https://www.linkedin.com/company/18653850;Camping Eden Villages Le Caravan'Île
https://www.linkedin.com/company/5294407;Manoir de Surville
https://www.linkedin.com/company/74977470;Domaine de Belloy
https://www.linkedin.com/company/76855677;Le Clos Lotois
https://www.linkedin.com/company/82901541;Kyriad Prestige**** Compiègne
https://www.linkedin.com/company/47056202;PARIS SUD APPART HOTEL
https://www.linkedin.com/company/9486699;Château d'Ygrande ~ les Collectionneurs
https://www.linkedin.com/company/71959367;Hôtel Jules Verne Biarritz
https://www.linkedin.com/company/110732950;Domaine de Vaxergues
https://www.linkedin.com/company/19067816;Oddiyana
https://www.linkedin.com/company/26926050;Les Séraphines Bordeaux
https://www.linkedin.com/company/64596241;Maison Barbès Hotel & Spa
https://www.linkedin.com/company/86943678;Au Dolmen de Kerhus
https://www.linkedin.com/company/15075611;Amirauté Hôtel Golf Club Congrès Deauville
https://www.linkedin.com/company/109818197;OSMO Hôtel *** The Originals Boutique | Rennes - Chantepie
https://www.linkedin.com/company/93095610;Hotel Ostella
https://www.linkedin.com/company/10355299;Hôtel Spa Casino de St Brevin
https://www.linkedin.com/company/112499072;Welkodia
https://www.linkedin.com/company/93609411;L'Invitation au Voyage Honfleur
https://www.linkedin.com/company/76078187;LIDO Gérardmer - Table Bistronomique & Appart'hotel
https://www.linkedin.com/company/49163014;La Mazure
https://www.linkedin.com/company/26790064;La Tour d'Oncin scop-arl
https://www.linkedin.com/company/81960195;Hôtel - Les Bergeries de Palombaggia
https://www.linkedin.com/company/50543980;Hôtel A Piattatella
https://www.linkedin.com/company/129403967;Hôtel Paris sur Seine
https://www.linkedin.com/company/94100653;Les Fermes de Manat
https://www.linkedin.com/company/11533908;Domaine de Joinville et Spa***
https://www.linkedin.com/company/108956933;CASA MOHO HOTELS
https://www.linkedin.com/company/104041105;LA GRANGE DE COLETTE
https://www.linkedin.com/company/76578918;Glamping Terre & Mer - Village nature ****
https://www.linkedin.com/company/48504843;Novotel Sénart Golf de Greenparc
https://www.linkedin.com/company/83095179;Hôtel A La Cour d'Alsace
https://www.linkedin.com/company/86259266;Faubourg Galant Paris - Handwritten Collection
https://www.linkedin.com/company/76555654;GITE LE MESNIL
https://www.linkedin.com/company/11255436;ARISTIDE Hôtel
https://www.linkedin.com/company/67700150;Domaine Château du Faucon
https://www.linkedin.com/company/35677670;Chateau de Rochegude****
https://www.linkedin.com/company/93105020;Nattitude
https://www.linkedin.com/company/18745207;ROI DE SICILE - Collection
https://www.linkedin.com/company/113145200;Campings maeva (Groupe maeva&co)
https://www.linkedin.com/company/110393583;Château de la Bûcherie
https://www.linkedin.com/company/80361342;Château Origny
https://www.linkedin.com/company/98701093;Au Petit Manoir - Bergues
https://www.linkedin.com/company/49453118;Novotel Belfort Centre Atria
https://www.linkedin.com/company/92421797;Behandy
https://www.linkedin.com/company/80681730;Moulin de Fourges
https://www.linkedin.com/company/103555023;Le Manoir au Lac
https://www.linkedin.com/company/108967097;Le Refuge des Brumes
https://www.linkedin.com/company/107395248;Hôtel Cas'Anna Lidia ****
https://www.linkedin.com/company/26035484;Le Touring - Hôtel & Restaurants
https://www.linkedin.com/company/102547289;Camping Le Paradis 5 étoiles Dordogne
https://www.linkedin.com/company/78466293;L'orée du Vercors
https://www.linkedin.com/company/31461327;La Brise de Mer St Michel-Chef-Chef
https://www.linkedin.com/company/113185958;Résidence Harvey Chartres
https://www.linkedin.com/company/18593424;KYRIAD DIJON GARE ***
https://www.linkedin.com/company/25479952;Groupe SAN DAMIANO
https://www.linkedin.com/company/107285157;Domaine des Déesses
https://www.linkedin.com/company/34965601;Le Général d'Elbée - Hôtel **** & Spa NUXE
https://www.linkedin.com/company/8612771;Novotel Roissy Saint Witz.
https://www.linkedin.com/company/10541878;Domaine du Cros d'Auzon
https://www.linkedin.com/company/18758582;Arkopol - Espace Événementiel & de Coworking
https://www.linkedin.com/company/9465931;Le Manoir de la Manantie
https://www.linkedin.com/company/51460094;La Ferme des Isles
https://www.linkedin.com/company/104513684;RAYZ VENDOME
https://www.linkedin.com/company/5087118;Le Val des Sens
https://www.linkedin.com/company/101867529;Hôtel Grand Cœur Latin
https://www.linkedin.com/company/37827344;Villas Lodges EVALEA
https://www.linkedin.com/company/34218598;WELCOMOTEL
https://www.linkedin.com/company/80838605;Esprit Planèze - Ecolodge
https://www.linkedin.com/company/81632134;Le nid qui danse
https://www.linkedin.com/company/109446399;Mercure Toulouse Aéroport Golf de Seilh
https://www.linkedin.com/company/45108036;Hôtel Restaurant Notre Dame de Bonne Fontaine
https://www.linkedin.com/company/74061310;Lacasitanatur
https://www.linkedin.com/company/37041577;SECUROME
https://www.linkedin.com/company/73221178;Hôtel Loreak
https://www.linkedin.com/company/10164054;Ermitage Resort - Vosges (F)
https://www.linkedin.com/company/5207679;Camping la fontaine du hallate en Morbihan
https://www.linkedin.com/company/4825575;Le RexHotel
https://www.linkedin.com/company/95968885;NOESIPHORE
https://www.linkedin.com/company/104760662;Domaine des Feuilles
https://www.linkedin.com/company/80498388;Casa Sallusti - Ferme Hotel
https://www.linkedin.com/company/101834969;Best Western Hôtel de la Cité & Spa - Groupe GHP Hôtels
https://www.linkedin.com/company/18561211;Hôtel Les Dunes
https://www.linkedin.com/company/112600394;Maison Barrière Vendôme
https://www.linkedin.com/company/26859506;Le Relais des Puys
https://www.linkedin.com/company/77299825;Evasion au Naturel
https://www.linkedin.com/company/29343971;Le Manoir de la Plage Honfleur
https://www.linkedin.com/company/100286878;Hôtel Suite Home Briançon Serre Chevalier
https://www.linkedin.com/company/11269950;Hôtel Royal Bon Repos
https://www.linkedin.com/company/111737815;Kyriad & Campanile Nature Clermont-Ferrand Nord, Riom
https://www.linkedin.com/company/106303784;Zenao Appart's
https://www.linkedin.com/company/34630165;La Conciergerie Montmartroise - Conciergerie Airbnb
https://www.linkedin.com/company/86630879;Les Rochers de la Vézère
https://www.linkedin.com/company/98620793;Face à la Mer Hôtel & Spa
https://www.linkedin.com/company/111058457;Delange
https://www.linkedin.com/company/106205509;Le Bois d'Alice - Maison d'hôtes
https://www.linkedin.com/company/94117059;La Divine Comédie - Demeure Privée & Spa
https://www.linkedin.com/company/37438908;Hôtel Kyriad CHARTRES
https://www.linkedin.com/company/106144179;Hôtel Jeanne&Jules
https://www.linkedin.com/company/43247226;Maison Florence Ivakno
https://www.linkedin.com/company/77582143;Hôtel du Golfe
https://www.linkedin.com/company/103392809;Moulin de Malvoisine
https://www.linkedin.com/company/67257758;Le Petit Nice Passedat
https://www.linkedin.com/company/49200073;Novotel Convention & Wellness Roissy CDG
https://www.linkedin.com/company/100236917;The Purist
https://www.linkedin.com/company/79454343;Domaine de la Maison Forte
https://www.linkedin.com/company/37807682;Singularités hft
https://www.linkedin.com/company/69237666;Alesta Travel
https://www.linkedin.com/company/68821198;WAYA à Domaine Saint Domingue
https://www.linkedin.com/company/101777159;Riviera Society
https://www.linkedin.com/company/11017454;Holiday Inn Calais Coquelles****
https://www.linkedin.com/company/111018252;Hôtel California Paris Champs-Elysées
https://www.linkedin.com/company/100673321;Best Western Premier Le Patio des Artistes
https://www.linkedin.com/company/100420893;KAIROS Hospitality & Trading
https://www.linkedin.com/company/98525502;Domaine du Moulin
https://www.linkedin.com/company/137263958;Enigma Private Collection
https://www.linkedin.com/company/81679904;Domaine de Riva Bella
https://www.linkedin.com/company/80150192;FISCHER HOSPITALITY ADVISORY
https://www.linkedin.com/company/104470157;Les Maisons d'en Face
https://www.linkedin.com/company/103387559;VGDerma
https://www.linkedin.com/company/100625348;CVL Hospitality
https://www.linkedin.com/company/78349330;Hôtel Restaurant Au Chasseur
https://www.linkedin.com/company/130664394;Les Granges de Juvardeil
https://www.linkedin.com/company/79904257;HOTEL SPA LES ALIZES***
https://www.linkedin.com/company/106888719;Numa House
https://www.linkedin.com/company/98177823;ValentElle
https://www.linkedin.com/company/142294020;CAETHURA
https://www.linkedin.com/company/106855455;L'Orangerie Normandie
https://www.linkedin.com/company/108463959;Hotel Edenia
https://www.linkedin.com/company/35517469;Chateau de Courtomer
https://www.linkedin.com/company/37777022;A L OMBRE DU TILLEUL
https://www.linkedin.com/company/107066723;Les Domaines de D.S.
https://www.linkedin.com/company/3217340;Les Lumières de Genève
https://www.linkedin.com/company/109026038;Beauregard Jura
https://www.linkedin.com/company/106197102;Best Western Grand Parc Hotel
https://www.linkedin.com/company/11275048;Les Authentics
https://www.linkedin.com/company/101580943;Corse Holistika
https://www.linkedin.com/company/90787465;Domaine des Lavarines
https://www.linkedin.com/company/118894552;Awendio Vida - Château de Vezins
https://www.linkedin.com/company/106558033;BELREAL
https://www.linkedin.com/company/75180347;Ocean Shelter
https://www.linkedin.com/company/83784962;Maison Alauzet
https://www.linkedin.com/company/91544831;Chambres d'hôtes La Quérière entre Beauval et Chambord
https://www.linkedin.com/company/106208562;L'Essence des Pins
https://www.linkedin.com/company/136984206;VILLA DES 14 OLIVIERS
https://www.linkedin.com/company/106483636;Le Domaine des Anges
https://www.linkedin.com/company/101833079;Groupe GHP Hôtels
https://www.linkedin.com/company/26122835;LE DOMAINE DES ROCHES
https://www.linkedin.com/company/11016933;HOTEL NUIT DE RETZ, RESTAURANT, SPA, SEMINAIRE
https://www.linkedin.com/company/101153613;Best Western Hôtel Garden & Spa - Groupe GHP Hôtels
https://www.linkedin.com/company/104184699;Ibis Styles Nantes Saint Herblain
https://www.linkedin.com/company/108573088;Maison Couette & Canard
https://www.linkedin.com/company/27124538;Camping Le Patisseau
https://www.linkedin.com/company/88926524;Les Hauts de Bagadou
https://www.linkedin.com/company/108968994;La Pause Lotoise
https://www.linkedin.com/company/86658300;Chateau La Colombie
https://www.linkedin.com/company/105546460;Domaine du Chêne Rond
https://www.linkedin.com/company/92937032;Hôtel 3* & SPA Le Mauritia
https://www.linkedin.com/company/28168545;Ecolodge le Volcan des Sens
https://www.linkedin.com/company/64667892;Hôtel de La Louée
https://www.linkedin.com/company/26190693;Mas de Peyrelongue
https://www.linkedin.com/company/10577552;"LA TERRASSE"" - Meyronne 46/FR - (Hôtel-Restaurant)"
https://www.linkedin.com/company/26021868;HOTEL GARDEN & SPA LA BAULE
https://www.linkedin.com/company/83571045;Domaine Les Falaises
https://www.linkedin.com/company/26138425;MAURIG-DOMAINE DE PECH ET LAFON
https://www.linkedin.com/company/66257447;Department
https://www.linkedin.com/company/16350237;Manchester Marriott Hotel Piccadilly
https://www.linkedin.com/company/37490190;So Lets Talk
https://www.linkedin.com/company/10610395;Last Drop Village Hotel & Spa
https://www.linkedin.com/company/103451569;The Midland Hotel
https://www.linkedin.com/company/19448009;Buxton Crescent
https://www.linkedin.com/company/91563208;Delta Hotels by Marriott Worsley Park Country Club
https://www.linkedin.com/company/83286299;Delta Hotels by Marriott Manchester Airport
https://www.linkedin.com/company/2218280;plasma-cleanair
https://www.linkedin.com/company/18230720;Grand Hotel Gosforth Park
https://www.linkedin.com/company/72404682;Hotel Indigo Manchester - Victoria Station
https://www.linkedin.com/company/27448833;Les Hotels Brunel
https://www.linkedin.com/company/18405185;RevJump
https://www.linkedin.com/company/100080509;Clos des Vignettes
https://www.linkedin.com/company/99823718;Hôtel Anne d'Anjou
https://www.linkedin.com/company/98937604;Tosimba By Bee
https://www.linkedin.com/company/26167795;Les Terrasses du Lac de Naussac ?
https://www.linkedin.com/company/35442069;Toit Emoi
https://www.linkedin.com/company/103780516;Aux portes de la baie
https://www.linkedin.com/company/2591950;La Forge de Sainte Marie
https://www.linkedin.com/company/104929336;Suite Spa & Cinéma
https://www.linkedin.com/company/42678081;O2 Résidence
https://www.linkedin.com/company/55108513;Macdonald Manchester Hotel & Spa
https://www.linkedin.com/company/64040933;Mercure Bolton Last Drop Village Hotel and Spa
https://www.linkedin.com/company/55100374;Best Western Moorside Grange Hotel & Spa
https://www.linkedin.com/company/25031328;Eden Villages
https://www.linkedin.com/company/104876158;Hôtel Littéraire Stendhal ****
https://www.linkedin.com/company/64925928;Domaine de la Résidence
https://www.linkedin.com/company/37442965;Best Western Plus THIONVILLE
https://www.linkedin.com/company/70876086;Maison Mathilde hôtel
https://www.linkedin.com/company/108495641;HÔTEL ALTITUDE & SPA - PIERRE-PERCÉE
https://www.linkedin.com/company/67198270;Optis
https://www.linkedin.com/company/89623888;Villa Kerasy
https://www.linkedin.com/company/108550412;Hotel Golden Tulip Amnéville - Spa & Casino
https://www.linkedin.com/company/35527143;Au Soleil Vert - Au Petit Paradis - L'Atelïer
https://www.linkedin.com/company/66221065;Domaine des Vaulx
https://www.linkedin.com/company/26275439;SOCIETE VALLEE DE PRATMEUR
https://www.linkedin.com/company/71230187;lamaison.penestin
https://www.linkedin.com/company/2386261;Domaine de Bodeuc
https://www.linkedin.com/company/108467915;Le Diana Hotel
https://www.linkedin.com/company/10546535;La Verdière
https://www.linkedin.com/company/110106090;DOMAINE DE L'ÉCLAIRCIE
https://www.linkedin.com/company/25047298;Les Logis de l'Estuaire
https://www.linkedin.com/company/84002309;Hotel La Maison des Dunes
https://www.linkedin.com/company/108839573;Groupe CIM
https://www.linkedin.com/company/25447058;CHATELLERIE DE SCHOEBEQUE
https://www.linkedin.com/company/107468559;RoomForDay.com
https://www.linkedin.com/company/47187041;Les Cottages du Parc
https://www.linkedin.com/company/1701932;Hôtel Parc Beaumont Pau - MGallery Collection
https://www.linkedin.com/company/10796653;6717 Nature Hôtel Spa - Le Clos des Délices
https://www.linkedin.com/company/89222892;Grand Tonic Hotel & Spa Nuxe ****
https://www.linkedin.com/company/27172728;Camping Le Méditerranée Argelès
https://www.linkedin.com/company/72497417;Hotel 5***** Belfry & Spa
https://www.linkedin.com/company/46665902;Camping le Floride et l'Embouchure
https://www.linkedin.com/company/98937123;Les Elmes
https://www.linkedin.com/company/104236436;La Chartreuse du Val Saint Esprit
https://www.linkedin.com/company/26415016;Hôtel Arnold- Restaurant&spa
https://www.linkedin.com/company/669641;Auberge de la Providence
https://www.linkedin.com/company/104691940;Mont Champ du Feu
https://www.linkedin.com/company/26439290;LES BETHUNOISES
https://www.linkedin.com/company/44474452;Le Gourguillon
https://www.linkedin.com/company/69677533;Le Moulin d'Hauterive
https://www.linkedin.com/company/51211966;Hôtel Les Maritonnes Restaurant Rouge & Blanc ***
https://www.linkedin.com/company/91691540;YASI Hostel
https://www.linkedin.com/company/90940698;Gite des amis
https://www.linkedin.com/company/11734804;Le Moulin de la Mangue
https://www.linkedin.com/company/25953006;LE SAVIGNY
https://www.linkedin.com/company/50513168;Hôtel & Spa Lyon Métropole
https://www.linkedin.com/company/26746199;O SAVEUR DE L'INSTANT
https://www.linkedin.com/company/79780067;Hospitality Care & Expertise - H C E Management
https://www.linkedin.com/company/106475216;Au Songe de l'eau
https://www.linkedin.com/company/84835053;Les Glycines de Saint Sulpice
https://www.linkedin.com/company/106565444;Verneuil la douce, Demeure d'Art
https://www.linkedin.com/company/956422;Hotel La Licorne & SPA, Hotel Le Grand Cerf & SPA NUXE
https://www.linkedin.com/company/25352838;MEROS
https://www.linkedin.com/company/67294809;HOTEL BRITTANY & SPA
https://www.linkedin.com/company/11400707;Grand Hôtel des Bains
https://www.linkedin.com/company/109372144;Club Hôtelier de Nîmes Métropole
https://www.linkedin.com/company/25528566;CAMPING YELLOH VILLAGE LES RAMIERES
https://www.linkedin.com/company/76978600;Manoir Hôtel des Indes
https://www.linkedin.com/company/101722804;LA MAISON D'ULYSSE
https://www.linkedin.com/company/18514632;The Originals Relais La Villa Vicha
https://www.linkedin.com/company/11560678;Groupe Occitania Hôtels
https://www.linkedin.com/company/109187957;Carrière Sauvage
https://www.linkedin.com/company/107123893;Relax Hôtel Beuzeville Honfleur
https://www.linkedin.com/company/11208273;Hôtel Le Cornouaille
https://www.linkedin.com/company/106832937;La Porte des Cévennes
https://www.linkedin.com/company/94199434;HOTEL SPA GASQUET
https://www.linkedin.com/company/79390373;Le Château des Pauses
https://www.linkedin.com/company/104663036;Hotel Center Brest
https://www.linkedin.com/company/108942412;Thalassa
https://www.linkedin.com/company/42840328;La Bourdette - gîte à Saverdun
https://www.linkedin.com/company/37252874;Résidence Bavara Luchon
https://www.linkedin.com/company/3283724;Hotel Riquet ***
https://www.linkedin.com/company/71677330;Mas de l'Ilon
https://www.linkedin.com/company/106010676;Novotel Nîmes
https://www.linkedin.com/company/49008015;MAS FRAISSINET
https://www.linkedin.com/company/26748019;LE MOULIN DE VALAURIE
https://www.linkedin.com/company/18494043;Ibis Toulouse Purpan
https://www.linkedin.com/company/13010974;HAUT LOFTS ****
https://www.linkedin.com/company/102161438;Chambres d'Hôtes l'Hosting Noix
https://www.linkedin.com/company/103446694;Château de l'insolas
https://www.linkedin.com/company/69482808;"Gîte et Spa ""Le temps d'un instant"""
https://www.linkedin.com/company/28433777;Villa Augeval Hôtel & Spa Deauville
https://www.linkedin.com/company/76074474;Grand Hôtel du Luxembourg
https://www.linkedin.com/company/86797958;Le Moulin de Vernègues Hôtel, Spa, Restaurant
https://www.linkedin.com/company/48895747;Hôtel Particulier Le 28
https://www.linkedin.com/company/127944011;Tulip Hotels & Residences - Marseille Aubagne
https://www.linkedin.com/company/10534044;Le clos des chênes
https://www.linkedin.com/company/103088965;Camping Paradis La Marmotte
https://www.linkedin.com/company/93303078;Hôtel de Vignolles
https://www.linkedin.com/company/11524391;Château L'Hospitalet Wine Resort Beach & Spa 5*
https://www.linkedin.com/company/79771206;Hôtel & Spa Jules César Arles - M Gallery
https://www.linkedin.com/company/48875474;Logis - SPA Le Val Moret ***
https://www.linkedin.com/company/93099241;Hôtel Baron Amédée Armand by MGallery
https://www.linkedin.com/company/25823978;Hôtels Charme & Design Collection
https://www.linkedin.com/company/10920818;Hameau des Baux
https://www.linkedin.com/company/106169577;La Bastide des Culs-Rousset
https://www.linkedin.com/company/97886451;Hôtel du Chateau & SPA Gémology
https://www.linkedin.com/company/76087371;Mas de la Grenouillère
https://www.linkedin.com/company/86892485;L'Estelle en Camargue
https://www.linkedin.com/company/10300966;Best Western Le Relais de Laguiole Hôtel & Spa
https://www.linkedin.com/company/86304642;Domaine Jourdan
https://www.linkedin.com/company/103120706;Hotel Spa Le Calendal
https://www.linkedin.com/company/86166213;Le Meez
https://www.linkedin.com/company/75372388;La Petite Maison de Maussane
https://www.linkedin.com/company/88907027;Les Hauts de Monségu
https://www.linkedin.com/company/99526048;Camping des Grottes - Ariège
https://www.linkedin.com/company/71298434;Mas Papabiou
https://www.linkedin.com/company/99340174;HOTEL****RESTAURANT et SPA MANGIO FANGO
https://www.linkedin.com/company/14775756;FINESTSPA
https://www.linkedin.com/company/65265040;LA COUR CARREE
https://www.linkedin.com/company/40894714;Mas d'escampette
https://www.linkedin.com/company/82130210;SUITE REVE D AILLEURS
https://www.linkedin.com/company/15179384;Domaine de Saint-Obre
https://www.linkedin.com/company/108904472;Ostara Ecolodge
https://www.linkedin.com/company/86043037;Castel d'Alzac - Gîtes au Château
https://www.linkedin.com/company/79708556;Bourbon'up, le séminaire autrement
https://www.linkedin.com/company/18824592;Safrantours
https://www.linkedin.com/company/28662712;MAÏA HOSPITALITY - Groupe MAÏA
https://www.linkedin.com/company/66894724;Dealwave
https://www.linkedin.com/company/13025180;O'Gliss Park
https://www.linkedin.com/company/14821884;Le Chalet Mont Blanc
https://www.linkedin.com/company/69053396;Alps Luxury Rental
https://www.linkedin.com/company/76571220;Parc ludique et insolite à Albertville
https://www.linkedin.com/company/1626224;Snowresa
https://www.linkedin.com/company/77576088;Ré/active Voyage
https://www.linkedin.com/company/4002368;Parfums du Monde
https://www.linkedin.com/company/18839972;Office de Tourisme Grand Roissy
https://www.linkedin.com/company/72444708;Travel Me
https://www.linkedin.com/company/2277748;Au Coeur Du Voyage
https://www.linkedin.com/company/3194188;Cap Adrénaline
https://www.linkedin.com/company/48767132;ABC MOUV'
https://www.linkedin.com/company/42768416;BAHARI Travel Designers
https://www.linkedin.com/company/27160856;Les bobos à la ferme - Le Laboratoire de répit
https://www.linkedin.com/company/73863468;Les Angles Le Village Station
https://www.linkedin.com/company/3362860;Le Domaine de Forges Groupe Partouche
https://www.linkedin.com/company/37471252;Promo Thalasso
https://www.linkedin.com/company/64259384;Evancy
https://www.linkedin.com/company/874992;Caval&go et Zen&go
https://www.linkedin.com/company/38120744;Anahata Voyages
https://www.linkedin.com/company/18426932;Sud Luberon Tourisme
https://www.linkedin.com/company/2531856;Thalasseo.com
https://www.linkedin.com/company/2733548;Un Monde de Voyages
https://www.linkedin.com/company/86175564;DU REVE O VOYAGES
https://www.linkedin.com/company/71491168;Agence d'Attractivité Touristique Amélie País Català
https://www.linkedin.com/company/5214684;OR'NORMES
https://www.linkedin.com/company/750584;Resonance Golf Collection
https://www.linkedin.com/company/11283896;my-Travel-Pass
https://www.linkedin.com/company/3084600;Aquarium de Paris
https://www.linkedin.com/company/17950164;MesSorties.fr
https://www.linkedin.com/company/11002168;Eden Tour
https://www.linkedin.com/company/69515824;Vél'OFIL
https://www.linkedin.com/company/10909024;Djuringa Juniors
https://www.linkedin.com/company/25706292;ESPRIT BASQUE
https://www.linkedin.com/company/3832504;My Luxury Avenue
https://www.linkedin.com/company/73064160;LES PÉPITES DU SUD
https://www.linkedin.com/company/76482724;INECA Conseil & Développement
https://www.linkedin.com/company/977644;DAKOTA EDITIONS
https://www.linkedin.com/company/71705920;Terre Happy Travel
https://www.linkedin.com/company/25317416;LAISSER PASSER, le savoir voyager
https://www.linkedin.com/company/37869600;Mauriac Voyages
https://www.linkedin.com/company/75008820;Massilia Voyages Océan Indien
https://www.linkedin.com/company/66711264;Here Comes The Sun Travel
https://www.linkedin.com/company/67966336;S-CAMP by Serenji Travel
https://www.linkedin.com/company/10575552;Les Comptoirs du Monde
https://www.linkedin.com/company/2432860;Geophyle
https://www.linkedin.com/company/76244896;Yoga Landesa
https://www.linkedin.com/company/10539576;Meridianis Voyages
https://www.linkedin.com/company/84847348;Sensations by Eluxtravel
https://www.linkedin.com/company/66336312;Saint Charles Hotel & Coliving Biarritz
https://www.linkedin.com/company/5014740;Ceyrac Loisirs
https://www.linkedin.com/company/2075164;Pietri Agency
https://www.linkedin.com/company/13981976;WOMENT
https://www.linkedin.com/company/77221812;Opéra Hot Yoga
https://www.linkedin.com/company/54321516;VILLAS OUEST
https://www.linkedin.com/company/70435484;Les Suites du Cours & Spa
https://www.linkedin.com/company/28139661;Alpine Endurance Team
https://www.linkedin.com/company/109739069;DAYA Studio - Lagree & Bar
https://www.linkedin.com/company/11860689;Ligue Auvergne Rhône-Alpes d'Athlétisme
https://www.linkedin.com/company/28977234;Laboratoire ERIC FAVRE SPORT
https://www.linkedin.com/company/10195248;Innovation Performance Analytics
https://www.linkedin.com/company/42942522;Perfbook
https://www.linkedin.com/company/102468588;KOACHER
https://www.linkedin.com/company/26181724;Club des Sports de Chamonix
https://www.linkedin.com/company/18435728;ASUL Omnisports
https://www.linkedin.com/company/37024083;Ligue Auvergne-Rhône-Alpes FFSE
https://www.linkedin.com/company/12988755;A-Velo
https://www.linkedin.com/company/48833571;BIEN-ETRE ET FITNESS
https://www.linkedin.com/company/82380477;Comité Régional ASPTT Auvergne-Rhône-Alpes
https://www.linkedin.com/company/70266111;THEIA SPORT & SANTE
https://www.linkedin.com/company/107734304;Rituel Sport Club
https://www.linkedin.com/company/26428640;WELLNESS SPORT
https://www.linkedin.com/company/101531946;My Resilience Coaching
https://www.linkedin.com/company/10656843;KINITRO Mieux être Mieux vivre
https://www.linkedin.com/company/106020010;The New Me Lyon
https://www.linkedin.com/company/75760403;Soyez Actif
https://www.linkedin.com/company/106781545;Divinement Bien - Maison Sport Santé
https://www.linkedin.com/company/74067179;L'Aparté Tennis
https://www.linkedin.com/company/69175924;The Good Flow
https://www.linkedin.com/company/78383472;Comité Régional ASPTT Bretagne
https://www.linkedin.com/company/19011356;Défi d'Elles
https://www.linkedin.com/company/69512105;Smartlife Coaching
https://www.linkedin.com/company/18421571;Hérault Sport
https://www.linkedin.com/company/11532339;MorphoLogics
https://www.linkedin.com/company/19026594;Le SWIM Club
https://www.linkedin.com/company/11148995;Sport Athlétique Mérignacais
https://www.linkedin.com/company/35478859;Us Talence Athlétisme
https://www.linkedin.com/company/10139064;Montpellier Culture Sport Adapté
https://www.linkedin.com/company/12627040;ERE SPORT
https://www.linkedin.com/company/106254176;Bénéfice Sport
https://www.linkedin.com/company/109839939;COREG EPGV Nouvelle Aquitaine
https://www.linkedin.com/company/102803389;FORM'AVENUE
https://www.linkedin.com/company/5279363;Ligue Languedoc-Roussillon du sport d'entreprise (LRSE)
https://www.linkedin.com/company/111280940;LR9BYLORENZO
https://www.linkedin.com/company/82109274;RAID ROZH RANCE
https://www.linkedin.com/company/106500090;UGOLF Domaine de Cicé Blossac
https://www.linkedin.com/company/12977265;Studio Fitness Bordeaux
https://www.linkedin.com/company/109843005;Pôles Sport Santé Bien-être
https://www.linkedin.com/company/100661762;Ligue Bretagne FFSE
https://www.linkedin.com/company/111890149;Allo My Coach
https://www.linkedin.com/company/82809719;Activ360 - GLOBAL COACHING
https://www.linkedin.com/company/72423973;JUMPéthique
https://www.linkedin.com/company/96509418;OCAS Bain de Bretagne
https://www.linkedin.com/company/73193756;GENERATION EVOLUTION
https://www.linkedin.com/company/25427452;SERT (Suzuki Endurance Racing Team)
https://www.linkedin.com/company/18912688;Sport Action Jeunesse
https://www.linkedin.com/company/100169205;IBCPC France 2026
https://www.linkedin.com/company/14042074;Postural Training
https://www.linkedin.com/company/80363337;Happiness CrossFit
https://www.linkedin.com/company/77772066;David Lloyd France (Veigy - Geneva)
https://www.linkedin.com/company/77031049;ASPTT Annecy fédération omnisports
https://www.linkedin.com/company/109969327;ASCA Volley
https://www.linkedin.com/company/109128371;Human's Perform
https://www.linkedin.com/company/80313435;AlpsYourWay
https://www.linkedin.com/company/68822264;ALX-PERFORMANCE
https://www.linkedin.com/company/106216222;Activ’Athlon – Club Omnisports
https://www.linkedin.com/company/81763609;#MonStudioForme
https://www.linkedin.com/company/110580184;El Pilates Studio
https://www.linkedin.com/company/19199714;Claire Almond Coaching
https://www.linkedin.com/company/104971716;L'Appart Fitness Aix Les Bains
https://www.linkedin.com/company/134833937;L'Orange Bleue Le Pont de Beauvoisin
https://www.linkedin.com/company/80150958;L'atelier Coaching
https://www.linkedin.com/company/28916039;Sport Profileo
https://www.linkedin.com/company/76990618;Développement Durable Equestre
https://www.linkedin.com/company/112294657;Kairos Sport Santé
https://www.linkedin.com/company/18368586;Un Ballon pour l'Insertion
https://www.linkedin.com/company/11072344;Corbett
https://www.linkedin.com/company/80440608;Gotham Sports Club
https://www.linkedin.com/company/106244625;Maison Amat
https://www.linkedin.com/company/10420869;Le Golf National
https://www.linkedin.com/company/9258259;ARIONEO
https://www.linkedin.com/company/18684023;La Montgolfière
https://www.linkedin.com/company/11052802;GROUPE CASA PADEL
https://www.linkedin.com/company/10001457;Apollo Sporting Club
https://www.linkedin.com/company/25708111;ProTrainer ??
https://www.linkedin.com/company/1352266;Urban Challenge
https://www.linkedin.com/company/101104500;Quatorze running
https://www.linkedin.com/company/103088733;Spark Club
https://www.linkedin.com/company/76529607;Golf de Joyenval
https://www.linkedin.com/company/28926249;Slowe Wellness House
https://www.linkedin.com/company/79531521;Société d'Equitation de Paris
https://www.linkedin.com/company/46933660;Club des Nageurs de Paris
https://www.linkedin.com/company/42795143;Fabien Belise Consulting
https://www.linkedin.com/company/80321497;GYM COACH
https://www.linkedin.com/company/75058789;HEC Paris Equestrian Club
https://www.linkedin.com/company/43206314;AKKODIS ASP TEAM
https://www.linkedin.com/company/91741152;Amiens Métropole Natation
https://www.linkedin.com/company/14016941;OPTITRAINER
https://www.linkedin.com/company/77117214;Team Sport Vendée
https://www.linkedin.com/company/73203731;A.N.T. Avignon
https://www.linkedin.com/company/50351579;TACTICAL STEEL
https://www.linkedin.com/company/103437350;SHAPEYOU
https://www.linkedin.com/company/74486822;PythonSports
https://www.linkedin.com/company/104759292;YTR Program
https://www.linkedin.com/company/104219544;MAISON SPORT SANTÉ ALBERT CORBIE
https://www.linkedin.com/company/10650575;GIGAFIT
https://www.linkedin.com/company/11165195;Bonne Mine (acquired by Windoo)
https://www.linkedin.com/company/109843059;My Aquabike
https://www.linkedin.com/company/2764303;Campus Tremplin Sport
https://www.linkedin.com/company/101778465;Educ Pro Sports
https://www.linkedin.com/company/100780776;Sport Campus
https://www.linkedin.com/company/11236579;Perf&fit®
https://www.linkedin.com/company/71123013;ELAN SPORT
https://www.linkedin.com/company/27098791;HARAS DE LA VALLÉE
https://www.linkedin.com/company/82020879;Tonnerre Sport
https://www.linkedin.com/company/71507296;GYMNESIA SEYSSINET
https://www.linkedin.com/company/111893992;U.S.DAX OMNISPORTS
https://www.linkedin.com/company/18857174;Mon sport bien etre
https://www.linkedin.com/company/110126244;ALPINESS EN OISANS
https://www.linkedin.com/company/101999961;MOVE company
https://www.linkedin.com/company/78364860;Wolf Pack
https://www.linkedin.com/company/11090485;PYMsport
https://www.linkedin.com/company/104900188;Apnée Libre Esprit Libre
https://www.linkedin.com/company/949789;Keepcool
https://www.linkedin.com/company/223739;Paris Saint-Germain
https://www.linkedin.com/company/77730906;Bien-Etre en Entreprise EPGV Hauts-de-France
https://www.linkedin.com/company/10277563;Fédération Française du Sport d'Entreprise-FFSE
https://www.linkedin.com/company/94810830;The New Me
https://www.linkedin.com/company/10382003;PLANET FITNESS GROUP
https://www.linkedin.com/company/27191602;ASPTT Fédération Omnisports
https://www.linkedin.com/company/10048955;Block'Out
https://www.linkedin.com/company/9463967;La Parisienne by N?kd
https://www.linkedin.com/company/6824588;Fédération Française de Sport Vitalité
https://www.linkedin.com/company/93326677;VMA QUEENS
https://www.linkedin.com/company/11247684;WIITRAINING
https://www.linkedin.com/company/30744097;Vivalley - Campus Sport | Santé & Bien-Être
https://www.linkedin.com/company/25622082;Aqua'Villa - Sports & Bien-être
https://www.linkedin.com/company/25819116;Vertical'Art
https://www.linkedin.com/company/26337146;One Fitness Club
https://www.linkedin.com/company/528177;Alizeum
https://www.linkedin.com/company/18434878;ENSENAT Coaching
https://www.linkedin.com/company/70391172;MySportRoom
https://www.linkedin.com/company/2991860;SVELTUS
https://www.linkedin.com/company/26313247;Les Cercles
https://www.linkedin.com/company/68927922;Everest Sport Club Besançon
https://www.linkedin.com/company/11738429;Made Nature - Le sport écoresponsable
https://www.linkedin.com/company/27121960;Wellness Business
https://www.linkedin.com/company/33270916;Polo Resort & Country Club Saint-Tropez
https://www.linkedin.com/company/3339888;Alltech FEI World Equestrian Games 2014 in Normandy
https://www.linkedin.com/company/74162735;La Coloc' de l'Ourcq
https://www.linkedin.com/company/29024048;GROUPE VERONA
https://www.linkedin.com/company/71925969;Le Cercle
https://www.linkedin.com/company/29041484;Boooj
https://www.linkedin.com/company/18373913;Coach sportif - Aimez votre corps Faites du sport
https://www.linkedin.com/company/13037356;K.Raulet Coach Sport & Bien-Etre
https://www.linkedin.com/company/10964555;Ligue Occitanie FFSE
https://www.linkedin.com/company/79722645;MY AQUA EXPERIENCE
https://www.linkedin.com/company/11199007;RUN YOUR TOWN
https://www.linkedin.com/company/47755112;BIEN-ETRE ET YOGA
https://www.linkedin.com/company/50250296;BIEN ETRE & LOISIRS
https://www.linkedin.com/company/18401694;Go To Wellness :: santé et bien-être au travail
https://www.linkedin.com/company/76783620;Atrium - Fitness & Bien-être
https://www.linkedin.com/company/76434175;Sport Bien Etre Corse
https://www.linkedin.com/company/9372901;Lagardère Paris Racing
https://www.linkedin.com/company/25013732;EPISOD
https://www.linkedin.com/company/5219147;Temple | Noble Art
https://www.linkedin.com/company/105248618;Bien dans mes Baskets Maison Sport Santé Monts du Lyonnais
https://www.linkedin.com/company/70284594;CLUB SPORTIF SEDAN ARDENNES ( CSSA )
https://www.linkedin.com/company/1411262;Racing 92
https://www.linkedin.com/company/11044464;HBC Nantes
https://www.linkedin.com/company/11861930;USL DUNKERQUE
https://www.linkedin.com/company/26705879;SPORT BIEN ETRE
https://www.linkedin.com/company/5250155;Yoga Searcher
https://www.linkedin.com/company/50332176;CLUB BIEN ETRE
https://www.linkedin.com/company/10466442;Company Cup
https://www.linkedin.com/company/27236868;Chez Simone
https://www.linkedin.com/company/25621114;Esprit Padel
https://www.linkedin.com/company/51080842;CAPITAL BIEN ETRE
https://www.linkedin.com/company/46143878;RELAXATION BIEN ETRE
https://www.linkedin.com/company/26458236;SPORT BIEN ETRE SARL
https://www.linkedin.com/company/13982391;CDOS 31
https://www.linkedin.com/company/11092979;Fiitli
https://www.linkedin.com/company/3185133;njuko
https://www.linkedin.com/company/12975003;Ligue Pays de la Loire Sport Entreprise
https://www.linkedin.com/company/79373206;Kocotte
https://www.linkedin.com/company/26006048;BOXER INSIDE CLUB
https://www.linkedin.com/company/79594461;Office des Sports d'Arras
https://www.linkedin.com/company/77351188;Élite Longévité
https://www.linkedin.com/company/10820365;FITLANE Fitness Centers
https://www.linkedin.com/company/105187245;Alexcare - Sport Santé & Bien-être
https://www.linkedin.com/company/103856676;Känsla® Sports d'eau & bien-être
https://www.linkedin.com/company/45868028;SPORT SANTE BIEN ETRE
https://www.linkedin.com/company/45254671;L'ATELIER DU BIEN ETRE
https://www.linkedin.com/company/50845209;L'ART DU BIEN ETRE
https://www.linkedin.com/company/47386372;DOMAINE DU BIEN ETRE ET DE LA NATURE
https://www.linkedin.com/company/108883282;Ateliers Sport Santé Bien-Etre - Maison Sport Santé
https://www.linkedin.com/company/50170980;COMITE DU NORD DE HANDBALL
https://www.linkedin.com/company/26225190;Emoha
https://www.linkedin.com/company/76714511;Hugo Robin ESCS sport & bien-être
https://www.linkedin.com/company/11174868;Electrostimulation LYON
https://www.linkedin.com/company/50916751;QI GONG ET BIEN ETRE
https://www.linkedin.com/company/44475065;ASSOCIATION YOGA ET BIEN ETRE
https://www.linkedin.com/company/46743731;ASSOCIATION SPORT SANTE BIEN ETRE
https://www.linkedin.com/company/44672670;ASSOCIATION FORME ET BIEN-ETRE
https://www.linkedin.com/company/19163736;iiSPORT Conseil Sport & Handicap
https://www.linkedin.com/company/88657228;Rugby Club Saint-Sébastien Basse-Goulaine
https://www.linkedin.com/company/25372875;"SPORT CONCEPT ""LE BIEN ETRE"""
https://www.linkedin.com/company/79614637;My Kenko
https://www.linkedin.com/company/15829450;L'ETINCELLE
https://www.linkedin.com/company/72408993;Vita Liberté Groupe
https://www.linkedin.com/company/105502665;Lyfe's
https://www.linkedin.com/company/77767137;Ligue d'Athlétisme Régionale du Grand Est
https://www.linkedin.com/company/105744696;Association Les RUBieS
https://www.linkedin.com/company/82115139;Comité Régional ASPTT Grand-Est
https://www.linkedin.com/company/19155621;Perfe-o
https://www.linkedin.com/company/87174929;Eden Concept - Club sport santé
https://www.linkedin.com/company/70523183;Boulder Line
https://www.linkedin.com/company/50696174;CAP FORME SPORT ET BIEN ETRE
https://www.linkedin.com/company/18901622;ASPTT Rouen
https://www.linkedin.com/company/89202397;VPUNCH GYM
https://www.linkedin.com/company/75355243;CROSSFIT ORGEVAL
https://www.linkedin.com/company/107683537;Pura Vida Club
https://www.linkedin.com/company/76182209;Head Racing
https://www.linkedin.com/company/71783976;BOURGENAY GOLF CLUB
https://www.linkedin.com/company/10361124;Fizix -le coaching sportif à domicile-outdoor-live -
https://www.linkedin.com/company/108063899;IDÕ
https://www.linkedin.com/company/37259710;Angers Métropole Cyclisme 49
https://www.linkedin.com/company/80037409;Padel Time
https://www.linkedin.com/company/26466503;COACHING SPORT
https://www.linkedin.com/company/69260912;PULP accelerator
https://www.linkedin.com/company/92763810;CDOS 49
https://www.linkedin.com/company/34947102;SUCCESS WAY PRO
https://www.linkedin.com/company/79166925;Wake Up Form Les sorinieres
https://www.linkedin.com/company/108064265;Astre Athlétisme
https://www.linkedin.com/company/79398220;Comité Régional ASPTT Hauts-de-France
https://www.linkedin.com/company/69701701;Club Omnisports des Ulis
https://www.linkedin.com/company/78097894;Centre Thiêu Lâm
https://www.linkedin.com/company/80551050;Comité Régional EPGV Sport Vitalité Auvergne Rhône-Alpes
https://www.linkedin.com/company/28566638;Houlà
https://www.linkedin.com/company/82604555;Comité Régional ASPTT Normandie
https://www.linkedin.com/company/80923525;Team Myle's Sports
https://www.linkedin.com/company/13979774;Warrior Adventure Lyon
https://www.linkedin.com/company/20484861;Sport to Go
https://www.linkedin.com/company/65670605;Mindperf
https://www.linkedin.com/company/71562697;Aveyron Basketball Académie
https://www.linkedin.com/company/34938606;Running Expérience
https://www.linkedin.com/company/79148563;KANGEN SPORT
https://www.linkedin.com/company/100841527;GoActivity
https://www.linkedin.com/company/72097238;InfraslimX
https://www.linkedin.com/company/103991479;Maison Sport Santé de Bellevue
https://www.linkedin.com/company/80157605;Maison Sport Santé du Pays Salonais
https://www.linkedin.com/company/12656236;WaePass
https://www.linkedin.com/company/10426289;FastSpor'?In
https://www.linkedin.com/company/12997432;TEP sport
https://www.linkedin.com/company/111937215;Label Sport Impact
https://www.linkedin.com/company/67759163;BODYHIT LE HAVRE CENTRE
https://www.linkedin.com/company/98192961;YUT
https://www.linkedin.com/company/75414313;dyoqar
https://www.linkedin.com/company/15236220;World Class Monaco
https://www.linkedin.com/company/103987948;PELIBAT CAMP
https://www.linkedin.com/company/11054737;Feelactiv
https://www.linkedin.com/company/56450114;Centre équestre de Picardie
https://www.linkedin.com/company/44813648;ELAN MARIVALOIS
https://www.linkedin.com/company/111698995;Montpellier Hérault Rugby Féminin
https://www.linkedin.com/company/71680857;Les Balnéades
https://www.linkedin.com/company/77033044;WODANDGO
https://www.linkedin.com/company/83310170;Comité Régional ASPTT Île-de-France
https://www.linkedin.com/company/99567295;WELNEST.
https://www.linkedin.com/company/47289241;CLUB ATHLETIQUE BALMANAIS
https://www.linkedin.com/company/29286198;Le Coaching Parisien
https://www.linkedin.com/company/36976488;Stade Olympique Calais Athlétisme
https://www.linkedin.com/company/81991500;K-GYM Paris
https://www.linkedin.com/company/10409986;L'univers de la forme
https://www.linkedin.com/company/19206783;Santé Sports Social CLUB
https://www.linkedin.com/company/10271577;BeMySport
https://www.linkedin.com/company/79071477;7EVEN SPORT
https://www.linkedin.com/company/84575045;Swish Basket
https://www.linkedin.com/company/105223674;CLAMART NATATION 92
https://www.linkedin.com/company/72224629;Star Basket Saint Vit
https://www.linkedin.com/company/98935251;PVV - Pays Voironnais Volley
https://www.linkedin.com/company/50010306;LIGUE AUVERGNE-RHONE-ALPES DE NATATION
https://www.linkedin.com/company/68524173;YogHiit
https://www.linkedin.com/company/25400684;3CSports
https://www.linkedin.com/company/84408920;HEGO Batignolles
https://www.linkedin.com/company/67192193;Studio Body And Mind
https://www.linkedin.com/company/88642906;CDOS 67
https://www.linkedin.com/company/76998402;EB - Posturologie et Coaching Sportif
https://www.linkedin.com/company/76563251;Reset's Réunion
https://www.linkedin.com/company/113268944;Le 40-A
https://www.linkedin.com/company/104728217;SALVEO Sport Santé
https://www.linkedin.com/company/19019224;Antropos
https://www.linkedin.com/company/100395854;WOMEN'S DEFI CARE
https://www.linkedin.com/company/14009915;Comité du Bas-Rhin du Sport d'Entreprise
https://www.linkedin.com/company/102584041;RoarFitEvent
https://www.linkedin.com/company/49307247;Ergonomie Equestre by Eugénie Cottereau
https://www.linkedin.com/company/71501248;Dynam'Fit
https://www.linkedin.com/company/79448733;Le Hangar Performance
https://www.linkedin.com/company/76787095;ASPTT Cholet, club omnisports
https://www.linkedin.com/company/82414688;UNITY SPORT CONCEPT
https://www.linkedin.com/company/11018647;Beynost Evasion
https://www.linkedin.com/company/105740976;Comité Départemental de Rugby de l'Ariège
https://www.linkedin.com/company/11179031;La Boite à Sports
https://www.linkedin.com/company/80726502;Equilibre Pilates Yoga
https://www.linkedin.com/company/106496634;Unsit
https://www.linkedin.com/company/89319662;Comité Régional ASPTT Pays de la Loire
https://www.linkedin.com/company/18441556;Centre Hippique du Touring Club de France
https://www.linkedin.com/company/71061943;Fédération Française de la Reconversion
https://www.linkedin.com/company/14815458;ID.ORIZON - Ensemble pour un sport partagé
https://www.linkedin.com/company/103880827;CJA | COACHING SPORTIF ET SANTÉ
https://www.linkedin.com/company/19232722;Potesport
https://www.linkedin.com/company/48699080;COMITE REGIONAL SPORTS POUR TOUS BRETAGNE
https://www.linkedin.com/company/73508426;Les Ducs de Dijon
https://www.linkedin.com/company/48610648;CLUB SEYNOIS MULTI SPORTS (CSMS)
https://www.linkedin.com/company/1989036;Energizer
https://www.linkedin.com/company/77581409;Décines Rugby League XIII
https://www.linkedin.com/company/11121292;Olympique Cabriès Calas
https://www.linkedin.com/company/51083152;NANTES NATATION
https://www.linkedin.com/company/18737584;Run Colibris
https://www.linkedin.com/company/91166205;TCCVE - Tennis Club Coupvray Val d'Europe
https://www.linkedin.com/company/12604547;Ligue PACA FFSE
https://www.linkedin.com/company/28976723;EXLAY club
https://www.linkedin.com/company/35459671;Toubin&Clement
https://www.linkedin.com/company/48936999;MARSEILLE EN FORME
https://www.linkedin.com/company/104567923;TravaillerBouger
https://www.linkedin.com/company/85942031;Oztaforme.fr
https://www.linkedin.com/company/87231437;USCP Basket
https://www.linkedin.com/company/26643884;Hélium
https://www.linkedin.com/company/71487432;Mouvéo
https://www.linkedin.com/company/75351475;Les Ailes Du Canal
https://www.linkedin.com/company/35689310;Aviron Club 94
https://www.linkedin.com/company/69568434;-MCS Fitness Dance-
https://www.linkedin.com/company/109198462;Blagnac Sporting Club Athlétisme
https://www.linkedin.com/company/79477545;Le P'tit Haras
https://www.linkedin.com/company/18337076;Street4Fit
https://www.linkedin.com/company/100279148;Lab.Rouen
https://www.linkedin.com/company/9335214;ZeeMono
https://www.linkedin.com/company/25628236;SPORT DOMICILE
https://www.linkedin.com/company/28503894;Avaton
https://www.linkedin.com/company/86164986;Club Nautique de Laval Aviron
https://www.linkedin.com/company/106073598;Le Temple Pilates
https://www.linkedin.com/company/103793307;Equitry - Louez votre materiel équestre
https://www.linkedin.com/company/18379766;Wellform
https://www.linkedin.com/company/119644195;SPS RUGBY SAINT PAUL LES DAX
https://www.linkedin.com/company/108548898;The New Me Orléans
https://www.linkedin.com/company/104942181;Comité Départemental de Volley 53
https://www.linkedin.com/company/27056171;Unit
https://www.linkedin.com/company/11737026;Padbol France
https://www.linkedin.com/company/107496461;WIT FIT PADEL
https://www.linkedin.com/company/64662266;STUDIO EVE - Holtzheim
https://www.linkedin.com/company/89186506;Comité Régional ASPTT Centre-Val de Loire
https://www.linkedin.com/company/43357525;Fitmywork
https://www.linkedin.com/company/11202522;Mono's (Rachat par Trainme)
https://www.linkedin.com/company/11109767;BodyWork
https://www.linkedin.com/company/105782357;HEALTH-FIT
https://www.linkedin.com/company/76078821;Equi'Liber
https://www.linkedin.com/company/48437626;ASM Chamalières Natation
https://www.linkedin.com/company/76549891;Centre Pilates Saint Didier au Mont d'Or
https://www.linkedin.com/company/18346255;INTENSIFIT
https://www.linkedin.com/company/109551056;CLUB PILATES BREST KERGARADEC
https://www.linkedin.com/company/108241938;SOFIT
https://www.linkedin.com/company/109824340;Le Hook
https://www.linkedin.com/company/49058503;Comité Régional Normandie Sports pour Tous
https://www.linkedin.com/company/71315358;HEC Paris MBA Sports & Wellness Club
https://www.linkedin.com/company/109239591;Mia Wellness Club
https://www.linkedin.com/company/26679176;BPM : WELLNESS
https://www.linkedin.com/company/105814069;Borne 47 - Studio wellness à Horgues (Tarbes)
https://www.linkedin.com/company/46283579;CLUB DES VIKINGS DE ROUEN
https://www.linkedin.com/company/25835558;ANGOULEME CIRCUIT DES REMPARTS
https://www.linkedin.com/company/111746780;PERFORMO Form
https://www.linkedin.com/company/69264596;Workplace Active Certification
https://www.linkedin.com/company/65747992;MYO DOJO
https://www.linkedin.com/company/110823205;ATTITUD Studio
https://www.linkedin.com/company/46604252;Golf Basket Club Herblinois
https://www.linkedin.com/company/11396995;Inspir'Fitness
https://www.linkedin.com/company/26111268;B.C. FOOTBALL AGENCY
https://www.linkedin.com/company/107999424;Cercle Bleu | Open Water & Cold Water ????
https://www.linkedin.com/company/26764757;S.A.S.U ATLAS SPORTS MANAGEMENT
https://www.linkedin.com/company/12602020;Heroes Factory
https://www.linkedin.com/company/11034557;Eleven Software
https://www.linkedin.com/company/109538639;Sports (&) Languages
https://www.linkedin.com/company/75272913;Nero CrossFit
https://www.linkedin.com/company/75326368;FARTLECK
https://www.linkedin.com/company/11772486;Recoldery
https://www.linkedin.com/company/65744860;OKEN
https://www.linkedin.com/company/105985518;Bantu Sport Leadership
https://www.linkedin.com/company/133513972;LA HOUSE OF PULSE
https://www.linkedin.com/company/42119551;Archimethese Elite
https://www.linkedin.com/company/77859786;Fitroulette
https://www.linkedin.com/company/46901594;Tennis Club de Saint Prix
https://www.linkedin.com/company/106574256;Céline Destination Yoga
https://www.linkedin.com/company/108944239;LINO
https://www.linkedin.com/company/26924591;O'FIT DES CARNAUX
https://www.linkedin.com/company/141393995;Union Sportive Luzéchoise
https://www.linkedin.com/company/45360515;J3 Sports Amilly
https://www.linkedin.com/company/71510383;6F Sport et Arts Martiaux
https://www.linkedin.com/company/14796965;LA SALLE Orléans
https://www.linkedin.com/company/48654634;Carquefou Badminton Club
https://www.linkedin.com/company/11340132;The French Yoga Connection
https://www.linkedin.com/company/105610277;Grind Fitness
https://www.linkedin.com/company/103504644;JOYOKA
https://www.linkedin.com/company/47534735;Tennis Club Sébastiennais
https://www.linkedin.com/company/11434739;Centre Régional de Tennis
https://www.linkedin.com/company/130783988;REATHLE FIT
https://www.linkedin.com/company/102138713;MY CALISTA
https://www.linkedin.com/company/108556190;Tempra Coaching
https://www.linkedin.com/company/118934411;Coach Noah
https://www.linkedin.com/company/112016037;COACH DORIAN
https://www.linkedin.com/company/108969133;Respire Pilates M.L. - Nantes - Angers
https://www.linkedin.com/company/105964602;T2C RACING
https://www.linkedin.com/company/19654546;ALTRINCHAM KERSAL RUGBY FOOTBALL CLUB LIMITED
https://www.linkedin.com/company/141343932;QVT Objectif | Sport santé en entreprise
https://www.linkedin.com/company/33241170;sports-train
https://www.linkedin.com/company/71765038;CERUC Centre Equestre Reims Université Champagne
https://www.linkedin.com/company/110748584;DAC Reims Athlétisme
https://www.linkedin.com/company/83089756;Gulf Stream Chacé
https://www.linkedin.com/company/13017990;CrossFit MENESTYS
https://www.linkedin.com/company/76830209;Denton Artistic Swimming Club
https://www.linkedin.com/company/83570013;AHCV Multisports Santé
https://www.linkedin.com/company/108544032;LOUVERNÉ SPORTS
https://www.linkedin.com/company/136015291;AJSF Football
https://www.linkedin.com/company/110129474;FOCUS Podcast
https://www.linkedin.com/company/105537953;Lille aux Pagaies association
https://www.linkedin.com/company/36172163;Poetik Yoga Lille
https://www.linkedin.com/company/103597407;SPARTE
https://www.linkedin.com/company/68339823;Power One Metz
https://www.linkedin.com/company/85377683;O'Studio
https://www.linkedin.com/company/107195196;Soluna Studio
https://www.linkedin.com/company/46119278;ECURIE DES TOURELLES
https://www.linkedin.com/company/37187423;KM Coaching Sportif
https://www.linkedin.com/company/78747910;LE STUDIO 44
https://www.linkedin.com/company/5733733;Aa Saint-Omer Golf Club
https://www.linkedin.com/company/28992114;Ksius Gym Club
https://www.linkedin.com/company/104971642;L'Appart Fitness Chaponost
https://www.linkedin.com/company/100666313;CROSSFIT AZALEA
https://www.linkedin.com/company/86049801;Athlé Sud 69 Feyzin-Vénissieux
https://www.linkedin.com/company/45372910;SAUVETEURS DE GIVORS 1886
https://www.linkedin.com/company/14018436;NEREIDES PLONGEE
https://www.linkedin.com/company/105160619;Sens of Sport
https://www.linkedin.com/company/11762059;BOUGEOTTE
https://www.linkedin.com/company/104362611;Mana'O Yoga Studio
https://www.linkedin.com/company/68814230;Léa Fernandez - Coach sportif
https://www.linkedin.com/company/104719199;Association Sportive Casa Sports Lyon
https://www.linkedin.com/company/76568774;United Experiences Club
https://www.linkedin.com/company/105083763;L'Appart Fitness Givors
https://www.linkedin.com/company/112237025;Étincelle de Vernaison
https://www.linkedin.com/company/105529989;Meeting Mouvement
https://www.linkedin.com/company/109546062;VIE4 - Protocole santé
https://www.linkedin.com/company/89901829;Squash Brest - Officiel
https://www.linkedin.com/company/77317128;Studio 121
https://www.linkedin.com/company/69995737;MIND & BODY
https://www.linkedin.com/company/100191658;SPORT I AM
https://www.linkedin.com/company/102118698;Footeuses à Tout âge
https://www.linkedin.com/company/45638434;VITASPORTS SPORTS BIEN ETRE & NUTRITION
https://www.linkedin.com/company/81442506;Only U Club Sport
https://www.linkedin.com/company/111975486;movi-lab
https://www.linkedin.com/company/19042799;AQUACOVE & SPA
https://www.linkedin.com/company/105732068;OptimumPerf
https://www.linkedin.com/company/65760714;Enfants Du Rhône Valence
https://www.linkedin.com/company/74005558;Aquastym
https://www.linkedin.com/company/105504337;Horizon Sportif
https://www.linkedin.com/company/26278018;Fundamental
https://www.linkedin.com/company/107736375;STUDIO APATO
https://www.linkedin.com/company/102667687;MoovSanté
https://www.linkedin.com/company/93224127;Les Frozzies au Raid Amazones
https://www.linkedin.com/company/85882912;ONEFIT FAMILY
https://www.linkedin.com/company/77628421;A Crau Fit
https://www.linkedin.com/company/83016003;Now-Association
https://www.linkedin.com/company/43183326;Equi Nosce
https://www.linkedin.com/company/9413581;Aqualoft Fitness Club Aix-en-Provence
https://www.linkedin.com/company/11690135;TRIBU OUTFIT
https://www.linkedin.com/company/106118262;Mybluecoach
https://www.linkedin.com/company/33276896;Société Nautique Troyenne
https://www.linkedin.com/company/108483097;Massilia Neda
https://www.linkedin.com/company/46194111;Thalasso Deauville Algotherm
https://www.linkedin.com/company/71748029;Spa Holistique Marie de Bourgogne
https://www.linkedin.com/company/1644854;Bien Etre & Confort
https://www.linkedin.com/company/103462068;Spa du Château des Reynats
https://www.linkedin.com/company/106237754;Wellness Club Team
https://www.linkedin.com/company/36120459;Laboratoire LPEV
https://www.linkedin.com/company/72615639;ZenZone.TV
https://www.linkedin.com/company/34659035;EAULISTIC®
https://www.linkedin.com/company/33278571;SPA LEA ROSE
https://www.linkedin.com/company/43362495;Enjoy Riviera Massages
https://www.linkedin.com/company/10260042;Récréa
https://www.linkedin.com/company/18972620;CALICÉO
https://www.linkedin.com/company/12990143;Spa Français
https://www.linkedin.com/company/10354591;Aquilus Groupe
https://www.linkedin.com/company/10465133;UCPA Vitam
https://www.linkedin.com/company/84172938;2M Piscines Décoration
https://www.linkedin.com/company/91647701;Yac'Aventures
https://www.linkedin.com/company/75242820;SPA de Savoie
https://www.linkedin.com/company/106043240;Centre Nautique Intercommunal Lyon, Saint-Fons, Vénissieux
https://www.linkedin.com/company/34951717;GROUPE THIBON
https://www.linkedin.com/company/75747626;ALLIANCE Piscines Gourmanel
https://www.linkedin.com/company/90883641;Savoie Piscines et Spas
https://www.linkedin.com/company/25946994;DOMAINE DE LA DOMBES
https://www.linkedin.com/company/107923475;Isere Clean Piscine et Spa
https://www.linkedin.com/company/26308535;Alukov France
https://www.linkedin.com/company/49054844;Spa Suédois
https://www.linkedin.com/company/1237996;BWT Pool Products (Procopi)
https://www.linkedin.com/company/78657305;AquaMalo
https://www.linkedin.com/company/49391287;BIEN ETRE ET SERENITE
https://www.linkedin.com/company/37245277;Lappset France
https://www.linkedin.com/company/51723918;POOL STAFF
https://www.linkedin.com/company/107699742;BUENAVISTA PADEL CLUB
https://www.linkedin.com/company/106114294;Moulin des Découvertes
https://www.linkedin.com/company/101804695;Bel Abri France
https://www.linkedin.com/company/48510036;Union Sportive les Chartrons
https://www.linkedin.com/company/18390007;Sunvibes Outdoor Furniture
https://www.linkedin.com/company/91489248;SofatecFR
https://www.linkedin.com/company/18378014;storvatt_France
https://www.linkedin.com/company/103222610;LOCÉLO
https://www.linkedin.com/company/104950012;Domaine skiable d'Aussois (SGAT Parrachée Vanoise)
https://www.linkedin.com/company/89017196;Alukov Romandie
https://www.linkedin.com/company/2690145;Peak Plunge
https://www.linkedin.com/company/28587547;Make It Golf
https://www.linkedin.com/company/90638650;O2 Falaises
https://www.linkedin.com/company/105415277;Techniques Piscine
https://www.linkedin.com/company/94133782;Capkala France
https://www.linkedin.com/company/25823833;ZFitness
https://www.linkedin.com/company/13052851;NORPISCINE
https://www.linkedin.com/company/51530151;EASY PISCINES & SPAS
https://www.linkedin.com/company/66227329;JFM Concept
https://www.linkedin.com/company/1332072;Proludic France
https://www.linkedin.com/company/102621873;UP'SIDE
https://www.linkedin.com/company/81755645;Sports Nautic
https://www.linkedin.com/company/86826177;Les Thermes de Luynes
https://www.linkedin.com/company/89248240;Granbain
https://www.linkedin.com/company/86716668;Rêve de Piscine & Spa
https://www.linkedin.com/company/9332591;le Miel et l'Eau
https://www.linkedin.com/company/69533444;Le Grand Masque
https://www.linkedin.com/company/25584930;BULLE, LOISIRS ET BIEN-ETRE
https://www.linkedin.com/company/25818717;SPA AVENUE 51
https://www.linkedin.com/company/42925280;Domaine de Barres / Golf du Gévaudan
https://www.linkedin.com/company/75331089;ACTY Conseil
https://www.linkedin.com/company/103377058;Monolithe climbing
https://www.linkedin.com/company/18646191;OZONEX
https://www.linkedin.com/company/101550472;CENTRE AQUATIQUE NUNGESSER
https://www.linkedin.com/company/25489460;Celt’Aventures – Parcs multi-activités en forêt
https://www.linkedin.com/company/11716473;Spas Du Cottage
https://www.linkedin.com/company/26033449;PISCINES CLEMENT
https://www.linkedin.com/company/967631;Piscine et Jardin
https://www.linkedin.com/company/89264121;Trio Pyrénées
https://www.linkedin.com/company/11023220;Piscine Art Inox
https://www.linkedin.com/company/101623303;Ô LES BAINS
https://www.linkedin.com/company/106080818;Esprit Padel Developpement
https://www.linkedin.com/company/11122547;EVERBLUE PISCINES FRANCE
https://www.linkedin.com/company/4813307;Azenco Groupe
https://www.linkedin.com/company/100462979;La Boite à Piscines et Spas
https://www.linkedin.com/company/7222425;Réseau Piscinistes Indépendants Oasis Piscines & Spas
https://www.linkedin.com/company/92748569;ILOE PISCINES SPA
https://www.linkedin.com/company/26767794;LABEGE PISCINES EVERBLUE
https://www.linkedin.com/company/75259642;Calypso Piscines
https://www.linkedin.com/company/103081699;Monkey Park
https://www.linkedin.com/company/100863131;AMEX Piscines & SPA
https://www.linkedin.com/company/25591073;La Citédo
https://www.linkedin.com/company/111286919;Le Coin du Padel
https://www.linkedin.com/company/28494832;Aquapôle, Centre Aquatique Amiens Métropole
https://www.linkedin.com/company/86896544;Sokool
https://www.linkedin.com/company/38171691;KERSYAL Piscine et Bien Etre
https://www.linkedin.com/company/10653161;Yacht Crew Concierge
https://www.linkedin.com/company/92878188;Ferté Piscines
https://www.linkedin.com/company/45021208;VitalSpa
https://www.linkedin.com/company/112657364;UCPA Aqua Stadium Carcassonne
https://www.linkedin.com/company/37072857;Jeanne au lapin
https://www.linkedin.com/company/97917393;Spa Les Suites - Maison Bouvier - Tignes
https://www.linkedin.com/company/97918512;Spa By L'Occitane -Hôtel Pashmina Le Refuge *****
https://www.linkedin.com/company/91532038;Bien-être & hypnose en Combrailles - Nathalie Rambert
https://www.linkedin.com/company/45061865;Spa Nomad & Sens : Massages & Hammams
https://www.linkedin.com/company/80894174;SNOW GROUP
https://www.linkedin.com/company/25653074;SPA & CRYO
https://www.linkedin.com/company/1233091;ValVital
https://www.linkedin.com/company/11751255;Ladrôme Laboratoire
https://www.linkedin.com/company/27203410;capsix.
https://www.linkedin.com/company/28837000;ELANCIA
https://www.linkedin.com/company/7035154;Laboratoire ABIOCOM
https://www.linkedin.com/company/103503613;Laboratoires üma
https://www.linkedin.com/company/90860146;Maison Hygeia
https://www.linkedin.com/company/70434878;Work'n Fit
https://www.linkedin.com/company/69742279;Aïga Resort Thermal & Spa de Châtel-Guyon
https://www.linkedin.com/company/74493528;Premium Massage ????
https://www.linkedin.com/company/18816255;Balicina
https://www.linkedin.com/company/2781751;REFLEX OSTEO
https://www.linkedin.com/company/68859382;Cluster Équin Santé et Bien-Être du cheval
https://www.linkedin.com/company/85924543;SGT Coaching santé pour dirigeant(e)s
https://www.linkedin.com/company/18500101;Apsytude
https://www.linkedin.com/company/71239027;ACTIVITÉSANTÉ - APA & Maison Sport Santé
https://www.linkedin.com/company/10032078;Allcare innovations
https://www.linkedin.com/company/86269467;KAMALA Massage Formation
https://www.linkedin.com/company/26344657;THERMES DE SAINT-GERVAIS MONT BLANC
https://www.linkedin.com/company/76206110;Zenibul
https://www.linkedin.com/company/2898427;holi
https://www.linkedin.com/company/25444099;BIEN ETRE EN BULLE
https://www.linkedin.com/company/44759421;BIEN ETRE EN N'L
https://www.linkedin.com/company/69186142;Yoga Korner
https://www.linkedin.com/company/26471818;Sogevab - Vallée des Belleville
https://www.linkedin.com/company/18563491;Eric Falzon Massages Bien-Etre
https://www.linkedin.com/company/28184974;Sync
https://www.linkedin.com/company/111392233;ETRE ET PLENITUDE
https://www.linkedin.com/company/75552905;Mooving Arena
https://www.linkedin.com/company/27228967;EDC SPA MANAGEMENT
https://www.linkedin.com/company/77031063;Wellness At Work 63
https://www.linkedin.com/company/25324122;BIEN ETRE 5D
https://www.linkedin.com/company/25467949;Alphapole
https://www.linkedin.com/company/36107370;Soigne Ta Boite
https://www.linkedin.com/company/88944181;La Pensée Sauvage
https://www.linkedin.com/company/25566747;SPA DES CANUTS
https://www.linkedin.com/company/80300166;Coquelicot 42
https://www.linkedin.com/company/25770558;SPA SAINT-JEAN
https://www.linkedin.com/company/25780435;SPA Le Monde Intérieur
https://www.linkedin.com/company/37468018;Esther Le Garff bien-être particuliers & entreprises
https://www.linkedin.com/company/25863270;WELLNESS ATTITUDE
https://www.linkedin.com/company/76161218;Centre Ressource Lyon
https://www.linkedin.com/company/25352915;Spa by B
https://www.linkedin.com/company/25583782;SPA CHARLINE BEAUTE DETENTE
https://www.linkedin.com/company/26818603;SPA DORYANE B.
https://www.linkedin.com/company/108928899;Vie En Pleine Forme
https://www.linkedin.com/company/17940330;Royatonic -Bains & Soins -
https://www.linkedin.com/company/34935981;La Roulotte du Masseur
https://www.linkedin.com/company/98173859;Pure Wellness
https://www.linkedin.com/company/74278405;la vie en soie
https://www.linkedin.com/company/90742605;ORIA Sport
https://www.linkedin.com/company/96428529;THERMES DE VALS-LES-BAINS
https://www.linkedin.com/company/30644166;CARE - Art Thérapie
https://www.linkedin.com/company/45855675;Analyse Sport Santé | A2S
https://www.linkedin.com/company/76542311;PAMS-Sport
https://www.linkedin.com/company/37504704;Expire
https://www.linkedin.com/company/9351382;WAIR
https://www.linkedin.com/company/76169093;Apyforme
https://www.linkedin.com/company/72211527;Iron BodyFit - Meylan & Saint-Martin-le-Vinoux
https://www.linkedin.com/company/97889479;Accompagnement Corps Esprit
https://www.linkedin.com/company/102430034;VitalÔréflex
https://www.linkedin.com/company/102326791;Baumes de Bien-être
https://www.linkedin.com/company/75744958;HTC Santé Bourgoin-Jallieu
https://www.linkedin.com/company/99505995;BODY IMPACT
https://www.linkedin.com/company/106251801;Pilates in the city
https://www.linkedin.com/company/11484504;ECOLE WUSHUGUAN LYON
https://www.linkedin.com/company/68543417;Martial Yoga
https://www.linkedin.com/company/105193308;Feel Gong
https://www.linkedin.com/company/70933969;In-dividus
https://www.linkedin.com/company/103493939;ZenpourSoi
https://www.linkedin.com/company/19033494;BeNN Nutrition
https://www.linkedin.com/company/74153902;Spa La Zoologie
https://www.linkedin.com/company/10835220;L'Orange bleue
https://www.linkedin.com/company/18404858;LION COACH
https://www.linkedin.com/company/94246481;SPA Esprit D'ailleurs
https://www.linkedin.com/company/10656885;Laboratoire Phyto-Actif
https://www.linkedin.com/company/19074243;Les Corallines Thalasso & Resort - La Grande Motte
https://www.linkedin.com/company/72426451;CRENOLIBRE
https://www.linkedin.com/company/5322426;Propolia
https://www.linkedin.com/company/100149043;Forme & Vitalité en Entreprise
https://www.linkedin.com/company/42306499;MYKLINICA
https://www.linkedin.com/company/76914161;Lumm
https://www.linkedin.com/company/1960795;La Valériane
https://www.linkedin.com/company/44427407;ALAMEL
https://www.linkedin.com/company/10978471;EOS
https://www.linkedin.com/company/69246403;VIE Programme
https://www.linkedin.com/company/13055143;KOHEP
https://www.linkedin.com/company/18507207;Bien être animea
https://www.linkedin.com/company/72381715;Kiffe ton Cycle
https://www.linkedin.com/company/18813697;Olympe
https://www.linkedin.com/company/107737674;Bien-être & Cocooning
https://www.linkedin.com/company/36126414;Ultimate Physical
https://www.linkedin.com/company/25279905;BIEN ETRE BIEN VIVRE
https://www.linkedin.com/company/25503146;BIEN-ETRE ET BEAUTE
https://www.linkedin.com/company/42459312;CODE Luxury Spa Furniture
https://www.linkedin.com/company/70126640;WAFE CARE
https://www.linkedin.com/company/25251967;BIEN-ETRE ESTHETIQUE
https://www.linkedin.com/company/2750133;Philippe Roset, phytothérapeute
https://www.linkedin.com/company/105113122;CRYOTERA BASSIN ARCACHON
https://www.linkedin.com/company/49127438;STARTIME
https://www.linkedin.com/company/25301922;Laboratoires Natésis
https://www.linkedin.com/company/80010161;Résidence Les Chênes
https://www.linkedin.com/company/14023205;Quality Spa
https://www.linkedin.com/company/25258397;SPA GAIA
https://www.linkedin.com/company/51491830;Aquatonic Rennes Saint-Grégoire
https://www.linkedin.com/company/10202783;LMP Santé
https://www.linkedin.com/company/26345278;SPA 33 SIGNATURE
https://www.linkedin.com/company/25788706;SPA OCEAN
https://www.linkedin.com/company/92943193;Didier Biennassis
https://www.linkedin.com/company/26745915;SPA O NATUREL
https://www.linkedin.com/company/75172487;Spa du Bassin
https://www.linkedin.com/company/83567129;Sato bien-être
https://www.linkedin.com/company/100964576;Ressource Club
https://www.linkedin.com/company/98184310;Vitalian
https://www.linkedin.com/company/26837521;AQUATONIC
https://www.linkedin.com/company/11418893;Association Prendre Soin du Lien
https://www.linkedin.com/company/78696666;Activ'Coaching
https://www.linkedin.com/company/98154783;Cryopôle Clermont-l'Hérault
https://www.linkedin.com/company/25358654;Préperf
https://www.linkedin.com/company/102693826;O'SPA Care & Wellness Spa by Sothys
https://www.linkedin.com/company/37065259;Run'UP Forme
https://www.linkedin.com/company/88915518;Céline Shiatsu Montpellier
https://www.linkedin.com/company/78460931;Physiomins France
https://www.linkedin.com/company/86335161;Mr Spas
https://www.linkedin.com/company/93091399;ResterJeune.com
https://www.linkedin.com/company/27110766;Parapharmacie Cap Emeraude
https://www.linkedin.com/company/99535687;RACINE
https://www.linkedin.com/company/66970835;KAP CARE
https://www.linkedin.com/company/72708009;MEDICINAL
https://www.linkedin.com/company/106555476;Touch De Sens
https://www.linkedin.com/company/98223431;Jeûne en harmonie
https://www.linkedin.com/company/14817991;Espace Bien Etre ISTA
https://www.linkedin.com/company/53078070;Pur Vitaé
https://www.linkedin.com/company/82875062;Comité régional Asptt Occitanie
https://www.linkedin.com/company/102281081;Sophie Cotonat Cros - So'Sophro
https://www.linkedin.com/company/18829811;ESCALE DETENTE - SPA BORDEAUX
https://www.linkedin.com/company/104186031;TODA
https://www.linkedin.com/company/30656833;Le Centre Samcha
https://www.linkedin.com/company/107149200;malorie thibault
https://www.linkedin.com/company/42114202;Posturall
https://www.linkedin.com/company/14602089;The Office Fitness (Health & Wealth)
https://www.linkedin.com/company/69209519;AUX SOURCES DE SON BIEN ÊTRE
https://www.linkedin.com/company/107658533;Formations de massages bien-être - Sensation'aile by Cécile
https://www.linkedin.com/company/86364914;Activ'Spas
https://www.linkedin.com/company/103727634;Douce.
https://www.linkedin.com/company/105247729;Nature’L ??
https://www.linkedin.com/company/42394315;Zenora
https://www.linkedin.com/company/105261562;Prévention Santé TC
https://www.linkedin.com/company/85921867;KELLUA - Centre de Flottaison & Spa
https://www.linkedin.com/company/25269935;NATALI NATURE BIO
https://www.linkedin.com/company/107389835;Odona, maison du Bien-être, Audrey & Donatienne
https://www.linkedin.com/company/69227195;Sensation'Aile Massages by Cécile
https://www.linkedin.com/company/78433371;SO HEMPY
https://www.linkedin.com/company/76123151;ODENZIA
https://www.linkedin.com/company/79445908;Aurore Naturo
https://www.linkedin.com/company/83173351;P&C Bien être au travail
https://www.linkedin.com/company/51475849;YACHT CLUB DE SAINT LUNAIRE
https://www.linkedin.com/company/11860987;Off. Studio
https://www.linkedin.com/company/13031790;W4P4 - Wellbeing 4 You
https://www.linkedin.com/company/71513002;Haykal - Coach sportif
https://www.linkedin.com/company/68525246;NKÜSU
https://www.linkedin.com/company/18985701;KHARITES
https://www.linkedin.com/company/98311818;Active Yoga
https://www.linkedin.com/company/98424560;Spanda Wellbeing
https://www.linkedin.com/company/102117760;Lhotéa
https://www.linkedin.com/company/12624569;bobbo
https://www.linkedin.com/company/18334467;Jérémy MENET - Nutrition et Santé (Le Nutriscope)
https://www.linkedin.com/company/67930737;Energici
https://www.linkedin.com/company/66196254;Hortanimus Centre Ecothérapeutique
https://www.linkedin.com/company/29040570;Cristal VibraSons - Bol de Cristal Chantant
https://www.linkedin.com/company/86674594;Les Sens Du Bien-Etre 35
https://www.linkedin.com/company/5336525;INNOVZEN
https://www.linkedin.com/company/92466877;Les Bains D'Hygie
https://www.linkedin.com/company/74067155;MEDEINA - Association de Médiation par l'Animal en Gironde
https://www.linkedin.com/company/98745788;BODYHIT Rennes
https://www.linkedin.com/company/109740243;Athletic and Bath Club
https://www.linkedin.com/company/103513517;Association bien-être avec soi
https://www.linkedin.com/company/69224627;Bellissim'Moi - Séjours Minceur & Bien-être - Cap Ferret
https://www.linkedin.com/company/100285230;Manpaï
https://www.linkedin.com/company/37864142;Shiatsu Bordelais
https://www.linkedin.com/company/94256033;Fit in Rennes
https://www.linkedin.com/company/18574487;O'nidou
https://www.linkedin.com/company/106527065;Bulle de bien-être
https://www.linkedin.com/company/11163218;R2C DAC Îles du Nord
https://www.linkedin.com/company/76326303;CocoonbyCo
https://www.linkedin.com/company/93078138;Destination Spa
https://www.linkedin.com/company/81544130;Institut illis - Centre de bien-être
https://www.linkedin.com/company/11827938;Aptitude Santé
https://www.linkedin.com/company/13984923;Okéanis
https://www.linkedin.com/company/10524250;Newake
https://www.linkedin.com/company/91606870;Service Implantation - L'Orange Bleue
https://www.linkedin.com/company/11020057;CultureSpas
https://www.linkedin.com/company/111320074;SENSITIVEA centre de bien etre et relaxation
https://www.linkedin.com/company/106307669;Chupen IPRANA
https://www.linkedin.com/company/96216538;Cactus Bien-être
https://www.linkedin.com/company/26452445;KERAQUA Chateaubourg
https://www.linkedin.com/company/82969302;"""Et toi, ça va ?"""
https://www.linkedin.com/company/112635995;BIA Pro
https://www.linkedin.com/company/17922671;Origine Soleil
https://www.linkedin.com/company/110329238;Bohemia Spa
https://www.linkedin.com/company/106025376;CrossFit des Graves
https://www.linkedin.com/company/128774089;Cap Relaxation – Destination Bien-Être
https://www.linkedin.com/company/80270895;YOGA VILLA
https://www.linkedin.com/company/86280884;Le Fitness Saint-Malo
https://www.linkedin.com/company/108560247;Senk?
https://www.linkedin.com/company/82878819;Péniche Naturaflo
https://www.linkedin.com/company/107198410;maison tokama
https://www.linkedin.com/company/106810844;L'île de Kos
https://www.linkedin.com/company/18242807;Solutions Nutrition
https://www.linkedin.com/company/98132503;Viva Ter'Happy
https://www.linkedin.com/company/103984280;HTC Santé Montpellier Est
https://www.linkedin.com/company/75250522;Bien être Beauté
https://www.linkedin.com/company/109239126;Sandro Spa
https://www.linkedin.com/company/81425598;CrossFit Le Mans
https://www.linkedin.com/company/90788631;La Méthode Adamski - France
https://www.linkedin.com/company/84457210;La Maison Gaïa
https://www.linkedin.com/company/49139506;Functional & Power Gym
https://www.linkedin.com/company/105101347;Cocoon Alpes
https://www.linkedin.com/company/11070690;MAM sport santé
https://www.linkedin.com/company/31412184;Wilive
https://www.linkedin.com/company/2242009;Azur Massages
https://www.linkedin.com/company/91063919;Maison Synèse
https://www.linkedin.com/company/76513357;Pure Breath
https://www.linkedin.com/company/86318241;IntimiSpa
https://www.linkedin.com/company/106594104;Europe Spa
https://www.linkedin.com/company/569102;Chamonix Exclusive
https://www.linkedin.com/company/76216527;So Yoga
https://www.linkedin.com/company/105789158;Espace Toï Toï
https://www.linkedin.com/company/25814499;Resort thermal de La Lechere
https://www.linkedin.com/company/26819337;CENTRE ROOSEVELT
https://www.linkedin.com/company/88062447;Ma Bulle Bien-Etre
https://www.linkedin.com/company/106056411;Hello Soins
https://www.linkedin.com/company/11346090;Fit Mama
https://www.linkedin.com/company/86152903;Le Souffle du Farou
https://www.linkedin.com/company/80436687;L'Odyssée Spa
https://www.linkedin.com/company/106087491;CRYOPTIM Sallanches
https://www.linkedin.com/company/91490305;PureForm
https://www.linkedin.com/company/26470123;LE SPA
https://www.linkedin.com/company/100268461;Poz N' Go
https://www.linkedin.com/company/96020073;Espace Présence avec Ani
https://www.linkedin.com/company/64829667;Sylvain Perriollat Magnetiseur
https://www.linkedin.com/company/42327838;Maison l'Instant
https://www.linkedin.com/company/2114194;Aquaflorès
https://www.linkedin.com/company/26856877;DIEN CHAN INSTITUTE
https://www.linkedin.com/company/89317858;Synergique
https://www.linkedin.com/company/91568406;Audrey VIAL KOBIDO
https://www.linkedin.com/company/118864330;Kaizen Vegetal
https://www.linkedin.com/company/29332585;PITAGORA PHILOSOPHIE
https://www.linkedin.com/company/71980139;Supra France
https://www.linkedin.com/company/38118902;PITAGORA HOME
https://www.linkedin.com/company/75280270;FitnessLac
https://www.linkedin.com/company/94231912;Emmanuelle ASTORG BRINON EI
https://www.linkedin.com/company/93105368;Les Soins de Carlie
https://www.linkedin.com/company/103895258;De Vous à l'Autre
https://www.linkedin.com/company/18601302;Accompagnement au bien-Etre, sophrologie
https://www.linkedin.com/company/18497233;Kieji
https://www.linkedin.com/company/42164753;Vital Tour
https://www.linkedin.com/company/42090314;Eve Mercier
https://www.linkedin.com/company/25213921;L'INSTANT BIEN-ETRE
https://www.linkedin.com/company/130584199;Fit&PleineSanté
https://www.linkedin.com/company/53086539;Les Sources d'Aulps
https://www.linkedin.com/company/111558933;Éléments d'Âme - Massage Bien-être Annecy
https://www.linkedin.com/company/104947592;Seren'Alp
https://www.linkedin.com/company/35507718;CDINO.COM
https://www.linkedin.com/company/77222545;Les Marches du Bien-être
https://www.linkedin.com/company/102128997;Atelier Douce Heure
https://www.linkedin.com/company/103502892;Massage Assis en entreprise - Sandrine JACQUET
https://www.linkedin.com/company/18807766;Sauna des Savoies
https://www.linkedin.com/company/26979299;VALERIE BIEN-ETRE
https://www.linkedin.com/company/108792186;Lorène Burgun - Yoga en entreprise
https://www.linkedin.com/company/112344815;Respire by Deborah
https://www.linkedin.com/company/108145079;EQUANIMIA
https://www.linkedin.com/company/76552071;A Corps Joie
https://www.linkedin.com/company/84438504;Yoga Terre Happy-Vincente Cadé
https://www.linkedin.com/company/101450856;NutriConseil By Jacinta
https://www.linkedin.com/company/26806474;REFLEX'O BIEN ÊTRE
https://www.linkedin.com/company/10273262;Inspiraction-Coaching
https://www.linkedin.com/company/26959393;LUNE BIEN ETRE
https://www.linkedin.com/company/88463411;Tishakaran - Thaï Massage & Spa
https://www.linkedin.com/company/105193749;AlpFitness
https://www.linkedin.com/company/11108469;Atelier du Mouvement Le Mans
https://www.linkedin.com/company/113165404;Massage Annecy®
https://www.linkedin.com/company/25656825;BIO-SPA ESTHETIQUE
https://www.linkedin.com/company/90641036;EVIIA
https://www.linkedin.com/company/71515697;Feel'In Yoga & Ayurveda
https://www.linkedin.com/company/72446830;Les Chemins d'Ariane -Sophrologue
https://www.linkedin.com/company/36083213;Lambert Frédérique Kinésiologue
https://www.linkedin.com/company/18717893;PAUSE ESSENTIELLE
https://www.linkedin.com/company/76100203;Atempo Massage
https://www.linkedin.com/company/26806015;EURL CHARLOTTE BEAUTE BIEN-ETRE & SPA
https://www.linkedin.com/company/25681558;Maison de la Beauté ESTHETIQUE et BIEN-ÊTRE
https://www.linkedin.com/company/10603525;Objectif de Vie
https://www.linkedin.com/company/111574995;Parenthèse Zen Pro
https://www.linkedin.com/company/110353211;Arnica - Centre de soins
https://www.linkedin.com/company/105475956;Naturopathe Delphine Gonnet
https://www.linkedin.com/company/92678909;Natural High, Yoga Experience
https://www.linkedin.com/company/101325508;Yoga et Soins avec Domenica
https://www.linkedin.com/company/88652103;CFIT Harmonie Sport Santé
https://www.linkedin.com/company/72471290;Révélez l'extraordinaire
https://www.linkedin.com/company/78655494;TIAN DAO
https://www.linkedin.com/company/109196247;Corps Sculpté
https://www.linkedin.com/company/102133910;Idéal Luxo
https://www.linkedin.com/company/83844293;La Malle à bien-être
https://www.linkedin.com/company/109825718;AmmaLink
https://www.linkedin.com/company/105696958;Danse TON Energie
https://www.linkedin.com/company/77578922;Cabinet Osmose Sandrine Briot
https://www.linkedin.com/company/13015513;Isabelle DEVEZE
https://www.linkedin.com/company/26433115;FITNESS PASSION ET SPA
https://www.linkedin.com/company/25537899;Coconing
https://www.linkedin.com/company/25778537;Vincent Rabec Consulting
https://www.linkedin.com/company/25222989;LE JARDIN DES SOINS DU FAUCIGNY
https://www.linkedin.com/company/49854186;Club Piou Piou Megeve
https://www.linkedin.com/company/25801419;SABRINA SALOMON
https://www.linkedin.com/company/68248771;Spa-A
https://www.linkedin.com/company/72278919;Spa Alaena Paris
https://www.linkedin.com/company/50312143;SPA LUXURY PARIS
https://www.linkedin.com/company/9390886;Spa Mamabali
https://www.linkedin.com/company/10567730;Quartier Frais
https://www.linkedin.com/company/106216632;EN Salon de Beauté
https://www.linkedin.com/company/105187183;NutriPerformances
https://www.linkedin.com/company/5001853;Kolibree
https://www.linkedin.com/company/83852273;Spa Arzana
https://www.linkedin.com/company/13186127;ActivCorner
https://www.linkedin.com/company/101783357;Louis Fabre Coaching
https://www.linkedin.com/company/71686214;Vulvae Fondation Santé
https://www.linkedin.com/company/30702595;Bélénos-Enjeux-Nutrition
https://www.linkedin.com/company/19153291;SEVEN massage + Santé QVT et inclusion
https://www.linkedin.com/company/3020529;TREND SOURCING
https://www.linkedin.com/company/108529235;Nlyte Health
https://www.linkedin.com/company/76561623;BFM Marketing
https://www.linkedin.com/company/11144013;Wellness-Week
https://www.linkedin.com/company/11145385;Yo'Time
https://www.linkedin.com/company/14054965;Groupe Nature
https://www.linkedin.com/company/1767291;Umanlife
https://www.linkedin.com/company/26443105;SPA CARPE DIEM
https://www.linkedin.com/company/3793020;Sharecare France
https://www.linkedin.com/company/103132729;AdoptYourCoach
https://www.linkedin.com/company/77038870;MEETMYCOACH
https://www.linkedin.com/company/23730147;Diet & Sport Coaching
https://www.linkedin.com/company/79493765;EÏA SPA - Pour les hôtels de luxe
https://www.linkedin.com/company/19261268;SensAi Technologies
https://www.linkedin.com/company/501197;Zemassage
https://www.linkedin.com/company/11371085;Sophro Express
https://www.linkedin.com/company/5183921;Bloomizon
https://www.linkedin.com/company/11747922;Quantum Khor
https://www.linkedin.com/company/73932345;Hygie-Lab / mb42
https://www.linkedin.com/company/112346191;The French Patch
https://www.linkedin.com/company/68788845;PROMOTEUR QUIARI
https://www.linkedin.com/company/102164349;Upright
https://www.linkedin.com/company/91189619;Lutetia Santé Performance
https://www.linkedin.com/company/79984770;Team Pharma Santé
https://www.linkedin.com/company/29037994;WellnessTravelPRO
https://www.linkedin.com/company/73411184;Club Mojo
https://www.linkedin.com/company/76469303;SKINCARE AGENCY
https://www.linkedin.com/company/14864679;LOUKOUMOTIV'
https://www.linkedin.com/company/104234961;OMVIDA PARIS
https://www.linkedin.com/company/76320218;My Happy Office
https://www.linkedin.com/company/79706734;Navae.fr | Le bien-être simplifié
https://www.linkedin.com/company/79304795;Vital'eau
https://www.linkedin.com/company/26043257;Bioteafull
https://www.linkedin.com/company/118864062;Leeka
https://www.linkedin.com/company/68544955;Zen Labe
https://www.linkedin.com/company/72028809;Belleyme
https://www.linkedin.com/company/10528789;Wellness Group
https://www.linkedin.com/company/11493290;Circular
https://www.linkedin.com/company/11247650;CYD
https://www.linkedin.com/company/10938104;Cellublue
https://www.linkedin.com/company/14005575;Epycure Laboratoire
https://www.linkedin.com/company/68524519;Villa M
https://www.linkedin.com/company/85934841;Eat4Good France
https://www.linkedin.com/company/11005345;Fiters
https://www.linkedin.com/company/38076660;Bodyminute
https://www.linkedin.com/company/10071270;PERCKO
https://www.linkedin.com/company/72353805;OMENA
https://www.linkedin.com/company/13025727;ULTEAM
https://www.linkedin.com/company/10977123;Yoburo
https://www.linkedin.com/company/66608559;Docare
https://www.linkedin.com/company/10280186;CONCILIO
https://www.linkedin.com/company/2494150;BOTICINAL Dotcom
https://www.linkedin.com/company/17920726;Moona
https://www.linkedin.com/company/26749634;FRANCE THERMES
https://www.linkedin.com/company/42882942;HYGÉE
https://www.linkedin.com/company/12975349;AS Mouvement
https://www.linkedin.com/company/73404403;de Gasquet Institut
https://www.linkedin.com/company/7137345;Nordique France
https://www.linkedin.com/company/2880847;Solgar France
https://www.linkedin.com/company/93106723;Yada
https://www.linkedin.com/company/76994362;Hydrafacial France
https://www.linkedin.com/company/18381612;Champion Spirit International
https://www.linkedin.com/company/5391749;Bluetens
https://www.linkedin.com/company/4286449;Fitnext
https://www.linkedin.com/company/26395875;Le Tigre Yoga
https://www.linkedin.com/company/10994445;AllSessions
https://www.linkedin.com/company/82414655;LB FACIALISTES
https://www.linkedin.com/company/86359837;être.
https://www.linkedin.com/company/3222594;ELIXIRS & CO
https://www.linkedin.com/company/25357861;MON STADE
https://www.linkedin.com/company/3089226;AlterMassage : santé et inclusion
https://www.linkedin.com/company/76136792;easyGym France
https://www.linkedin.com/company/18433353;Sieste Flash
https://www.linkedin.com/company/11192719;Le Spa Dans le Noir ?
https://www.linkedin.com/company/15177870;Nomad's
https://www.linkedin.com/company/2658171;Meïs? - Centres de flottais?n et d’introspection
https://www.linkedin.com/company/116016759;noa
https://www.linkedin.com/company/69643389;CALMA PARIS
https://www.linkedin.com/company/106571149;Liberty Country Club
https://www.linkedin.com/company/72470367;Korper
https://www.linkedin.com/company/49705922;Aquatonic Paris Val d’Europe
https://www.linkedin.com/company/44589418;Golf De Saint-Cloud
https://www.linkedin.com/company/11022877;Plim Underwear
https://www.linkedin.com/company/71620535;MyBody
https://www.linkedin.com/company/34947486;Physaro
https://www.linkedin.com/company/704490;Anxa.com
https://www.linkedin.com/company/5258941;CAP TONIC
https://www.linkedin.com/company/82287273;ColorForever Nail Bar
https://www.linkedin.com/company/93340760;Institut Berry
https://www.linkedin.com/company/10795641;AG Ostéopathe
https://www.linkedin.com/company/68578534;Studio Smile
https://www.linkedin.com/company/26779682;MAMANS & MERVEILLES
https://www.linkedin.com/company/45985384;Studio Harmonic
https://www.linkedin.com/company/85132766;Cl?m?ns
https://www.linkedin.com/company/11094135;Beauté BIO
https://www.linkedin.com/company/76102823;Noa Naturopathe
https://www.linkedin.com/company/79662497;MANORA
https://www.linkedin.com/company/46665883;Aqualoft Ferrières
https://www.linkedin.com/company/947278;Ban Sabai
https://www.linkedin.com/company/72050041;Sport et Bien-être®
https://www.linkedin.com/company/67917165;ANAVRIN
https://www.linkedin.com/company/37477635;Le Studio Lagree
https://www.linkedin.com/company/71764845;Wahine
https://www.linkedin.com/company/20157722;Mudra Yoga
https://www.linkedin.com/company/78649170;PRATICIENNE BIEN ETRE
https://www.linkedin.com/company/44849971;Club Oxygène
https://www.linkedin.com/company/25208797;MAISON DU BIEN ÊTRE
https://www.linkedin.com/company/26069415;Le Dôme de Vincennes
https://www.linkedin.com/company/44513815;FIT ET SENS
https://www.linkedin.com/company/48711011;ATHLETIC FACTORY
https://www.linkedin.com/company/1421469;Wellness Training
https://www.linkedin.com/company/450830;Be Relax
https://www.linkedin.com/company/10459761;Life Plus IO
https://www.linkedin.com/company/80854799;Cocoon Me
https://www.linkedin.com/company/27228379;Forum HOTel&SPA Paris
https://www.linkedin.com/company/1301746;BGA CORP
https://www.linkedin.com/company/18123903;Spa-Specialist
https://www.linkedin.com/company/98453799;Festival du Mieux-Être de Melun
https://www.linkedin.com/company/86114046;Association Bulle d'EIR Elbeuf / sport santé et bien-être
https://www.linkedin.com/company/104051905;TERAPEYA
https://www.linkedin.com/company/77047447;Le Loft Fitness
https://www.linkedin.com/company/89216961;Eden Bien-être
https://www.linkedin.com/company/20370034;Bliss Bien-être
https://www.linkedin.com/company/38110331;Damoiselle
https://www.linkedin.com/company/109823806;Lou Studio Versailles
https://www.linkedin.com/company/83790821;Wellfuz
https://www.linkedin.com/company/74520541;Tii Bann Thaï Spa
https://www.linkedin.com/company/74994366;Grain de Beauté Institut
https://www.linkedin.com/company/97034483;Au coeur de la Vie 77
https://www.linkedin.com/company/76122518;Hokuto No Shiatsu
https://www.linkedin.com/company/113185147;LA SÉRÉNITÉ DE L'ÂME
https://www.linkedin.com/company/99323069;Estelle Réflexologie
https://www.linkedin.com/company/89186488;EVEREST STUDIO
https://www.linkedin.com/company/87235767;Nutriform
https://www.linkedin.com/company/105548069;Shiatsu Bien Etre - Pizzo Monique
https://www.linkedin.com/company/27063049;Namaste Naturo
https://www.linkedin.com/company/69180495;Spa Thalasso Création Ingénierie
https://www.linkedin.com/company/77374118;Spa Un moment pour Soi
https://www.linkedin.com/company/86680246;Evexia Sport - Santé - Bien-être | Avignon
https://www.linkedin.com/company/25259102;Parapharmacie Lafayette
https://www.linkedin.com/company/14832923;APOLLO 3S
https://www.linkedin.com/company/28595771;Queeny
https://www.linkedin.com/company/94218074;Holistic Babe I Coaching et thérapie en ligne
https://www.linkedin.com/company/7972949;STCG | Spa Thalasso Conseil Gestion
https://www.linkedin.com/company/111056129;Beez Bien-être Entreprise
https://www.linkedin.com/company/36987999;Institut & Spa Maison Toussaint
https://www.linkedin.com/company/87244898;POWER GYM
https://www.linkedin.com/company/72392531;CRYØ WORLD
https://www.linkedin.com/company/107254873;Cap La Tranche sur Mer - Fitness & Bien-être
https://www.linkedin.com/company/47957526;DaySpa
https://www.linkedin.com/company/93309517;Provence Spa
https://www.linkedin.com/company/67950450;Rainbow Mindfulness
https://www.linkedin.com/company/146237103;Studio 65
https://www.linkedin.com/company/146226338;SET Amiens
https://www.linkedin.com/company/14797041;Laboratoires Christian Roche
https://www.linkedin.com/company/98373436;Distributeur de Bien-Être Vendéen
https://www.linkedin.com/company/105703258;Dream's Spa
https://www.linkedin.com/company/77138009;Le miroir de Flo
https://www.linkedin.com/company/111985919;Le Soana
https://www.linkedin.com/company/26954059;NATSUCA
https://www.linkedin.com/company/68141629;LE NOYAU - BIEN ÊTRE
https://www.linkedin.com/company/77074079;Réflexologie Julie Pilard
https://www.linkedin.com/company/98020169;ELECTROBODY 84
https://www.linkedin.com/company/93645581;Madero Terra
https://www.linkedin.com/company/5241427;Latitude Zen
https://www.linkedin.com/company/10689463;Centre Thermal La Roche-Posay
https://www.linkedin.com/company/102983551;Santé Vous Bien 86
https://www.linkedin.com/company/102646188;Biligen
https://www.linkedin.com/company/2752371;Yazen
https://www.linkedin.com/company/47006479;MAISON DU YOGA ET DU BIEN-ÊTRE (MYBE)
https://www.linkedin.com/company/25513605;AZENKA
https://www.linkedin.com/company/12639559;Le chant du silence
https://www.linkedin.com/company/18796645;Salon Chrysalide-Le Rendez vous du Bien Etre
https://www.linkedin.com/company/28817145;Association Thérapies & Mieux-Être
https://www.linkedin.com/company/69502794;FORCE D'EQUIPE
https://www.linkedin.com/company/64970049;Pascale Chatelain EI, Les sentiers de l'équilibre
https://www.linkedin.com/company/79048928;Zennad
https://www.linkedin.com/company/103374063;BIEN-ÊTRE POUR VOUS
https://www.linkedin.com/company/6471762;THERMES ADOUR / ARENADOUR
https://www.linkedin.com/company/42089987;MARISA BIEN ETRE
https://www.linkedin.com/company/26418033;BIEN ETRE EN FORME
https://www.linkedin.com/company/25843330;LABORATOIRE NUTRAVANCE
https://www.linkedin.com/company/25533585;SPA NATURA
https://www.linkedin.com/company/80023982;Beau Boudoir
https://www.linkedin.com/company/25619863;SPA AKOYAWA SARL
https://www.linkedin.com/company/75350703;Aquavithal
https://www.linkedin.com/company/76156407;Lauriane Baranger Sophrologie
https://www.linkedin.com/company/109540970;INVERSO*
https://www.linkedin.com/company/18432506;VIE SPA
https://www.linkedin.com/company/93379551;Hypnose, bien-être & performances
https://www.linkedin.com/company/11020023;Les Bains de Dax
https://www.linkedin.com/company/11761553;New Body Technology
https://www.linkedin.com/company/81310245;Aquazen Pôle
https://www.linkedin.com/company/14039417;CENTRE ONE
https://www.linkedin.com/company/73818631;HARMONIA MASSAGES
https://www.linkedin.com/company/42466163;Cryoespace
https://www.linkedin.com/company/11410895;FIL-MEDICAL
https://www.linkedin.com/company/69674431;éOPP
https://www.linkedin.com/company/64256975;SMAC | Salon des Médecines Alternatives & Complémentaires
https://www.linkedin.com/company/98056958;Green Beer Spa
https://www.linkedin.com/company/9208197;DE PAS APA
https://www.linkedin.com/company/106313355;Zen and Reboost
https://www.linkedin.com/company/86637645;Ma Bulle Bien-être
https://www.linkedin.com/company/86850495;Beauty Loft by S
https://www.linkedin.com/company/11872025;NEAU BODY BIEN ETRE
https://www.linkedin.com/company/76511625;Bodysphere
https://www.linkedin.com/company/102121883;Le Spa, Un Ailleurs Enchanté
https://www.linkedin.com/company/25622185;ODALYS SANTE
https://www.linkedin.com/company/80089275;Santekin
https://www.linkedin.com/company/100148185;Cabinet Harmony - Franck Besse Hypnothérapie
https://www.linkedin.com/company/26821441;CORPORUM
https://www.linkedin.com/company/105185957;L?STUDIO
https://www.linkedin.com/company/13985938;Via Energetica Annuaire Bien-Être en Touraine
https://www.linkedin.com/company/106181465;Villa Orgosse Soustons
https://www.linkedin.com/company/73208611;QVT Rhône Alpes
https://www.linkedin.com/company/42137235;Pierre de Lune - Centre de bien-être
https://www.linkedin.com/company/84131190;ADOUR SANTE
https://www.linkedin.com/company/100442816;MON OASIS BABY SPA
https://www.linkedin.com/company/90659873;Enfants d'Ofée
https://www.linkedin.com/company/25962966;MELTING FORME
https://www.linkedin.com/company/75853766;Ulkona - Sport santé & Bien-être
https://www.linkedin.com/company/86657049;KEMEA STUDIO
https://www.linkedin.com/company/76609569;Mano a Mano Massages bien-être
https://www.linkedin.com/company/111341793;LIFE SPA
https://www.linkedin.com/company/26939538;FormUp Private
https://www.linkedin.com/company/107603451;ELEVATE - Massages Sportifs & Bien-Être
https://www.linkedin.com/company/105212958;Groupe ARENADOUR
https://www.linkedin.com/company/88647037;L'Appart Fitness Eybens
https://www.linkedin.com/company/72127457;Justine GERMAIN - Préparateur Mental
https://www.linkedin.com/company/108956969;Boa Thaï
https://www.linkedin.com/company/101543999;Perform Sport Room
https://www.linkedin.com/company/110123594;Séléné Bien-être
https://www.linkedin.com/company/103884541;Sanación bien-être - Massages
https://www.linkedin.com/company/86472679;L'Or Est en Vous
https://www.linkedin.com/company/105249379;MANÉO SPA
https://www.linkedin.com/company/97209037;Ô SPA DES SENS 38
https://www.linkedin.com/company/80020325;La Fine Fleur
https://www.linkedin.com/company/86123305;Calypso
https://www.linkedin.com/company/86336737;Iris Centre de bien-être
https://www.linkedin.com/company/11051684;PHILÉMON 1889
https://www.linkedin.com/company/110057221;SPC
https://www.linkedin.com/company/18345098;Báon nutrition
https://www.linkedin.com/company/1114565;SAS ALPES BIEN-ÊTRE
https://www.linkedin.com/company/25710122;SET ALLEVARD
https://www.linkedin.com/company/84461254;Beauté d'orient
https://www.linkedin.com/company/25371851;CENTRE DE BIEN-ETRE
https://www.linkedin.com/company/93821457;Parenthèse de douceur
https://www.linkedin.com/company/106259708;Le Phare Grenoble | Studio de Yoga
https://www.linkedin.com/company/112831139;Sens'Ora
https://www.linkedin.com/company/100844501;Les Mains de Lili
https://www.linkedin.com/company/105790411;Maison de Beauté Pure Concept
https://www.linkedin.com/company/15246951;Olymp Wellness
https://www.linkedin.com/company/42925806;Valérie Lescornez Naturopathe Energéticienne
https://www.linkedin.com/company/83552918;KEEN B.e.e
https://www.linkedin.com/company/100146341;Manakala, Massage Beauté & Bien-être
https://www.linkedin.com/company/56458895;Harmony Massages
https://www.linkedin.com/company/100400057;LPBIENETRE
https://www.linkedin.com/company/91479498;Les sens du bien-être
https://www.linkedin.com/company/103897101;Réflexo Kino Mana'o
https://www.linkedin.com/company/104039938;YOGIWEL
https://www.linkedin.com/company/86942533;NUTRI CONSULT
https://www.linkedin.com/company/25463057;LP BIEN-ETRE
https://www.linkedin.com/company/80259159;Evatys, l'Alcôve Des Sens
https://www.linkedin.com/company/106180681;Sologne Fitness
https://www.linkedin.com/company/101543179;Bulle de Mieux - Delphine CHARRIERE
https://www.linkedin.com/company/72006818;Ô Cœur de Soi
https://www.linkedin.com/company/90764559;Fais Ta Bulle
https://www.linkedin.com/company/83089709;Cabinet Julie Roudot Naturopathe
https://www.linkedin.com/company/91487205;Landes Mains Détente
https://www.linkedin.com/company/26379783;ESPACE BIEN ETRE L'ORCHIDEE
https://www.linkedin.com/company/25756427;ESPACE BIEN ETRE ET BEAUTE
https://www.linkedin.com/company/111303932;Le Village Périnatal
https://www.linkedin.com/company/23766031;Institut IGES
https://www.linkedin.com/company/26826323;REFLEXOLOGIE et bien être
https://www.linkedin.com/company/98436193;PROFITE
https://www.linkedin.com/company/18823582;Les Petites Mains
https://www.linkedin.com/company/88910030;DaoRéflexo
https://www.linkedin.com/company/105850545;Lyla sophro
https://www.linkedin.com/company/75198978;La Source de Bien Être
https://www.linkedin.com/company/102451844;Fleur de Virginie
https://www.linkedin.com/company/28549183;Le Monde de Cha
https://www.linkedin.com/company/105241748;La Bulle D'Anna
https://www.linkedin.com/company/109571260;Douceur2peau
https://www.linkedin.com/company/26398433;REFLEX'FORM
https://www.linkedin.com/company/77635319;Enkira.fr
https://www.linkedin.com/company/107509030;8SHEMOOV Club 100% Femmes
https://www.linkedin.com/company/103464050;La Source Naturopathe
https://www.linkedin.com/company/103119618;HUGEIA
https://www.linkedin.com/company/77059139;Bella ' Zen à domicile
https://www.linkedin.com/company/107605270;Iron Bodyfit - Salaise-Sur-Sanne
https://www.linkedin.com/company/105705671;Iron Bodyfit - Vienne
https://www.linkedin.com/company/18612175;Le Vestibule Coiffure
https://www.linkedin.com/company/11084679;Nathalie Cardin Herbalife
https://www.linkedin.com/company/118894590;IRONBODYFIT TOURS
https://www.linkedin.com/company/80654738;With them for your best
https://www.linkedin.com/company/107443531;Julie Yog'Art
https://www.linkedin.com/company/100163370;Essenti'AL
https://www.linkedin.com/company/92930243;Lieu d'Être
https://www.linkedin.com/company/18465739;Nutri'k
https://www.linkedin.com/company/31346665;The Kind of Health
https://www.linkedin.com/company/112597995;La Villa Piaz
https://www.linkedin.com/company/11870817;Bien Etre Quotidien
https://www.linkedin.com/company/44481986;Parc naturel régional des Caps et Marais d’Opale
https://www.linkedin.com/company/85873563;Spa 21 Nantes
https://www.linkedin.com/company/2948105;Fabulous
https://www.linkedin.com/company/12672217;SPA L'ESPRIT DES SENS
https://www.linkedin.com/company/18622606;WELLNESS WAVE // ???
https://www.linkedin.com/company/65274749;Menopause Experts Group Limited
https://www.linkedin.com/company/28664758;SPA privé Uzès
https://www.linkedin.com/company/11259370;KINEDO
https://www.linkedin.com/company/10037605;Chic des Plantes !???? I Certifiée B Corp™
https://www.linkedin.com/company/103444665;PROFIL SPA
https://www.linkedin.com/company/69516282;Bien être, Minceur et Bonne Santé
https://www.linkedin.com/company/11177157;bsport
https://www.linkedin.com/company/96233661;En Soi_Aix
https://www.linkedin.com/company/12981951;VALDYS GROUPE
https://www.linkedin.com/company/218675;Association Siel Bleu
https://www.linkedin.com/company/26369429;Kwit
https://www.linkedin.com/company/18818005;TrainMe
https://www.linkedin.com/company/10935767;Novoma
https://www.linkedin.com/company/11058069;pbi - probeautic institut
https://www.linkedin.com/company/34577791;Master Wellness Management
https://www.linkedin.com/company/35464130;Laboratoire Les Trois Chênes
https://www.linkedin.com/company/9431023;Star Wellness
https://www.linkedin.com/company/100375039;FLEXX Nice, Club Sport & Bien-Être
https://www.linkedin.com/company/34695707;The Sanctuary Group
https://www.linkedin.com/company/3503449;Pharmacie Cap3000
https://www.linkedin.com/company/14836949;Wellness Office
https://www.linkedin.com/company/3109967;Skinjay Paris
https://www.linkedin.com/company/1647041;Brain Up Association
https://www.linkedin.com/company/11464439;Morphée
https://www.linkedin.com/company/11260903;Herbalife France
https://www.linkedin.com/company/30607593;Masada
https://www.linkedin.com/company/2466462;Enfin Lundi
https://www.linkedin.com/company/53087740;Laboratoires YSONUT FRANCE
https://www.linkedin.com/company/1528637;COMME J'AIME
https://www.linkedin.com/company/27054663;Maison Camille Becht
https://www.linkedin.com/company/18699563;BODYHIT
https://www.linkedin.com/company/81909749;Camp Chateau
https://www.linkedin.com/company/5636399;Laboratoire EffiNov Nutrition
https://www.linkedin.com/company/1460277;Les Paniers de Léa
https://www.linkedin.com/company/1733478;FizzUp
https://www.linkedin.com/company/104951877;Bien-être by claudia
https://www.linkedin.com/company/105789025;WELL
https://www.linkedin.com/company/18670279;IRATI Group
https://www.linkedin.com/company/69496185;Audio 2000
https://www.linkedin.com/company/28668149;Iron Bodyfit France
https://www.linkedin.com/company/72596947;The French Herborist
https://www.linkedin.com/company/11492077;Mutualité Française Saône-et-Loire
https://www.linkedin.com/company/71677087;Association francophone de psychoéducation Profamille
https://www.linkedin.com/company/37511889;Bains d'Epsom - Spa de flottaison
https://www.linkedin.com/company/52115986;Circles
https://www.linkedin.com/company/90765862;LE TEMPLE DES ESSENCES
https://www.linkedin.com/company/42760711;SPORT TO BE
https://www.linkedin.com/company/13047047;Opti'Mouv
https://www.linkedin.com/company/30168259;Le Basket Center
https://www.linkedin.com/company/27024789;GINGERLY
https://www.linkedin.com/company/28941518;VIT'ALL+
https://www.linkedin.com/company/78555410;ER BIEN-ETRE 69
https://www.linkedin.com/company/110766026;THALASSO SPA LES ISSAMBRES
https://www.linkedin.com/company/10972875;MASSAGE CHOUETTE
https://www.linkedin.com/company/45394385;FLORIHANA
https://www.linkedin.com/company/76828421;HATAHE & CO
https://www.linkedin.com/company/106538728;Bien-Etre Pro
https://www.linkedin.com/company/3527391;Institut des Rencontres de la Forme (IRFO)
https://www.linkedin.com/company/15183853;Ellcie Healthy
https://www.linkedin.com/company/43303062;KENVAD
https://www.linkedin.com/company/18878610;AlgaWell
https://www.linkedin.com/company/18791385;Business Online Opportunity
https://www.linkedin.com/company/54111188;sportandgreen
https://www.linkedin.com/company/36134659;Pilates - Emilie Reims
https://www.linkedin.com/company/10797963;Cryotera France
https://www.linkedin.com/company/102083680;Bien Dans Mon Jeûne
https://www.linkedin.com/company/68541826;Château du Launay
https://www.linkedin.com/company/19096074;AFO TECH fermé
https://www.linkedin.com/company/3681763;Studio COMME J'AIME
https://www.linkedin.com/company/26018618;LES THERMES DE SAUJON
https://www.linkedin.com/company/105843530;Wellness Nutrition & business
https://www.linkedin.com/company/13990642;Kalon Barre
https://www.linkedin.com/company/37045347;CHARME D'ORIENT PARIS
https://www.linkedin.com/company/81436653;IA Medical
https://www.linkedin.com/company/31428941;EHPAD Les jardins de Matisse
https://www.linkedin.com/company/36117721;Séquoia Bien-être
https://www.linkedin.com/company/14014611;RITM PARIS
https://www.linkedin.com/company/11324711;Laboratoire Santarel
https://www.linkedin.com/company/11372922;Eauzone Spa
https://www.linkedin.com/company/93115215;Christel Wellness
https://www.linkedin.com/company/12657566;Chez June
https://www.linkedin.com/company/14003582;Balmain Hair Salon
https://www.linkedin.com/company/18967962;Mademoiselle Violette
https://www.linkedin.com/company/28910083;Mai'be
https://www.linkedin.com/company/105558853;Elsee.Care
https://www.linkedin.com/company/25696182;THALASSO DES TROIS MONDES
https://www.linkedin.com/company/34704874;Mon Coach au Bureau
https://www.linkedin.com/company/11000655;Coachingatwork
https://www.linkedin.com/company/25584838;LA MARSEILLAISE DES FEMMES
https://www.linkedin.com/company/54148695;Snoez 44
https://www.linkedin.com/company/98636466;SerenityAtWork
https://www.linkedin.com/company/18612153;AIR ET SANTÉ
https://www.linkedin.com/company/79778017;Medicina
https://www.linkedin.com/company/73976274;hovie
https://www.linkedin.com/company/43304326;Sourcier de Bien-Etre
https://www.linkedin.com/company/71559433;N?TO
https://www.linkedin.com/company/74087018;Pascal Hequet | Bien-être, vitalité & performance durable
https://www.linkedin.com/company/11482742;Cosmédiet
https://www.linkedin.com/company/76165642;L'Etang Présent
https://www.linkedin.com/company/69124982;hem?ka®
https://www.linkedin.com/company/104753415;SPA Reims | Détente Bar & Restaurant
https://www.linkedin.com/company/19152177;Hypnolib
https://www.linkedin.com/company/80178891;Nicolas Barlet MASSAGE
https://www.linkedin.com/company/92890467;EDBM
https://www.linkedin.com/company/34651289;Natural Corporate
https://www.linkedin.com/company/18954082;Performance Health France
https://www.linkedin.com/company/15206637;HTC Santé
https://www.linkedin.com/company/93584600;BOOSTBOX
https://www.linkedin.com/company/79384287;Détentôa
https://www.linkedin.com/company/42342503;Cryo Soins et Bien-Être
https://www.linkedin.com/company/5367953;ActivUP
https://www.linkedin.com/company/110739922;SIGMA Club
https://www.linkedin.com/company/77759869;CAP NATURA Centre de Bien-Être
https://www.linkedin.com/company/26442890;MA VIE EN SPORT
https://www.linkedin.com/company/11748659;LALLOO
https://www.linkedin.com/company/29016446;Conseil National des Établissements Thermaux - CNETh
https://www.linkedin.com/company/86885885;Steven Launay coach sportif à domicile Domicil'Gym
https://www.linkedin.com/company/10508597;Miloé
https://www.linkedin.com/company/89197995;Terra Sana Saumur
https://www.linkedin.com/company/100070043;Elsa Bien-être
https://www.linkedin.com/company/74972825;Atelier Pur Lille
https://www.linkedin.com/company/19145313;GPC SPORT SANTE
https://www.linkedin.com/company/42958075;Miss ALOE VERA
https://www.linkedin.com/company/26765090;Iyashi Dôme
https://www.linkedin.com/company/68792770;Loft Private Spa - Hauts de France
https://www.linkedin.com/company/69257778;NewFit Group
https://www.linkedin.com/company/107215450;Instant Présent | Massages bien-être
https://www.linkedin.com/company/37868134;AUTOMATE CONFORT
https://www.linkedin.com/company/13066243;Music Source
https://www.linkedin.com/company/22349054;Energie Forme
https://www.linkedin.com/company/77013157;medbyme
https://www.linkedin.com/company/76107038;Filboost
https://www.linkedin.com/company/25870246;QiBee
https://www.linkedin.com/company/74053051;Spa Miriaform
https://www.linkedin.com/company/10448676;Algotherm Spa Polynésie Française
https://www.linkedin.com/company/73914206;Be SPA Concept 53
https://www.linkedin.com/company/36993202;ALOHA SPA
https://www.linkedin.com/company/77071643;AQUAZEN-SPA
https://www.linkedin.com/company/93658440;OEWEO
https://www.linkedin.com/company/135675562;AELO
https://www.linkedin.com/company/65884941;Club Moving Nice
https://www.linkedin.com/company/78385402;Dé Sens massages & formations
https://www.linkedin.com/company/20504367;noesun
https://www.linkedin.com/company/79514949;Maison Luna
https://www.linkedin.com/company/98581587;Puymarteau Spa - Wellness by Cinq Mondes
https://www.linkedin.com/company/48022880;CRYOSKIN PARIS
https://www.linkedin.com/company/93635315;Thermes de Néris-les-Bains - Les Nériades
https://www.linkedin.com/company/76570486;Le Petit Med Spa
https://www.linkedin.com/company/105837447;Arboressence spa
https://www.linkedin.com/company/88004974;Oriba Spa
https://www.linkedin.com/company/45617852;TARANAE Spa
https://www.linkedin.com/company/3872962;Terea___spa.
https://www.linkedin.com/company/25794199;ATRIUM SPA ET BEAUTE
https://www.linkedin.com/company/105259038;Andalasia
https://www.linkedin.com/company/18721365;Natural Spa Institut 78
https://www.linkedin.com/company/19052914;Institut & Spa Éveil des Sens
https://www.linkedin.com/company/10295899;ROYAL SPA LYON
https://www.linkedin.com/company/69520662;Cosy Form SPA Biking & Electro Myo Stimulation
https://www.linkedin.com/company/74045667;NÖJE
https://www.linkedin.com/company/10204749;EFFERVESCENCE SPA SAUNA
https://www.linkedin.com/company/11084555;Massage Factory
https://www.linkedin.com/company/6637059;Nature d'eaux
https://www.linkedin.com/company/100642106;POOLRITUAL
https://www.linkedin.com/company/90785600;Les Thermes de Vals-les-bains
https://www.linkedin.com/company/78834614;Bien-être Pays Basque - Lucie Salinas
https://www.linkedin.com/company/75046099;Bien-être et nutrition84
https://www.linkedin.com/company/26305558;BIEN ETRE BEAUTE
https://www.linkedin.com/company/25987589;BIEN ETRE ABSOLU
https://www.linkedin.com/company/82679298;LAETI REFLEXO BIEN-ETRE LAGARRIGUE TARN
https://www.linkedin.com/company/78642234;bien-être by Yo
https://www.linkedin.com/company/26468731;BIEN-ETRE CREOLE
https://www.linkedin.com/company/75279806;Bien être et Sophrologie
https://www.linkedin.com/company/26746541;BIEN ETRE ET SOLEIL
https://www.linkedin.com/company/84416779;Ma vie bien-être
https://www.linkedin.com/company/33220106;Kaizen Bien Etre
https://www.linkedin.com/company/70928305;Aloe Vera - santé forme et bien-être
https://www.linkedin.com/company/11496562;eJoy - Bien-être en entreprise
https://www.linkedin.com/company/11766654;Beauté Bien-Être Réunion
https://www.linkedin.com/company/71234033;Ananda les Essentiels du Bien-être
https://www.linkedin.com/company/82225206;CELERITUP RESEAU BIEN ETRE
https://www.linkedin.com/company/11713531;BEABA Bien-être
https://www.linkedin.com/company/9283626;Fithome, fitness, bien-être et culture en entreprise à Paris
https://www.linkedin.com/company/14840517;Accomplissement & Bien-Être
https://www.linkedin.com/company/74718883;Architecte de votre Bien-être ??
https://www.linkedin.com/company/25079603;Ateliers Bien-être
https://www.linkedin.com/company/73886741;Planète Bien-Etre
https://www.linkedin.com/company/3101074;Rue du bien-être
https://www.linkedin.com/company/18726790;Offit - Votre coach sport et bien-être en entreprise
https://www.linkedin.com/company/35645246;Divine Evasion Massage bien-être
https://www.linkedin.com/company/106762844;ADORA Massages bien-être
https://www.linkedin.com/company/68215325;Caen Bien-Être et Magnétisme
https://www.linkedin.com/company/10967574;Happy Unity - Activités bien-être en entreprise
https://www.linkedin.com/company/11019833;GreenEvent - le bien être sur vos lieux d'événements
https://www.linkedin.com/company/18891306;CPO-Maison Sport & Bien-Être
https://www.linkedin.com/company/38097097;Mon Ange Bien Être
https://www.linkedin.com/company/102807095;Conseiller bien-être d?TERRA
https://www.linkedin.com/company/85884414;Pétylle - Bien-Etre & Convivialité en entreprise
https://www.linkedin.com/company/104961721;Le Colibri - Espace bien-être à Ostwald
https://www.linkedin.com/company/18335942;ATTITUDE BIEN ETRE
https://www.linkedin.com/company/26685994;Bridoux Santé - Matériel Médical & Bien-Être
https://www.linkedin.com/company/86657409;Oraura - Accompagnement Bien-Etre
https://www.linkedin.com/company/103198801;SOME SANTE BIEN-ETRE
https://www.linkedin.com/company/34752510;Z Bien Etre
https://www.linkedin.com/company/28768470;ACTIVITÉ PHYSIQUE & BIEN-ÊTRE AU TRAVAIL
https://www.linkedin.com/company/70070431;Vijnana bien être
https://www.linkedin.com/company/88884811;Goxotasuna Bien-être
https://www.linkedin.com/company/86950855;Ma Naturo Bien Etre
https://www.linkedin.com/company/11036426;NUTRI & CO
https://www.linkedin.com/company/79469203;Destination Bien-être 06
https://www.linkedin.com/company/15237893;Médoucine
https://www.linkedin.com/company/88659390;Cap Bien Etre 71
https://www.linkedin.com/company/28630683;ARIA BIEN ETRE
https://www.linkedin.com/company/26805286;Lazeo
https://www.linkedin.com/company/101513364;Calathéa Bien-Être
https://www.linkedin.com/company/12649205;Osmose bien-être
https://www.linkedin.com/company/74725025;Centre de Bien-être Rayon de Soleil
https://www.linkedin.com/company/112584326;M4YN : bien-être au travail
https://www.linkedin.com/company/996407;The Corporate Gym
https://www.linkedin.com/company/79095029;RECONNEXIONS BIEN-ÊTRE PSY
https://www.linkedin.com/company/69763305;ÊTRE SOI POUR CHANGER SA VIE
https://www.linkedin.com/company/85885843;NRG Bien-Être
https://www.linkedin.com/company/6648969;Olybe
https://www.linkedin.com/company/104067924;TME - Bien-Être
https://www.linkedin.com/company/104714193;Ambiance Bien Etre
https://www.linkedin.com/company/68496213;EGP Bien-être
https://www.linkedin.com/company/78620594;SBC Bien-être
https://www.linkedin.com/company/28557456;RDV Bien-Etre
https://www.linkedin.com/company/89695523;Pharaon Bien-Être
https://www.linkedin.com/company/10326421;Atlantic Nature
https://www.linkedin.com/company/99537433;Divine Féminine bien être
https://www.linkedin.com/company/105414281;LN BIEN-ÊTRE
https://www.linkedin.com/company/25554663;Laboratoire LORICA
https://www.linkedin.com/company/103608135;Esprit-Bien-Etre-By-Audrey
https://www.linkedin.com/company/92697224;By Cam Bien-être
https://www.linkedin.com/company/65349054;Dallya Bien-être Conseil
https://www.linkedin.com/company/106073829;Espace Bien-être à Issy
https://www.linkedin.com/company/73469155;ASAPP - l'épigénétique au service du bien-être
https://www.linkedin.com/company/115996940;CetC Bien Etre
https://www.linkedin.com/company/3535978;Auto Bien Etre
https://www.linkedin.com/company/18675633;Medene ????
https://www.linkedin.com/company/80480105;Harmonie Bien-être Obernai
https://www.linkedin.com/company/86619270;Laetitia ROGER - Praticienne Bien-être
https://www.linkedin.com/company/90565033;LUMA bien-être
https://www.linkedin.com/company/91474754;La parenthèse bien-être
https://www.linkedin.com/company/101104017;Le bien-être par le massage
https://www.linkedin.com/company/34882198;CMG Bien-Être
https://www.linkedin.com/company/76415699;J'M BIEN-ETRE INTEGRATIF
https://www.linkedin.com/company/101921005;Détente & Bien-être Toulouse
https://www.linkedin.com/company/98590057;Massage Bien Être Essentiel
https://www.linkedin.com/company/103841777;L'O bien-être
https://www.linkedin.com/company/102015668;GAIATEA Bien-être & Harmonie
https://www.linkedin.com/company/76168542;Cohérence Bien-être
https://www.linkedin.com/company/36129629;Solutions Bien-Être
https://www.linkedin.com/company/106206324;Matt Bien-Être
https://www.linkedin.com/company/105255571;Karine Bien-Être
https://www.linkedin.com/company/130014375;An'ma bien-être
https://www.linkedin.com/company/18339291;Magic Form
https://www.linkedin.com/company/72468181;Cabinet Bien-être Thérapie Stéphanie Ghigonetto
https://www.linkedin.com/company/86150969;Moalia massage bien-être
https://www.linkedin.com/company/11281646;Santé & Bien-être Global
https://www.linkedin.com/company/101923647;Centre Chiropratique Et Bien-Être Du Roussillon
https://www.linkedin.com/company/101844949;Sensorial - Flottaison et bien-être
https://www.linkedin.com/company/80443234;Yann BALEINE Bien-Être & Performance
https://www.linkedin.com/company/25353033;SANTE BIEN ETRE
https://www.linkedin.com/company/104882729;La Maison du Bien-être
https://www.linkedin.com/company/2887740;Laboratoires Eona
https://www.linkedin.com/company/25926075;SILHOUETTE & BIEN ÊTRE
https://www.linkedin.com/company/11193398;HOLISTE
https://www.linkedin.com/company/84139316;Elodie Massa - Révèlatrices de bien-être
https://www.linkedin.com/company/5048538;Printemps de l'Optimisme, Incubateur d'énergies positives
https://www.linkedin.com/company/26713031;CABINET BIEN-ETRE
https://www.linkedin.com/company/79913698;Ekilibra - Sophrologie & Solutions en bien-être
https://www.linkedin.com/company/103432376;Les Buis - Lieu de bien-être et de ressourcement
https://www.linkedin.com/company/66964259;fizYou
https://www.linkedin.com/company/77679117;zen-shi : shiatsu et bien-être
https://www.linkedin.com/company/26001879;HORIZON BIEN ETRE
https://www.linkedin.com/company/77580738;Nouveau Souffle - Sport & Bien-être
https://www.linkedin.com/company/26103925;PAUSE BIEN ETRE
https://www.linkedin.com/company/49200979;ALTERNATIVE BIEN-ETRE
https://www.linkedin.com/company/25621442;LE BIEN ETRE AU FEMININ
https://www.linkedin.com/company/14008263;Lashilé Beauty
https://www.linkedin.com/company/25755293;POLE BIEN ETRE
https://www.linkedin.com/company/25512686;MON BIEN ETRE
https://www.linkedin.com/company/672501;Amincissement et bien-être
https://www.linkedin.com/company/25259349;INSTITUT BIEN ETRE
https://www.linkedin.com/company/25582714;SPORT & BIEN ETRE DOREGINE
https://www.linkedin.com/company/53101599;Conseillère Nutrition Bien-Être
https://www.linkedin.com/company/93145719;La Pépinière du bien-être
https://www.linkedin.com/company/26967903;AROMA BIEN ETRE
https://www.linkedin.com/company/10292091;CESAM
https://www.linkedin.com/company/78669970;Bourges Bien-Etre
https://www.linkedin.com/company/26343033;PLANETE BIEN-ETRE
https://www.linkedin.com/company/25696565;COTE BIEN ETRE
https://www.linkedin.com/company/98010855;Ombyo - Massages bien-être
https://www.linkedin.com/company/26284073;AYU BIEN-ETRE
https://www.linkedin.com/company/26100543;HARMONY BIEN ETRE
https://www.linkedin.com/company/69233366;Audio Pour Tous
https://www.linkedin.com/company/25966170;ESPACE BIEN ETRE BERNAY
https://www.linkedin.com/company/25878981;ACCORD BIEN- ETRE
https://www.linkedin.com/company/75301558;VIVA BIEN-ETRE
https://www.linkedin.com/company/26454763;ELIXIR BIEN-ETRE
https://www.linkedin.com/company/25710098;ANANDA BIEN ETRE
https://www.linkedin.com/company/25559766;SOCIETE BIEN ETRE PLUS
https://www.linkedin.com/company/80370947;En terre happy
https://www.linkedin.com/company/27014195;Wellness Sport Club
https://www.linkedin.com/company/75286583;SPA BIEN ETRE AU JARDIN
https://www.linkedin.com/company/26746845;SUPER BIEN ETRE
https://www.linkedin.com/company/25611870;AFAX BIEN ETRE
https://www.linkedin.com/company/25387650;SECRET BIEN-ETRE
https://www.linkedin.com/company/93097015;Aux graines du bien-être
https://www.linkedin.com/company/26711327;SOLUTION BIEN ETRE SOPHROLOGIE
https://www.linkedin.com/company/14053526;POSITIVVALOR
https://www.linkedin.com/company/26768775;L'ESPRIT BIEN ETRE
https://www.linkedin.com/company/25288155;IMAL BIEN ETRE
https://www.linkedin.com/company/42460606;Centre de Relaxation et de bien-être éCloz'n
https://www.linkedin.com/company/25778590;M BIEN ETRE
https://www.linkedin.com/company/85132593;Cap Bien-être
https://www.linkedin.com/company/78669494;Atelier Bien-être
https://www.linkedin.com/company/47208214;GYM BIEN ETRE
https://www.linkedin.com/company/26135755;SPOT BIEN ETRE
https://www.linkedin.com/company/25988907;L'ATELIER, BIEN-ETRE & BEAUTE
https://www.linkedin.com/company/25746699;EQUILIBRE & BIEN-ETRE
https://www.linkedin.com/company/10173503;Dynacare_FR
https://www.linkedin.com/company/93101258;Lavergne La Maison du Bien-Etre
https://www.linkedin.com/company/105733406;Association PLURIELS BIEN-ÊTRE
https://www.linkedin.com/company/71811206;LE BAOU - Espace Santé/Bien-être Sanary
https://www.linkedin.com/company/28660359;Goove.app
https://www.linkedin.com/company/35615048;LIFY AIR - Real Time Pollens sensors
https://www.linkedin.com/company/105105969;EBES - Espace Bien-Être et Santé
https://www.linkedin.com/company/91713945;Sésam - Centre de bien-être engagé
https://www.linkedin.com/company/100582560;Centre de Bien Etre du Jaunay
https://www.linkedin.com/company/86615662;CAPCRYO, Le bien-être par le froid
https://www.linkedin.com/company/29293311;Nataellia Coaching & Bien-être
https://www.linkedin.com/company/82570676;Annette K.
https://www.linkedin.com/company/11572359;PERFORM COACH
https://www.linkedin.com/company/72107794;Inspir' sur mon chemin santé et bien-être
https://www.linkedin.com/company/38170173;A’CAZ
https://www.linkedin.com/company/77053513;Dynamisme et Bien-Être
https://www.linkedin.com/company/91107367;Ohana - Agence de Bien-Être en Entreprise
https://www.linkedin.com/company/18520933;Méta-Coaching
https://www.linkedin.com/company/11835674;Mille et un Bien Etre
https://www.linkedin.com/company/108489155;Cocon - Massages bien-être
https://www.linkedin.com/company/34579013;Bulle de Snoez - Snoezelen
https://www.linkedin.com/company/106832729;Cabinet de bien-être et d'éveil
https://www.linkedin.com/company/105501605;Neurosens et bien-être
https://www.linkedin.com/company/103111374;EFMBE - École de Formation aux Métiers du Bien-Être
https://www.linkedin.com/company/100456362;Lucille Ramis Bien-Être
https://www.linkedin.com/company/10311003;Semer le bien être
https://www.linkedin.com/company/102582066;Casabalma l'Annuaire du Bien-Être en Corse
https://www.linkedin.com/company/104024205;Alexandre | Massage bien-être | Paris
https://www.linkedin.com/company/11787574;Outils de bien-être en entreprise
https://www.linkedin.com/company/104894550;Joaliya - L’Espace Bien-être
https://www.linkedin.com/company/136084550;Calysens massages bien être
https://www.linkedin.com/company/14017009;Réjeanne
https://www.linkedin.com/company/104905110;La Pause Bien-Être - massages itinérants
https://www.linkedin.com/company/100639549;Canopéa | Massages bien-être
https://www.linkedin.com/company/37031675;Salon Parcours Bien Etre
https://www.linkedin.com/company/110054053;BOULEGAN Coaching Bien-être, performance et nutrition
https://www.linkedin.com/company/25420374;INSTANTS DE BIEN-ETRE
https://www.linkedin.com/company/43317338;Maison Sport Santé Nîmes
https://www.linkedin.com/company/89630757;Pluminessence, massage bien-être inclusif
https://www.linkedin.com/company/34709398;Association du bien-être
https://www.linkedin.com/company/81721277;Beautysané
https://www.linkedin.com/company/66249211;Perle du Monde Bien-être
https://www.linkedin.com/company/106855587;Epionea - Ateliers bien-être QVT - Naturopathie
https://www.linkedin.com/company/90949624;O'harmonie, Massages Bien-être à Domicile
https://www.linkedin.com/company/100298311;Audrey - Praticienne bien-être
https://www.linkedin.com/company/122423900;Ma Goutte Bien-être
https://www.linkedin.com/company/100457854;Massage et bien-être
https://www.linkedin.com/company/26410911;LE PATIO BIEN ETRE & SPA
https://www.linkedin.com/company/101130133;Magali Miguel Bien-être
https://www.linkedin.com/company/77630362;Oh My Bien Être
https://www.linkedin.com/company/27020063;La Compagnie des Lasers
https://www.linkedin.com/company/71718927;Ten-Chi Bien-être Massage
https://www.linkedin.com/company/14025102;Benoit Audition
https://www.linkedin.com/company/91680611;Massages/Relaxation/Bien-Etre
https://www.linkedin.com/company/110472002;Bulles de Bien-Etre
https://www.linkedin.com/company/74874959;Mon ostéo bien être
https://www.linkedin.com/company/28666729;Fun&Yoga - Centres de Yoga & Bien-Être Holistique
https://www.linkedin.com/company/18461934;Esprit Forme et bien-être
https://www.linkedin.com/company/107703220;Hall of Health - Santé et Bien-être
https://www.linkedin.com/company/109569369;Natacha RADOMIROVIC - Une bulle de bien-être
https://www.linkedin.com/company/26379666;PHYTALESSENCE
https://www.linkedin.com/company/71918098;OrdoSport
https://www.linkedin.com/company/69100057;BODHEA
https://www.linkedin.com/company/66191802;Motiv'Action Santé et Bien-être
https://www.linkedin.com/company/77030207;PODCALM®
https://www.linkedin.com/company/100201890;EONA FLOTTAISON ET BIEN-ETRE
https://www.linkedin.com/company/93816207;AllZen Forme et Bien-être
https://www.linkedin.com/company/3199922;SOMEO Solutions
https://www.linkedin.com/company/11033257;DreaminzZz - Hypnos
https://www.linkedin.com/company/26445585;NATUROFIT
https://www.linkedin.com/company/25820798;L'institut du bien-être OSIRIA
https://www.linkedin.com/company/71546582;Labz Nutrition
https://www.linkedin.com/company/26138073;OXYGEN ' O BIEN - ETRE
https://www.linkedin.com/company/18402213;La Fabrique du Bien être
https://www.linkedin.com/company/68529954;Maëlle - Sport Santé Bien-être
https://www.linkedin.com/company/26447866;BULLE DE BIEN ETRE
https://www.linkedin.com/company/25675881;TERRE DE BIEN ETRE
https://www.linkedin.com/company/70461555;Body Factory Rouen
https://www.linkedin.com/company/101082801;L'appli des pauses bien-être ????I Work&wellness
https://www.linkedin.com/company/13977822;Easy Mind - Agence bien-être corporate
https://www.linkedin.com/company/83776270;La Solution Bien-être
https://www.linkedin.com/company/26002990;SARL ESCAPADE BIEN ETRE
https://www.linkedin.com/company/26246771;Agence JUST MY COACH: Bien-être d'entreprise
https://www.linkedin.com/company/65345934;Institut de Beauté Céline Bien Etre
https://www.linkedin.com/company/102138840;L'instant Présent Massage bien-être
https://www.linkedin.com/company/26420078;INSTITUT LUDRES BIEN ETRE
https://www.linkedin.com/company/9305083;Gym Compagnie
https://www.linkedin.com/company/69683889;Cabinet Naturopathie Et Bien-Être
https://www.linkedin.com/company/26859442;ATELIER DU BIEN ETRE
https://www.linkedin.com/company/26301139;EVASION ET BIEN ETRE
https://www.linkedin.com/company/25527658;MA PAUSE BIEN-ETRE
https://www.linkedin.com/company/109731365;Marine ANDRES - Serpentine & Bien-Être
https://www.linkedin.com/company/42896166;Association Yoga et Bien-être Moselle
https://www.linkedin.com/company/75271801;La Rochelle Bien-être
https://www.linkedin.com/company/10832327;Le Vitaliseur de Marion
https://www.linkedin.com/company/99312256;Les Jardiniers du bien-etre
https://www.linkedin.com/company/26778287;POUR MON BIEN ETRE
https://www.linkedin.com/company/25483658;SARL L'ESPACE BIEN ETRE
https://www.linkedin.com/company/26059235;MY SPA BIEN-ETRE
https://www.linkedin.com/company/26422529;L'OASIS DU BIEN-ETRE
https://www.linkedin.com/company/78885073;Espace Beauté & Bien-être
https://www.linkedin.com/company/108035989;Golden Pearl Massage Bien-Être
https://www.linkedin.com/company/11026535;Force Ultra Nature
https://www.linkedin.com/company/75291355;Carole Massage Bien Être
https://www.linkedin.com/company/26395479;L'INSTITUT DU BIEN ETRE
https://www.linkedin.com/company/25759758;DIANE BEAUTE BIEN-ETRE
https://www.linkedin.com/company/25274221;ESPACE BEAUTE BIEN ETRE
https://www.linkedin.com/company/26299039;Le 111, bien-être et spiritualité
https://www.linkedin.com/company/26054751;LIGNE ET BIEN ETRE
https://www.linkedin.com/company/75265682;Relaxation, et Bien Etre
https://www.linkedin.com/company/26274277;GLAMOUR ESPACE BIEN-ETRE ET MINCEUR
https://www.linkedin.com/company/25877586;ABONDANCE ET BIEN ETRE
https://www.linkedin.com/company/68811747;Cabinet des Thérapies Bien-être avec Quy Gontran
https://www.linkedin.com/company/84491248;Les Bulles de Bien-être
https://www.linkedin.com/company/37553420;Institut de la Mère et de l'Enfant
https://www.linkedin.com/company/134674182;Lueur Fauve Yoga & Bien-être
https://www.linkedin.com/company/110113505;Kassem Kahil - Massage & Bien-être Labège
https://www.linkedin.com/company/75250214;Salon de Bien être
https://www.linkedin.com/company/25992941;SARL Ô BIEN ÊTRE
https://www.linkedin.com/company/25965107;Ôzen spa & bien être
https://www.linkedin.com/company/25806107;LE CARRE BIEN-ETRE
https://www.linkedin.com/company/103386340;Club Pilates | TMCP Fitness International
https://www.linkedin.com/company/3189890;Ecosystem Laboratoire
https://www.linkedin.com/company/106381002;Cabinet Naturozen Naturopathie & bien-Être
https://www.linkedin.com/company/75363353;Les Fées Bien être
https://www.linkedin.com/company/51457315;Yoga Et Bien-Être
https://www.linkedin.com/company/26429635;LB Objectif Bien Etre
https://www.linkedin.com/company/26413038;Ressource Institut bien-être
https://www.linkedin.com/company/25480898;L'ESCAPADE BEAUTE BIEN-ÊTRE
https://www.linkedin.com/company/25457943;AQUA LUXE BIEN ETRE
https://www.linkedin.com/company/25297911;ECLAT DE BIEN ETRE
https://www.linkedin.com/company/107728431;LITHA - Soins de Bien-être & Prévention
https://www.linkedin.com/company/108304389;Heilige, Centre de Bien-Être Laser & Réflexologie
https://www.linkedin.com/company/103591520;Les Spirales du bien-être - SZABLOWSKI Angélique
https://www.linkedin.com/company/76470391;Corps Accord - Le sport bien-être
https://www.linkedin.com/company/84458626;Volute massages et bien-être
https://www.linkedin.com/company/89184757;O'Blue institut de beauté & bien-être
https://www.linkedin.com/company/76598090;C B DU BIEN ÊTRE
https://www.linkedin.com/company/111052174;EOS maison du bien-être
https://www.linkedin.com/company/89613281;Toujours Bien
https://www.linkedin.com/company/72028915;Maison Epigenetic
https://www.linkedin.com/company/26306065;COOL FIT - Centre expert minceur, bien-être et anti-âge
https://www.linkedin.com/company/25881030;LA BRILLANCE.
https://www.linkedin.com/company/26569718;HEALTHY BREAK
https://www.linkedin.com/company/146124903;Corps en chemin - Massage bien-être
https://www.linkedin.com/company/77582562;Fabriktasanté
https://www.linkedin.com/company/68845514;NOON institut de beauté et de bien-être
https://www.linkedin.com/company/75173517;Le Moulin Du Bien Etre
https://www.linkedin.com/company/70435135;Inspire et Vous
https://www.linkedin.com/company/27098597;Pickr
https://www.linkedin.com/company/10936111;VITAL TECH
https://www.linkedin.com/company/47089155;Angers Nautique Aviron
https://www.linkedin.com/company/35678821;Audrey Le Squer Massage bien-être
https://www.linkedin.com/company/5150805;e-Santé SAS
https://www.linkedin.com/company/109247221;Claudia Lima - Réflexologie Santé & Bien-être
https://www.linkedin.com/company/10789383;Soriavie ( Soria Natural France )
https://www.linkedin.com/company/75323734;LA CLINIQUE DU BIEN ETRE
https://www.linkedin.com/company/26161951;My Body Ecology
https://www.linkedin.com/company/97021875;Infuzea · La révolution du bien-être intime féminin
https://www.linkedin.com/company/26890963;LE REFLET DU BIEN ETRE
https://www.linkedin.com/company/70963243;Consultant Fitness
https://www.linkedin.com/company/100043333;Bien ou Quoi ?
https://www.linkedin.com/company/28541794;ETRE BIEN EN HARMONIE
https://www.linkedin.com/company/96441223;Harmony Counseling - Chaine du Bien Etre
https://www.linkedin.com/company/73239946;APBS
https://www.linkedin.com/company/26036982;INSTITUT PERLES ET BIEN ETRE
https://www.linkedin.com/company/85133418;Laurence VASSAL Praticienne bien-être
https://www.linkedin.com/company/26787147;ZENITUDE CENTRE DE BIEN ETRE
https://www.linkedin.com/company/68545718;Stay'Activ
https://www.linkedin.com/company/26275207;AU COEUR DU BIEN ETRE
https://www.linkedin.com/company/53534246;Endonora
https://www.linkedin.com/company/75375299;Les Voiles du Bien Être
https://www.linkedin.com/company/25883775;INSTITUT DE BEAUTE BIEN ETRE
https://www.linkedin.com/company/25365666;MF BEAUTE ET BIEN ETRE
https://www.linkedin.com/company/11008791;eBODY : Smart Health Analysis, Connected Health Solutions
https://www.linkedin.com/company/12975167;Vythisi
https://www.linkedin.com/company/26790990;PARFUMERIE VERONIQUE - INSTITUT BIEN ETRE
https://www.linkedin.com/company/12617955;Villa Yoga Bondues
https://www.linkedin.com/company/88905961;feelgood community
https://www.linkedin.com/company/37227765;Le Cèdre Bleu - Espace de ressource et de bien-être
https://www.linkedin.com/company/75273953;L'instant present massages-bien-être
https://www.linkedin.com/company/26907783;LA GRANGE DU BIEN ETRE
https://www.linkedin.com/company/26770431;MARINA LA SUITE BIEN-ETRE
https://www.linkedin.com/company/26751457;SARL BEAUTE ET BIEN ETRE
https://www.linkedin.com/company/25528341;LES MAINS DU BIEN-ÊTRE
https://www.linkedin.com/company/44984277;Les Ateliers du Bien-être
https://www.linkedin.com/company/100593726;Bien au Centre
https://www.linkedin.com/company/111046305;Gaëlle Masselin VDI Conseillère et formatrice bien être
https://www.linkedin.com/company/75364863;Delphine Coiffure Et Bien Etre
https://www.linkedin.com/company/18723222;Bealoha
https://www.linkedin.com/company/80158387;L'Embell'vie
https://www.linkedin.com/company/75176955;ECOUTE, CORPS et BIEN ÊTRE
https://www.linkedin.com/company/26884741;LES O DU BIEN-ETRE
https://www.linkedin.com/company/25538593;AU COIN DU BIEN-ETRE
https://www.linkedin.com/company/25443421;CHRYSALIDE ESPACE BEAUTE BIEN-ETRE
https://www.linkedin.com/company/18689023;Syndicat des Professionnels du Shiatsu
https://www.linkedin.com/company/53255445;TalQ Univers
https://www.linkedin.com/company/94125981;Sportipolis
https://www.linkedin.com/company/86122602;Sister Feel
https://www.linkedin.com/company/2840902;Pôle Thermal d'Amnéville / Arenadour
https://www.linkedin.com/company/26078951;R°SUD médical
https://www.linkedin.com/company/89619762;WellBeing Ticket
https://www.linkedin.com/company/110144434;Mass'Mie Drainage Renata França & Massage Bien-être
https://www.linkedin.com/company/77667252;DÔNAWEN ÉQUILIBRE
https://www.linkedin.com/company/56403485;Gymspot
https://www.linkedin.com/company/34915013;TCS
https://www.linkedin.com/company/2261231;L'Effet Papillon
https://www.linkedin.com/company/72451634;EMBOITE LE PAS
https://www.linkedin.com/company/25349665;OBIANCE
https://www.linkedin.com/company/19228600;Joam Pour Mieux Être
https://www.linkedin.com/company/23742894;Feng Shang Healy world Member
https://www.linkedin.com/company/10990143;Happineo
https://www.linkedin.com/company/27177075;Pilo
https://www.linkedin.com/company/77260640;Care for You
https://www.linkedin.com/company/98220526;Centre Nantes Atlantique de l'Effort et du Sport - CNAES
https://www.linkedin.com/company/20546397;Karma Line
https://www.linkedin.com/company/75329265;Praticienne en massages de bien-être Bordeaux
https://www.linkedin.com/company/26990843;CENTRE DE SOINS IDEAL BIEN ETRE ET SANTE
https://www.linkedin.com/company/35597481;Monfoxy
https://www.linkedin.com/company/77148697;yomood
https://www.linkedin.com/company/3278941;Therapeutes.com
https://www.linkedin.com/company/66298746;Aroma'O®
https://www.linkedin.com/company/42349414;Santé Diététique
https://www.linkedin.com/company/22291622;CryoSanté
https://www.linkedin.com/company/12669749;INOLAB
https://www.linkedin.com/company/70101703;DooYooCare
https://www.linkedin.com/company/26435941;LUXOMED
https://www.linkedin.com/company/47038651;AIRXOM
https://www.linkedin.com/company/26973367;Etre Corps Esprit
https://www.linkedin.com/company/15794562;Q.Re Paris
https://www.linkedin.com/company/37236037;Aquatonic Nantes - Carré lafayette
https://www.linkedin.com/company/107549903;Koality
https://www.linkedin.com/company/80434859;Mes Essenti'Elles
https://www.linkedin.com/company/1312343;Ergo Sport Santé Travail
https://www.linkedin.com/company/78646819;Massages et Soins de Bien-être
https://www.linkedin.com/company/26769019;CABINET DE LUXO - EQUILIBRE & BIEN-ETRE
https://www.linkedin.com/company/13051077;Pôle de Thérapeutes
https://www.linkedin.com/company/12667942;Sentuitiv l'institut
https://www.linkedin.com/company/25948754;SPM LE SALON DU BIEN ETRE
https://www.linkedin.com/company/25764281;LE COCON BEAUTE ET BIEN-ETRE
https://www.linkedin.com/company/77683667;Maison de Jouvence
https://www.linkedin.com/company/10328147;Secrets De Geishaa
https://www.linkedin.com/company/76084431;Chez Joïa
https://www.linkedin.com/company/10003987;Vitalbase
https://www.linkedin.com/company/86204395;SRTN mind
https://www.linkedin.com/company/72209334;Carrefour Médical Services
https://www.linkedin.com/company/10622963;Feeli
https://www.linkedin.com/company/75014993;O’Gravity
https://www.linkedin.com/company/101761924;Feel Goûd
https://www.linkedin.com/company/12624309;BeFoo Paris
https://www.linkedin.com/company/84899725;Sophrauto
https://www.linkedin.com/company/78734902;L'Othentic
https://www.linkedin.com/company/11093486;New Derma
https://www.linkedin.com/company/99466625;Team Care
https://www.linkedin.com/company/6392349;WATERFORM
https://www.linkedin.com/company/54110503;LA SOURCE
https://www.linkedin.com/company/35535757;Superbe
https://www.linkedin.com/company/69556129;Rendezvous Equilibre
https://www.linkedin.com/company/111968722;Espace Bionheur
https://www.linkedin.com/company/105231029;Le Sablier ISI
https://www.linkedin.com/company/14792294;Sans Mon Portable
https://www.linkedin.com/company/99502890;Corpo Coaching
https://www.linkedin.com/company/104893883;Elite fit Reims
https://www.linkedin.com/company/79136505;Yoo Face Yoga
https://www.linkedin.com/company/98364277;Epicure Social Club
https://www.linkedin.com/company/14803643;MAPARENTHÈSE
https://www.linkedin.com/company/66224822;AlexPier Naturopathe
https://www.linkedin.com/company/3170374;ZEIN Oriental Spa
https://www.linkedin.com/company/10114915;MEDIC'ALL
https://www.linkedin.com/company/34896505;MyGolfCare
https://www.linkedin.com/company/86265265;Siel Bleu International
https://www.linkedin.com/company/71690629;Moonahé
https://www.linkedin.com/company/69225486;ÉQUILIBRE-FITNESS
https://www.linkedin.com/company/37179213;A comme Yoga
https://www.linkedin.com/company/26359378;FORMADERM
https://www.linkedin.com/company/86785807;Maison Séréna
https://www.linkedin.com/company/71994241;MIEUX VIVRE MAINTENANT
https://www.linkedin.com/company/26445001;Cénote Plaisir
https://www.linkedin.com/company/9176197;Apolhygie
https://www.linkedin.com/company/82939606;Clinique et MAS Sainte-Elisabeth
https://www.linkedin.com/company/3028935;Unizen
https://www.linkedin.com/company/69830306;Fais-moi croquer !
https://www.linkedin.com/company/92959845;SHIZUKA NA
https://www.linkedin.com/company/72228573;Sivaïa
https://www.linkedin.com/company/25595846;CrossFit La Fontaine - Château-Thierry
https://www.linkedin.com/company/5364892;WellNext Sport en Entreprise
https://www.linkedin.com/company/40653647;Association Clermontoise de Tai Chi Chuan
https://www.linkedin.com/company/72309089;Sommet de la Naturopathie et de la Medecine Intégrative
https://www.linkedin.com/company/73481753;Université Internationale Yogami
https://www.linkedin.com/company/43194366;Silent Laugh Tour : Rire c’est vivre !
https://www.linkedin.com/company/98030238;GoGain
https://www.linkedin.com/company/10239953;Adapsanté
https://www.linkedin.com/company/84879598;Dietplus Belfort
https://www.linkedin.com/company/29010857;Visitadom
https://www.linkedin.com/company/11783841;Groupe Physaro
https://www.linkedin.com/company/92770819;La kolok Marseille
https://www.linkedin.com/company/67328767;Paidi Kini Family
https://www.linkedin.com/company/18300717;ISOFACULTE
https://www.linkedin.com/company/78671863;JGA QVCT Entreprises
https://www.linkedin.com/company/98731995;C'TeamBoost
https://www.linkedin.com/company/76551730;YESHA'
https://www.linkedin.com/company/82061279;Le Poulp'
https://www.linkedin.com/company/18682423;Source d'intérieurs
https://www.linkedin.com/company/2123959;StandUp !
https://www.linkedin.com/company/18948787;MPerf
https://www.linkedin.com/company/35635295;Urban France
https://www.linkedin.com/company/82116157;La Maison d'Hygie
https://www.linkedin.com/company/94192533;RAKK
https://www.linkedin.com/company/83147594;Association BERSE
https://www.linkedin.com/company/80008795;Laboratoire Roches Marines
https://www.linkedin.com/company/11703834;Self Collective
https://www.linkedin.com/company/65771454;ACSORE
https://www.linkedin.com/company/71908974;AOMA CBD
https://www.linkedin.com/company/14806002;Isa fait du Yoga
https://www.linkedin.com/company/28812755;Le repère de Blondie - Soin de la peau holistique
https://www.linkedin.com/company/2782190;Anjayati
https://www.linkedin.com/company/70445103;HYPNOSE MIEUX ETRE ET FORMATION
https://www.linkedin.com/company/80649761;Yogessence At Work
https://www.linkedin.com/company/80521133;temporisons.fr
https://www.linkedin.com/company/25479702;ARTLIGNE FITNESS
https://www.linkedin.com/company/37840621;LOORIDASH
https://www.linkedin.com/company/26957656;DOMAINE DE LA POMMERAYE
https://www.linkedin.com/company/73806247;Coach Forme et Beauté
https://www.linkedin.com/company/68502273;SMENO Prévention
https://www.linkedin.com/company/11674047;Zen Bar (Barasieste)
https://www.linkedin.com/company/89208869;In vivo Naturo
https://www.linkedin.com/company/31405343;ODILE RENCONTRES
https://www.linkedin.com/company/74930434;Maison Sport Santé Gilbert Peres Aisne Sud
https://www.linkedin.com/company/26912662;NEXTYPHARM
https://www.linkedin.com/company/108071392;Sana Tribe
https://www.linkedin.com/company/70922075;SNS - Sport Nutrition Santé
https://www.linkedin.com/company/81460594;Ô35
https://www.linkedin.com/company/18712355;Communiquer avec Bienveillance
https://www.linkedin.com/company/69198081;With My Team
https://www.linkedin.com/company/20085178;Lundigo Méditerranée
https://www.linkedin.com/company/104630861;Les Caminades
https://www.linkedin.com/company/93283637;Elite Sport Performance
https://www.linkedin.com/company/30744858;Wown
https://www.linkedin.com/company/76089954;ZENentiel
https://www.linkedin.com/company/74534039;NICE EAT
https://www.linkedin.com/company/22165461;MATSUKAZE
https://www.linkedin.com/company/104749413;HYPNOSE (HYPNOSYS)
https://www.linkedin.com/company/28791326;Sophie Bordes-Meunier by The Good Squad
https://www.linkedin.com/company/75247759;Massage Entreprise
https://www.linkedin.com/company/71545489;Shiatsu inn
https://www.linkedin.com/company/19024157;TECHNICIEN DE SANTE SARLAT
https://www.linkedin.com/company/116062287;Information Loop
https://www.linkedin.com/company/102826500;Association REEV
https://www.linkedin.com/company/6823521;Holiséa
https://www.linkedin.com/company/24771526;Vetools
https://www.linkedin.com/company/100180554;monCOACHezmoi
https://www.linkedin.com/company/34910518;Marjorie Lempereur Danse
https://www.linkedin.com/company/72706583;Boshi
https://www.linkedin.com/company/18454199;Cabinet PsychoTECC
https://www.linkedin.com/company/25293094;THERMES DE CAUTERETS & SPA THERMAL DES BAINS DU ROCHER
https://www.linkedin.com/company/80121030;BEAUTE EXCELLE SENS CONSEILS
https://www.linkedin.com/company/81333890;BIOGRINE
https://www.linkedin.com/company/28447331;CoYogis
https://www.linkedin.com/company/10976879;Iron Bodyfit - Lyon Part-Dieu
https://www.linkedin.com/company/18835541;Bulloscope®
https://www.linkedin.com/company/109560404;L'Orange Bleue Ploërmel
https://www.linkedin.com/company/45819019;OncoDoubs
https://www.linkedin.com/company/81435828;LE CORPS SOUS LA MAIN
https://www.linkedin.com/company/10012545;Myam
https://www.linkedin.com/company/74030919;Green Leaves
https://www.linkedin.com/company/10469403;ORIGYN
https://www.linkedin.com/company/10420346;EFFICAZEN
https://www.linkedin.com/company/28783978;Après la pluie...
https://www.linkedin.com/company/105488149;La Bulle Sophro - Nathalie Dhélin
https://www.linkedin.com/company/10691481;BIOSWING BENELUX FRANCE
https://www.linkedin.com/company/10532721;CRYO MANUFACTURING
https://www.linkedin.com/company/83118959;REVES Jeunes
https://www.linkedin.com/company/84143917;Géraldine Vallée Coach de Vie
https://www.linkedin.com/company/26688134;SARL PHYSIOSTRETCH
https://www.linkedin.com/company/74476234;16h20 - Le CBD des buralistes
https://www.linkedin.com/company/84478078;EXPL'AURA LA BOUSSOLE
https://www.linkedin.com/company/18604749;AMYGIE
https://www.linkedin.com/company/5022863;Tayrona Yoga
https://www.linkedin.com/company/19065617;Aerial Coaching
https://www.linkedin.com/company/25454228;WELLNESS SPA
https://www.linkedin.com/company/87238159;L'Endroit Wellness
https://www.linkedin.com/company/34886042;360 Wellness France
https://www.linkedin.com/company/100254111;Bright Wellness
https://www.linkedin.com/company/9195094;Besphere wellness solution
https://www.linkedin.com/company/10936809;PURE-WELLNESS FRANCE
https://www.linkedin.com/company/77237706;Anissa Wellness Coach
https://www.linkedin.com/company/102599566;Octane Wellness
https://www.linkedin.com/company/104808834;Nuvéa - your wellness partner
https://www.linkedin.com/company/111591142;L'Orange bleue Wellness Rennes
https://www.linkedin.com/company/130143956;Maison Of(f) Wellness
https://www.linkedin.com/company/93077854;Rimone Wellness
https://www.linkedin.com/company/47319169;AREA WELLNESS
https://www.linkedin.com/company/26344602;AQUA WELLNESS
https://www.linkedin.com/company/25714167;NOMAD WELLNESS
https://www.linkedin.com/company/48555630;UNIVERS WELLNESS
https://www.linkedin.com/company/48485751;RK WELLNESS-VALLEY
https://www.linkedin.com/company/26700755;AMRITA WELLNESS
https://www.linkedin.com/company/25982414;TOBOOM WELLNESS AND CORPORATE
https://www.linkedin.com/company/27243039;CareOS, a Baracoda company
https://www.linkedin.com/company/26747587;THAI WELLNESS LOUNGE
https://www.linkedin.com/company/108274831;LA SUITE WELLNESS & SPORT
https://www.linkedin.com/company/74498706;Jivana - Health & Wellness
https://www.linkedin.com/company/49976601;CrossFit Gerland
https://www.linkedin.com/company/34223722;SelfCareOne
https://www.linkedin.com/company/75298259;FAMILY FIT AND WELLNESS CENTER
https://www.linkedin.com/company/111965219;Le Stud’ | Pilates Reformer Wellness
https://www.linkedin.com/company/42934138;Move @ Work - Corporate Wellness Solutions
https://www.linkedin.com/company/25374031;MAKE UP & WELLNESS
https://www.linkedin.com/company/88947699;Soft Sundae Creative Wellness Studio ??
https://www.linkedin.com/company/37180335;AIS NUTRITION
https://www.linkedin.com/company/9999522;FabLife - Express Your Health Potential
https://www.linkedin.com/company/96211875;VAPSULA™
https://www.linkedin.com/company/48986723;Dkm Sport - Fitness & Wellness Club
https://www.linkedin.com/company/48681041;GYMNASIA
https://www.linkedin.com/company/25672489;ETOILE DE POMPADOUR SPORTS & WELLNESS DOMAIN
https://www.linkedin.com/company/74986805;Behale
https://www.linkedin.com/company/105261768;ASCEND with Marisa
https://www.linkedin.com/company/10391525;Therapeute de l'ame et du corps
https://www.linkedin.com/company/11077478;EVOWELL
https://www.linkedin.com/company/18921618;CRYOFAST Group
https://www.linkedin.com/company/29022517;Serenity Ways
https://www.linkedin.com/company/10532583;WaveSenses LTD
https://www.linkedin.com/company/2310027;Le Centre de Bonnenouvelle
https://www.linkedin.com/company/87222593;Heka patch
https://www.linkedin.com/company/110112901;THE PACE HOUSE
https://www.linkedin.com/company/102091045;Betteroption
https://www.linkedin.com/company/27145137;Laboratoires SVM
https://www.linkedin.com/company/46978079;SPORT PRO SANTE
https://www.linkedin.com/company/74118971;edoni
https://www.linkedin.com/company/10989035;Le Guichet Sport Eslc
https://www.linkedin.com/company/22304654;DLG World
https://www.linkedin.com/company/101868579;Well in France
https://www.linkedin.com/company/81431982;Well-Faire
https://www.linkedin.com/company/18827373;Huvii - Fitness et art de vivre
https://www.linkedin.com/company/76545258;Discuss&Care
https://www.linkedin.com/company/106493578;ARIA
https://www.linkedin.com/company/30733337;Maison Malya
https://www.linkedin.com/company/71686946;Heart of Ayurveda (Paris)
https://www.linkedin.com/company/81686999;Vivi Rocks
https://www.linkedin.com/company/103494311;Swastha
https://www.linkedin.com/company/75055301;EXHEAL EXPERIENCE
https://www.linkedin.com/company/100245037;CleverNutra
https://www.linkedin.com/company/80697107;All Diet Shop
https://www.linkedin.com/company/109532211;active pilates
https://www.linkedin.com/company/69237650;Yoga Club Paris
https://www.linkedin.com/company/96342704;La Vie Sattvic
https://www.linkedin.com/company/69438915;ELISA CARD
https://www.linkedin.com/company/89226272;Movelytics
https://www.linkedin.com/company/72052894;BeWell CBD Store
https://www.linkedin.com/company/111345754;YOLOLAND. Keep Your Mind Alive.
https://www.linkedin.com/company/37551983;Connect'Aloe
https://www.linkedin.com/company/71812629;Inka Distribution
https://www.linkedin.com/company/92461229;Levola l’appartement de beauté
https://www.linkedin.com/company/51324823;SPORTY
https://www.linkedin.com/company/18281050;IKIGAI GLOBAL
https://www.linkedin.com/company/71746805;JIJI Paris
https://www.linkedin.com/company/69748769;In8Vitality
https://www.linkedin.com/company/106006541;The Happy Rise
https://www.linkedin.com/company/48511345;MARSEILLE BOXING CLUB
https://www.linkedin.com/company/89310729;The J?rni
https://www.linkedin.com/company/104263321;Kurv Studio Paris
https://www.linkedin.com/company/108173923;THE VYTAL CLUB
https://www.linkedin.com/company/48788597;Golf de Marcilly
https://www.linkedin.com/company/70912114;Respira Club
https://www.linkedin.com/company/43228434;CouplePath
https://www.linkedin.com/company/46555923;CENTRE ACTIVITE PHYSIQUE ADAPTEE
https://www.linkedin.com/company/75224139;CrossFit Elephas
https://www.linkedin.com/company/109498029;BrainMod
https://www.linkedin.com/company/91131374;ALMIERES RETREAT
https://www.linkedin.com/company/25795686;STATION FOCH
https://www.linkedin.com/company/110425702;uch?ryoku
https://www.linkedin.com/company/78074235;Why Not Cbd
https://www.linkedin.com/company/75249795;AJUSTRAINER
https://www.linkedin.com/company/3783557;Koondal
https://www.linkedin.com/company/46956794;MJC - Maison pour tous de Douai
https://www.linkedin.com/company/7085010;SEPRA
https://www.linkedin.com/company/14022081;Sysens - DeRose Method
https://www.linkedin.com/company/68154254;Paulina Czubin Lifestyle Podcast
https://www.linkedin.com/company/106536388;Now Reformer
https://www.linkedin.com/company/80344243;Kemo
https://www.linkedin.com/company/71998851;MyWellnessDoc
https://www.linkedin.com/company/96233659;Valérie naturopathie santé femmes
https://www.linkedin.com/company/76678962;PLENITUDE PARIS
https://www.linkedin.com/company/42306637;PRISM PHYSIO
https://www.linkedin.com/company/12605754;LEMON ZEST
https://www.linkedin.com/company/42763175;Medipop
https://www.linkedin.com/company/108314471;HOLIN STUDIO
https://www.linkedin.com/company/7273737;Physio-Extrem
https://www.linkedin.com/company/18735254;YogaCoin.tech
https://www.linkedin.com/company/75264201;Crossfit Viridius
https://www.linkedin.com/company/98697225;SolarSteps Yoga
https://www.linkedin.com/company/75313283;UCANFIT
https://www.linkedin.com/company/80948837;O'WellNess
https://www.linkedin.com/company/35633167;La méthode MM
https://www.linkedin.com/company/112874653;BAREFOOT REFORMER
https://www.linkedin.com/company/101445558;Agence HINZA
https://www.linkedin.com/company/103092113;Green Luberon
https://www.linkedin.com/company/26710138;LA BROWROOM
https://www.linkedin.com/company/74395251;Rendez-vous Nature
https://www.linkedin.com/company/9486914;Terre du Ciel
https://www.linkedin.com/company/75239691;BEBH SAS - Les Dessous de Corinthe & Le XI Impérial
https://www.linkedin.com/company/49768463;COMPLEXE LA SALLE
https://www.linkedin.com/company/887529;english osteopath
https://www.linkedin.com/company/25745077;FIT CENTER
https://www.linkedin.com/company/3714082;BioQuantique SARL
https://www.linkedin.com/company/11124827;Future Form
https://www.linkedin.com/company/11127609;Alpha Coaching
https://www.linkedin.com/company/106417284;Christèle Philis -Yoga & Ayurveda
https://www.linkedin.com/company/30602705;Laboratoire Actinova
https://www.linkedin.com/company/84407768;Sidonie Bouchet
https://www.linkedin.com/company/31444235;Pure Heart Yoga Retreat
https://www.linkedin.com/company/89791063;Luul
https://www.linkedin.com/company/45188555;GOLF D'OZOIR LA FERRIERE
https://www.linkedin.com/company/748051;BrightonYourHealth
https://www.linkedin.com/company/54283964;Le Box Du Fitness
https://www.linkedin.com/company/107514642;Moringa Rituals
https://www.linkedin.com/company/109225177;NITIF
https://www.linkedin.com/company/14814455;Mayi
https://www.linkedin.com/company/111019484;PlanMySupps
https://www.linkedin.com/company/18795665;GYMSUITE
https://www.linkedin.com/company/28618403;360 Living
https://www.linkedin.com/company/104641863;DIX
https://www.linkedin.com/company/2401061;Med in Nature
https://www.linkedin.com/company/4852714;Vivamus Consulting
https://www.linkedin.com/company/10295026;LADY MOVING ANTONY
https://www.linkedin.com/company/130584220;Dropp Social Sauna
https://www.linkedin.com/company/25933238;CROSSFIT RIVE DROITE
https://www.linkedin.com/company/25735205;HANSEN INSTITUTE
https://www.linkedin.com/company/439053;Riviera Fit Body
https://www.linkedin.com/company/72459418;petit yoga
https://www.linkedin.com/company/75281619;ArkÔciel
https://www.linkedin.com/company/25804171;LES CINQ ARBRES
https://www.linkedin.com/company/129473938;LastSpot
https://www.linkedin.com/company/108287249;De Nature Sauvage
https://www.linkedin.com/company/3273097;Christine Kay Coaching
https://www.linkedin.com/company/111884519;Le Domaine expérience
https://www.linkedin.com/company/105540614;Aqua Sante
https://www.linkedin.com/company/18829425;OHS Lab
https://www.linkedin.com/company/80316122;Sarah Safarian Wellbeing (Previously Humbly Healthy)
https://www.linkedin.com/company/111965120;BioHack Paris
https://www.linkedin.com/company/130783975;Mania Studio Pilates
https://www.linkedin.com/company/110761092;YES CLUB STUDIO
https://www.linkedin.com/company/107541879;Core Society | Fitness Reformer
https://www.linkedin.com/company/113464363;Cofundia
https://www.linkedin.com/company/25772651;MA BULLE ZEN
https://www.linkedin.com/company/105213260;CompanyFit
https://www.linkedin.com/company/5326019;Lifemotiv SAS
https://www.linkedin.com/company/106798541;Fitnessmov' Aqua
https://www.linkedin.com/company/68729793;The Aware Mind
https://www.linkedin.com/company/113121036;S?lView Ventures LLC
https://www.linkedin.com/company/72999022;meendi
https://www.linkedin.com/company/68024637;Olalis
https://www.linkedin.com/company/26329847;CROSSFIT DIJON
https://www.linkedin.com/company/111960884;SoulXplorers
https://www.linkedin.com/company/3140546;Home Cures
https://www.linkedin.com/company/111005268;Minzeo
https://www.linkedin.com/company/98746268;Le Labo Slow Life
https://www.linkedin.com/company/84519091;Kate Thomas Coaching
https://www.linkedin.com/company/27101591;Herbalbox
https://www.linkedin.com/company/98351630;Phoenix Camp63
https://www.linkedin.com/company/130504476;Bodyhit Saint-Ouen-Sur-Seine
https://www.linkedin.com/company/78876102;Le Boulaire Coaching
https://www.linkedin.com/company/108603269;The AK Way
https://www.linkedin.com/company/67169922;Holi'n Spa Co.
https://www.linkedin.com/company/104955476;Be Well Society
https://www.linkedin.com/company/25243527;SPORTS MANAGER.COM
https://www.linkedin.com/company/51099309;CLUB LA PELLE
https://www.linkedin.com/company/11069079;Vegan Beauty Food
https://www.linkedin.com/company/45813354;LE CERCLE PILATES
https://www.linkedin.com/company/25335198;ESPACE ESCALADE
https://www.linkedin.com/company/107366536;padmapulse
https://www.linkedin.com/company/105102917;Action Nutrition France
https://www.linkedin.com/company/105479389;OmStudio
https://www.linkedin.com/company/45766850;GOOD LIFE SPORT'S CLUB
https://www.linkedin.com/company/44569993;ACASA FIT
https://www.linkedin.com/company/26967319;SPORNOVA
https://www.linkedin.com/company/89211389;What Sticks
https://www.linkedin.com/company/118483990;Veluna
https://www.linkedin.com/company/46010003;Académie de Ballet Nini Theilade
https://www.linkedin.com/company/26977217;Bestraining
https://www.linkedin.com/company/107012595;L'Orange bleue - Service implantation
https://www.linkedin.com/company/98639971;Fit Studio Ramatuelle
https://www.linkedin.com/company/89619131;Andreea FairlyFit
https://www.linkedin.com/company/82485343;WellnessApp
https://www.linkedin.com/company/15170591;CHRISYLADE
https://www.linkedin.com/company/136664247;VYBES - Reformer & More
https://www.linkedin.com/company/79030306;Magnus-Fitnessbcn
https://www.linkedin.com/company/96487914;I LOVE MY ENERGY
https://www.linkedin.com/company/106798872;Domaine de la Grausse
https://www.linkedin.com/company/106111788;MALEEYA THAÏ MASSAGES
https://www.linkedin.com/company/740390;HealthNessLink
https://www.linkedin.com/company/111346859;LE BOL DORÉ
https://www.linkedin.com/company/104238160;PEAAKS Technologies
https://www.linkedin.com/company/102982309;Yogamar20
https://www.linkedin.com/company/49999845;LES LOUPS DU GEVAUDAN x Parc et hébergements
https://www.linkedin.com/company/110147904;Evita Lift
https://www.linkedin.com/company/104097507;Yam With Laetitia (Groupe Kunz)
https://www.linkedin.com/company/75454354;CarinessCoaching
https://www.linkedin.com/company/112264119;TEMPL. LAGREE
https://www.linkedin.com/company/109535937;Gwenad.Paris
https://www.linkedin.com/company/95970092;Realign Retreats
https://www.linkedin.com/company/11134105;Belespy
https://www.linkedin.com/company/25474991;RELAXEO
https://www.linkedin.com/company/50524849;Piscine Georges Hermant
https://www.linkedin.com/company/130464816;Sonocrea
https://www.linkedin.com/company/107233138;The WellNest Studio
https://www.linkedin.com/company/80159261;Calme.and.I
https://www.linkedin.com/company/107203106;RKF Wellness&Care
https://www.linkedin.com/company/26130511;CABINET STEPHANIE DUGUE
https://www.linkedin.com/company/26896782;ESPACE CAPUCINS SARL
https://www.linkedin.com/company/75191189;Twozap
https://www.linkedin.com/company/49181789;Parc Aventures Canyon Forest
https://www.linkedin.com/company/75254029;ASA MONTEREAU
https://www.linkedin.com/company/26001974;FITNESS CLUB SENLIS
https://www.linkedin.com/company/26072275;FORME ET SPORT
https://www.linkedin.com/company/47398662;Antrebloc
https://www.linkedin.com/company/45459235;ATHLETICS CLUB
https://www.linkedin.com/company/75182573;CrossFit Montpellier
https://www.linkedin.com/company/50636053;APPOIGNY FITNESS
https://www.linkedin.com/company/78644385;Etoile et Sens
https://www.linkedin.com/company/48884158;CRYO IMPULSE
https://www.linkedin.com/company/25451065;MY LITTLE WAKE PARK
https://www.linkedin.com/company/48765009;ENJOY FIT
https://www.linkedin.com/company/75305049;Keepfitadomicile
https://www.linkedin.com/company/25624949;JOANA & CO
https://www.linkedin.com/company/25283122;LOTUS FORME sas
https://www.linkedin.com/company/17954042;Equilibre et Harmonie
https://www.linkedin.com/company/47503357;LT SPORTS
https://www.linkedin.com/company/75207215;Eric Lecheneau
https://www.linkedin.com/company/25743831;STEPHAN PARRENIN HYPNOSE ET THERAPIES BREVES
https://www.linkedin.com/company/50966339;AQUAZENA
https://www.linkedin.com/company/84456229;Riviera Ozone
https://www.linkedin.com/company/51002547;CF ROMANS
https://www.linkedin.com/company/25295077;ASD Club
https://www.linkedin.com/company/25559903;LES VERNIS PARISIENS
https://www.linkedin.com/company/75204022;Fit by So
https://www.linkedin.com/company/45041865;Feel Future
https://www.linkedin.com/company/78649127;MT Cours de chant et technique vocale
https://www.linkedin.com/company/47705434;Rueil Athletic Club R.A.C
https://www.linkedin.com/company/26427263;MA MAISON DE BEAUTE
https://www.linkedin.com/company/75364365;Mon Coach Perso - Baldi Fabrice
https://www.linkedin.com/company/45070830;Association Dojo Cap Sicié
https://www.linkedin.com/company/26364427;ESTHETI'ZEN 66
https://www.linkedin.com/company/25248838;DELICES DES BEAUTES DU MONDE
https://www.linkedin.com/company/75293917;Le Studio Pilates Et Coaching
https://www.linkedin.com/company/50041083;ADAGIO DANSE ET GYM
https://www.linkedin.com/company/75228834;Biophinity
https://www.linkedin.com/company/68539821;MA RESONANCE
https://www.linkedin.com/company/110065949;Lolly Massages et Apithérapie
https://www.linkedin.com/company/101028587;Massaé
https://www.linkedin.com/company/78881614;Bulles à Malices
https://www.linkedin.com/company/24794564;Ecole ICHO de Shiatsu
https://www.linkedin.com/company/10561541;Refill nutrition
https://www.linkedin.com/company/98133283;C'YOGA
https://www.linkedin.com/company/96200744;Les semis de Vie
https://www.linkedin.com/company/100006737;Mananéa
https://www.linkedin.com/company/86606778;Pépites Naturo
https://www.linkedin.com/company/97925251;ACT'SOPHRO
https://www.linkedin.com/company/18364602;Ô ptits soins
https://www.linkedin.com/company/122154315;MSVG42
https://www.linkedin.com/company/42116619;Ho'omaha
https://www.linkedin.com/company/104229275;LASAI GUNE
https://www.linkedin.com/company/83322279;SEGATO Christel
https://www.linkedin.com/company/18439340;Vitalia France
https://www.linkedin.com/company/101573252;Spa de l'Or Blanc - Groupe GHP Hôtels
https://www.linkedin.com/company/18854937;Spa massage Bur?n Thaï
https://www.linkedin.com/company/89601637;An?ma
https://www.linkedin.com/company/26107343;THALASSO LA BAULE LES PINS
https://www.linkedin.com/company/76521401;Iris et Willy Spa - Franchise & Corner
https://www.linkedin.com/company/50362558;Les Machines de l’Ile
https://www.linkedin.com/company/29216011;SHIZEN SCHOOL
https://www.linkedin.com/company/80653275;Baby Pouss'
https://www.linkedin.com/company/89328085;La Parenthèse | Retraites | Centre Yoga Méditation
https://www.linkedin.com/company/18328910;Maternice
https://www.linkedin.com/company/81433985;CHEZA ZEN
https://www.linkedin.com/company/100673637;Feelwood maderothérapie
https://www.linkedin.com/company/84308217;Odys Fitness
https://www.linkedin.com/company/12588339;ZEN ZEST
https://www.linkedin.com/company/86961141;Sport & Esprit by Juliette
https://www.linkedin.com/company/79783343;Stéphanie Périnatalité
https://www.linkedin.com/company/106910298;Le Spa Le Mont Anis
https://www.linkedin.com/company/2936573;O'Présent haute sensibilité et plein potentiel
https://www.linkedin.com/company/75199751;CLIMSOM
https://www.linkedin.com/company/102318374;Courbes.
https://www.linkedin.com/company/11018697;Ergo In Situ
https://www.linkedin.com/company/80027771;Cabinet de réflexologie intégrative-Jennifer GAGNAIRE
https://www.linkedin.com/company/13007081;Ma pharma & moi
https://www.linkedin.com/company/19161619;Yogi Lab
https://www.linkedin.com/company/75278407;Centre Eozen
https://www.linkedin.com/company/105786996;AQUILUS PISCINES SPAS ORLEANS
https://www.linkedin.com/company/68167646;JFG Clinic Orléans
https://www.linkedin.com/company/102608907;LE POINT REFLET
https://www.linkedin.com/company/97032906;STUDIO PILATES 44
https://www.linkedin.com/company/76484641;Un Chœur En Soi
https://www.linkedin.com/company/71205793;Merry's Cbd & Green Place
https://www.linkedin.com/company/71677469;Racinessence
https://www.linkedin.com/company/103526602;Ergonomia 14
https://www.linkedin.com/company/94111698;Vida Sana FRANCE
https://www.linkedin.com/company/79090342;Terres essentielles
https://www.linkedin.com/company/69108983;aline lary facon alfahypnose
https://www.linkedin.com/company/66615218;YOGA SAMASTAH
https://www.linkedin.com/company/43342905;Akna
https://www.linkedin.com/company/11328373;NewTec Minceur
https://www.linkedin.com/company/18835201;Les petits pas du chat - Massage assis japonais
https://www.linkedin.com/company/74216639;Comme un poisson dans l'eau
https://www.linkedin.com/company/77044729;Sattvic Element | Laboratoire de mouvement
https://www.linkedin.com/company/73272919;Bionat CBD
https://www.linkedin.com/company/18530149;Vitaforme
https://www.linkedin.com/company/2034317;VitaliZen
https://www.linkedin.com/company/111616456;CRYOTERA NANTES
https://www.linkedin.com/company/108288750;METAGYM
https://www.linkedin.com/company/14035478;ArHoma
https://www.linkedin.com/company/14812811;Carpe Diet
https://www.linkedin.com/company/75488321;Yogiseg
https://www.linkedin.com/company/42942343;TY ZEN
https://www.linkedin.com/company/104916937;Bulle Zen
https://www.linkedin.com/company/102300321;La Casa smoothie club
https://www.linkedin.com/company/94856856;Au Coeur Des Sens
https://www.linkedin.com/company/14014003;IPTES
https://www.linkedin.com/company/113250356;YUP FITNESS
https://www.linkedin.com/company/106003479;R'Echo Coach à domicile
https://www.linkedin.com/company/77858617;KAPVERT
https://www.linkedin.com/company/25492779;NATUREA SPA INSTITUT DE MASSAGE ET DE BEAUTE
https://www.linkedin.com/company/98425369;BODYHIT SAINT-HERBLAIN
https://www.linkedin.com/company/98317069;SpineFix
https://www.linkedin.com/company/79151014;Les Petites Mains de Marina
https://www.linkedin.com/company/14780581;Cultiiv
https://www.linkedin.com/company/14017297;Kinzoku Shiatsu
https://www.linkedin.com/company/84374192;Atelier de M Etre
https://www.linkedin.com/company/110352640;Minga Harmony
https://www.linkedin.com/company/75177698;EVOLUZEN
https://www.linkedin.com/company/91691818;Seven CBD
https://www.linkedin.com/company/103839821;Cycla
https://www.linkedin.com/company/74781594;Transcendens
https://www.linkedin.com/company/91594241;AVI EMOTIONS
https://www.linkedin.com/company/90712945;Espace Ginko
https://www.linkedin.com/company/77037554;Arbres & avenir
https://www.linkedin.com/company/105837453;Eye C Sophro
https://www.linkedin.com/company/102121789;NAONUT
https://www.linkedin.com/company/111320951;Le Secret
https://www.linkedin.com/company/110092438;Lavande et Bergamote
https://www.linkedin.com/company/100305329;Stéphanie Couturier
https://www.linkedin.com/company/99894227;Chemin des possibles
https://www.linkedin.com/company/84367399;L'instant de Camille
https://www.linkedin.com/company/11408521;Institut Catherine Vandycke
https://www.linkedin.com/company/120574080;Iron Bodyfit Côte de Jade
https://www.linkedin.com/company/110429242;Feel In Care
https://www.linkedin.com/company/109738250;Hellébore Massage
https://www.linkedin.com/company/104501805;Écolibri d 'ICI
https://www.linkedin.com/company/78280669;Infinite Presence - Mindudfullness
https://www.linkedin.com/company/25265027;ESCALE SPA ET BEAUTE
https://www.linkedin.com/company/26953411;LE SPA SOLOGNOT DE BELLA
https://www.linkedin.com/company/46816923;GYMLIGNE
https://www.linkedin.com/company/84376933;Emma beauté
https://www.linkedin.com/company/83562842;Pharmacie des Haras
https://www.linkedin.com/company/83793571;Christelle Bonnamy EI
https://www.linkedin.com/company/101327;ESPA International
https://www.linkedin.com/company/259407;Myprotein
https://www.linkedin.com/company/111308406;The Wellness Hub MCR
https://www.linkedin.com/company/79823895;The Wellness Project CIC
https://www.linkedin.com/company/108310160;Therme Manchester
https://www.linkedin.com/company/86832794;SOHO SPA & WELLNESS
https://www.linkedin.com/company/28485702;GoVida - The Employee Wellbeing Platform
https://www.linkedin.com/company/2273141;Trafford Leisure
https://www.linkedin.com/company/109026249;FORME Bury
https://www.linkedin.com/company/14869493;Myvegan
https://www.linkedin.com/company/2660459;Active Bolton
https://www.linkedin.com/company/11289377;Neubria
https://www.linkedin.com/company/42928814;Function
https://www.linkedin.com/company/104517799;PEAK4
https://www.linkedin.com/company/93373600;SOHA Retreats
https://www.linkedin.com/company/98469630;Lotus in Bloom
https://www.linkedin.com/company/18019310;Altius Healthcare Ltd
https://www.linkedin.com/company/52137269;Association APRES l'envol
https://www.linkedin.com/company/108718174;Greater Manchester Wellbeing Series
https://www.linkedin.com/company/79859779;Wellness with Sally
https://www.linkedin.com/company/112777427;NG WELLNESS
https://www.linkedin.com/company/93651922;Urban Ice Tribe
https://www.linkedin.com/company/73257701;Laboratoire Acunature
https://www.linkedin.com/company/99962125;Les clés de la re-naissance
https://www.linkedin.com/company/11180015;GéoBiom'?
https://www.linkedin.com/company/5035805;R P Sports Injuries and Wellness Clinic
https://www.linkedin.com/company/103466532;Muscle Manor
https://www.linkedin.com/company/108311243;Retreat Wellbeing Sanctuary
https://www.linkedin.com/company/92903269;Infra’s
https://www.linkedin.com/company/35500263;Orange Bloom Yoga & Wellness
https://www.linkedin.com/company/86017698;Holistic Boutique Gym
https://www.linkedin.com/company/109562482;Pratisoins
https://www.linkedin.com/company/107443030;Pureformance UK
https://www.linkedin.com/company/106255348;Surya Empowerment Movement CIC
https://www.linkedin.com/company/93576655;Christelle Parenti pro
https://www.linkedin.com/company/146237247;Le Point Juste
https://www.linkedin.com/company/83286554;Shifa Healing Co.
https://www.linkedin.com/company/28471055;Strom Fitness & Leisure Group
https://www.linkedin.com/company/8164010;Pure Balance
https://www.linkedin.com/company/18665851;Zero Gravity Float Spa Ltd
https://www.linkedin.com/company/108283695;UR Wellbeing
https://www.linkedin.com/company/4404010;Bali Health Lounge
https://www.linkedin.com/company/107396445;Movensya
https://www.linkedin.com/company/111058459;NORDIC FROST
https://www.linkedin.com/company/72767967;Bonheur de Chanvre
https://www.linkedin.com/company/110707009;Hideaway Hive
https://www.linkedin.com/company/89243385;Sober Social
https://www.linkedin.com/company/105185840;Neuron Supplements
https://www.linkedin.com/company/100373252;ESPACE BLEU Piscine & Spa
https://www.linkedin.com/company/18164007;waystocure
https://www.linkedin.com/company/104893816;Kontrast
https://www.linkedin.com/company/18775209;Therapeutic Wellness Therapy
https://www.linkedin.com/company/108364356;Lulli Care
https://www.linkedin.com/company/75003734;Soli
https://www.linkedin.com/company/103518612;Rothwellness Yoga Co.
https://www.linkedin.com/company/51614335;Yourself Yoga for Menopause
https://www.linkedin.com/company/20784946;DBK PHARMA LTD
https://www.linkedin.com/company/28657111;Elite Physique Limited
https://www.linkedin.com/company/37514931;C Zen 49
https://www.linkedin.com/company/101075155;Whitworth Leisure Centre & Wellbeing Hub
https://www.linkedin.com/company/104192354;Rachs Wellness Loft
https://www.linkedin.com/company/18358569;Hello Happiness Foundation
https://www.linkedin.com/company/70509078;StudioYogaAngers
https://www.linkedin.com/company/112630415;K'ly?n
https://www.linkedin.com/company/106840351;ABS Corporate Health & Fitness
https://www.linkedin.com/company/19043623;Organic India UK
https://www.linkedin.com/company/7679402;BeYoga
https://www.linkedin.com/company/79239145;BeHyggie
https://www.linkedin.com/company/19844177;STANDWALK LTD
https://www.linkedin.com/company/12630929;Pure
https://www.linkedin.com/company/104692863;Thrive Corporate Wellness
https://www.linkedin.com/company/1126770;www.heaven-spa.co.uk
https://www.linkedin.com/company/12642491;JAG HEALTH & WELLNESS
https://www.linkedin.com/company/109562677;Inner Dynamics
https://www.linkedin.com/company/112878228;Ens? Angers
https://www.linkedin.com/company/111289247;The Hidden Sauna Club
https://www.linkedin.com/company/656474;Amian EAP
https://www.linkedin.com/company/83977093;Boujie Baby Spa
https://www.linkedin.com/company/19745849;OLDHAM GREENHILL COMMUNITY SPORTS & RECREATION CLUB LIMITED
https://www.linkedin.com/company/12074671;Studio One Yoga
https://www.linkedin.com/company/93838904;Wigan Family Chiropractic Hospital
https://www.linkedin.com/company/93750335;Cryo Revive
https://www.linkedin.com/company/70642541;Fitbank Health Group
https://www.linkedin.com/company/35605249;Recharge CBD
https://www.linkedin.com/company/142902128;Oranga Corporate Wellness
https://www.linkedin.com/company/2229019;Ayuda Group Ltd
https://www.linkedin.com/company/21993423;Platform Personal Training Gym
https://www.linkedin.com/company/120704394;L'Orange Bleue Angers Commerce
https://www.linkedin.com/company/19383121;Mister M Ltd
https://www.linkedin.com/company/107184135;The Good Sauna MCR
https://www.linkedin.com/company/9573203;Bolton Physiotherapy Clinic
https://www.linkedin.com/company/91195727;My Coaching Academia
https://www.linkedin.com/company/25034571;Evasion Spa & Beauté
https://www.linkedin.com/company/8916554;CITY SPA ESCAPES LIMITED
https://www.linkedin.com/company/19147695;Jenna McAvoy Wellness Coaching For Busy Women
https://www.linkedin.com/company/116044925;Shining Ladies Wellness
https://www.linkedin.com/company/70293951;Sarasin Spa
https://www.linkedin.com/company/12116637;Sarah's SPA Room
https://www.linkedin.com/company/8692799;PROACT OCCUPATIONAL HEALTH AND WELLNESS SERVICES LTD
https://www.linkedin.com/company/104967705;Blossoming Beginnings
https://www.linkedin.com/company/38122769;Aliveways
https://www.linkedin.com/company/98227854;Final Body Therapy & Spa
https://www.linkedin.com/company/26761857;MANDARINE INSTITUT - SPA
https://www.linkedin.com/company/70675546;Perimenohealth
https://www.linkedin.com/company/10950694;Optimised
https://www.linkedin.com/company/70211918;ChangThai Massage & Spa
https://www.linkedin.com/company/105990958;Calm with Coral
https://www.linkedin.com/company/11671118;Westpoint Dental Centre
https://www.linkedin.com/company/100334167;SHILA
https://www.linkedin.com/company/6333941;WHITE HEART DENTAL SPA LTD
https://www.linkedin.com/company/11447473;Chiropractic Health Centres
https://www.linkedin.com/company/71810555;EMAYOGA
https://www.linkedin.com/company/12038813;Seraphina Holistic and Wellbeing Centre
https://www.linkedin.com/company/18812533;The Beloved Company
https://www.linkedin.com/company/71203897;Appy health & wellbeing
https://www.linkedin.com/company/19336735;MEL C SMILE SPICE LIMITED
https://www.linkedin.com/company/108333751;Sister and Soul Ltd
https://www.linkedin.com/company/64005479;Trafford Metrovik Rugby Football Club
https://www.linkedin.com/company/106850803;mello
https://www.linkedin.com/company/74718773;HARVEST MD
https://www.linkedin.com/company/70369413;Sean Salinger Fitness
https://www.linkedin.com/company/9661101;Physability
https://www.linkedin.com/company/42378818;GLOBAL MALL TRENDS
https://www.linkedin.com/company/20862995;CJB Physiotherapy Ltd.
https://www.linkedin.com/company/70988590;Love Ng Yoga
https://www.linkedin.com/company/77071815;Coach G - Health & Fitness
https://www.linkedin.com/company/67162535;21st Century Self Leadership
https://www.linkedin.com/company/105786763;Exotify
https://www.linkedin.com/company/83804153;Merveilles de la Nature
https://www.linkedin.com/company/109555956;Tayyib Naturals
https://www.linkedin.com/company/35698733;StretchRoom
https://www.linkedin.com/company/102624622;SPA Privatif Nancy
https://www.linkedin.com/company/10999395;Cottos Medical
https://www.linkedin.com/company/102050796;WELLNESS ORIGINALS GROUP
https://www.linkedin.com/company/25951627;WELLNESS INNOVATION
https://www.linkedin.com/company/72681006;Aromalogie
https://www.linkedin.com/company/25560727;SPA DE LA FONTAINE
https://www.linkedin.com/company/78642811;Spa Domicile France
https://www.linkedin.com/company/26047139;SPA NATURE ET SENS
https://www.linkedin.com/company/25695370;SPA RIVE DROITE
https://www.linkedin.com/company/42087254;Sogood-Santé
https://www.linkedin.com/company/42930993;Les Yogis
https://www.linkedin.com/company/49905735;Pulsa
https://www.linkedin.com/company/34671337;CSP Mens Sana
https://www.linkedin.com/company/78284902;L'ENTREPRISE SE REINVENTE
https://www.linkedin.com/company/75727341;Ortie & Plantain
https://www.linkedin.com/company/72459289;Neurofeedback Dynamique | Véronique Dujardin |
https://www.linkedin.com/company/73204394;NH Sport & Wellness Lorient
https://www.linkedin.com/company/43179514;Quick & Zen
https://www.linkedin.com/company/14824513;SAS Scibetta
https://www.linkedin.com/company/94163302;my-UUU
https://www.linkedin.com/company/72685668;Marine Bien-Naître
https://www.linkedin.com/company/111355222;Humacure
https://www.linkedin.com/company/81461598;HTC Santé Vannes
https://www.linkedin.com/company/19163731;Kasha&Prana
https://www.linkedin.com/company/89789062;Loredana Vicomte - Sophrologue
https://www.linkedin.com/company/104944706;Yogini Yoga Nancy
https://www.linkedin.com/company/109509001;ALBA STUDIO
https://www.linkedin.com/company/98692308;Val Cryo Valenciennes
https://www.linkedin.com/company/98609908;Aux Couleurs Du Caméléon
https://www.linkedin.com/company/72744895;Alliance
https://www.linkedin.com/company/98397199;Dans Ma Bulle
https://www.linkedin.com/company/11257821;Centre Le Sart - Pavé de Lille
https://www.linkedin.com/company/93293857;David-mon rebouteux préféré
https://www.linkedin.com/company/75069227;UMANTA®
https://www.linkedin.com/company/112599611;A Fleur de Naturo
https://www.linkedin.com/company/78642666;Liadom
https://www.linkedin.com/company/33258831;IN Sport
https://www.linkedin.com/company/100106309;Espace Flore Piscines et spas
https://www.linkedin.com/company/104735004;Evasion Sensorielle • L'Huisserie
https://www.linkedin.com/company/48695763;Beaute Zen Institut
https://www.linkedin.com/company/93094870;B?l relaxation
https://www.linkedin.com/company/37803123;FRANCOISE HERVOCHE ACCOMPAGNEMENT
https://www.linkedin.com/company/3246507;Vitalya Santé SAS
https://www.linkedin.com/company/19140491;VITAform
https://www.linkedin.com/company/93850102;SENS ET VITAL
https://www.linkedin.com/company/89216132;May'Ostéo
https://www.linkedin.com/company/69733881;Mon Aparté Bodyzen
https://www.linkedin.com/company/10278651;SAHO Relaxation
https://www.linkedin.com/company/107091458;Aprica Wellness
https://www.linkedin.com/company/81292299;NIAGARA BEAUTE
https://www.linkedin.com/company/106474780;Khallos
https://www.linkedin.com/company/76729059;Pôle Paramédical AGORA Santé
https://www.linkedin.com/company/26363963;LE SPA COCOON
https://www.linkedin.com/company/100811057;Piscine & Spas
https://www.linkedin.com/company/11787274;SAS BIEN MIEUX
https://www.linkedin.com/company/77067337;Angélique Collin Masseuse Equin & Canin
https://www.linkedin.com/company/82393819;Souffle Et Respire
https://www.linkedin.com/company/18293626;Orelice.com
https://www.linkedin.com/company/10314059;FitJiva.com
https://www.linkedin.com/company/100301084;POSITIVE ENERGIE 59
https://www.linkedin.com/company/85408743;,1max, temps
https://www.linkedin.com/company/93116812;Sophie QUERAUD S comme Soi
https://www.linkedin.com/company/44528523;QUINTESSENCE ET HARMONIE
https://www.linkedin.com/company/130374028;Lux Vibratio
https://www.linkedin.com/company/25719631;SPA DE LA COLLINE
https://www.linkedin.com/company/25646389;SPA DES ILES
https://www.linkedin.com/company/26037418;SPA MAURICIA INSTITUT DE BEAUTE
https://www.linkedin.com/company/26424218;SPA LA VIE EST BELLE
https://www.linkedin.com/company/71272571;Taaka Beer Spa
https://www.linkedin.com/company/11114058;wePulse
https://www.linkedin.com/company/75211765;SPA TARBES
https://www.linkedin.com/company/78796554;Plantys Natura CBD France
https://www.linkedin.com/company/58555217;RV Nails
https://www.linkedin.com/company/84405351;Aqua Eruptions
https://www.linkedin.com/company/93636722;Lililab Studio
https://www.linkedin.com/company/22289241;Aquensis
https://www.linkedin.com/company/104904737;PHYSIOTHERM France
https://www.linkedin.com/company/7693706;Dharma Yoga and Dharma Détente
https://www.linkedin.com/company/68722345;Institut Nuance Strasbourg
https://www.linkedin.com/company/79687423;Hello Kiné
https://www.linkedin.com/company/98965830;L'instant Kleos
https://www.linkedin.com/company/103841310;EQUINOXES
https://www.linkedin.com/company/108026228;Clark Powell Fitness Bayonne
https://www.linkedin.com/company/110596029;Maison Sport Santé - Vallespir & Haut Vallespir
https://www.linkedin.com/company/102685812;Yoga with Marine
https://www.linkedin.com/company/10659575;FitNHOTEL
https://www.linkedin.com/company/88944874;Cécile Billard Réflexologie
https://www.linkedin.com/company/75330906;Spa le temps présent
https://www.linkedin.com/company/70458445;Movendo
https://www.linkedin.com/company/104905703;1ncentiva
https://www.linkedin.com/company/46867271;KIHAKO ?
https://www.linkedin.com/company/96212370;HTC Santé Lyon Ouest
https://www.linkedin.com/company/76808314;Pause Piquante présente CL Sexologie
https://www.linkedin.com/company/102133387;BROOKLYNFIT
https://www.linkedin.com/company/71716823;Oser prendre soin de soi
https://www.linkedin.com/company/25078447;DIRECT NATURE
https://www.linkedin.com/company/71483658;POM - Peace of Mind
https://www.linkedin.com/company/35627410;Joy Yoga
https://www.linkedin.com/company/19153045;Espace Ennoïa
https://www.linkedin.com/company/76163103;Pro'Spitality
https://www.linkedin.com/company/103484664;L'Idéal club
https://www.linkedin.com/company/11515861;Laboratoire Nurilia
https://www.linkedin.com/company/19016073;Nativus France
https://www.linkedin.com/company/19021118;Cryolyon
https://www.linkedin.com/company/35532275;REFLEX'? MASSAGE
https://www.linkedin.com/company/107415260;NUTRIFUSION
https://www.linkedin.com/company/28533198;Happiness Club Nutrition
https://www.linkedin.com/company/80641003;VITA DOUCE
https://www.linkedin.com/company/77048500;SensOnat'
https://www.linkedin.com/company/107722484;Tapis Volant
https://www.linkedin.com/company/102340043;Réflexofit
https://www.linkedin.com/company/106842617;Lam’Aste
https://www.linkedin.com/company/70405873;Centre Esthétique Roosevelt - Le 46
https://www.linkedin.com/company/91692454;Pure Média Mood
https://www.linkedin.com/company/103612185;Sourience
https://www.linkedin.com/company/86311498;OBC-services
https://www.linkedin.com/company/29287511;Brain Serenity
https://www.linkedin.com/company/83284295;Stéphanie ZIMMER VARET
https://www.linkedin.com/company/42835499;Spiraline
https://www.linkedin.com/company/15810487;Mobikiné
https://www.linkedin.com/company/19151166;Beauty'Sens
https://www.linkedin.com/company/103105218;SophroThalieRit - Association ThalieRit
https://www.linkedin.com/company/69747177;BIB - Bonheur Intérieur Brut
https://www.linkedin.com/company/25291757;Gotta Yoga
https://www.linkedin.com/company/105181448;Célôa Réflexologie
https://www.linkedin.com/company/9281891;LeZarts Zen
https://www.linkedin.com/company/77168655;Harmonyz
https://www.linkedin.com/company/42835218;AMBULANCES DES DAUPHINS
https://www.linkedin.com/company/75525358;HappynessRoad
https://www.linkedin.com/company/83090423;MAISON M LYON
https://www.linkedin.com/company/84816343;Huna Massage
https://www.linkedin.com/company/26922454;ASIA REMISE EN FORME
https://www.linkedin.com/company/9206049;O'SIBEL
https://www.linkedin.com/company/104598964;Goût et Plaisir
https://www.linkedin.com/company/76523173;Association Soins Autonomie
https://www.linkedin.com/company/100872468;Champ de Fleurs
https://www.linkedin.com/company/71125938;Kofuku Shiatsu
https://www.linkedin.com/company/69702793;#OBOUN
https://www.linkedin.com/company/102111558;bluehealth-med
https://www.linkedin.com/company/10816730;La Fabullerie
https://www.linkedin.com/company/108839053;Jolyshiatsu
https://www.linkedin.com/company/105988021;CocoFit'Training
https://www.linkedin.com/company/90989093;Cabinet de Réflexologie et pratique Niromathé
https://www.linkedin.com/company/77248150;Sowell International
https://www.linkedin.com/company/74349230;PYK - Centre Santé & Bien-Être
https://www.linkedin.com/company/77111945;Marie Boévie
https://www.linkedin.com/company/34909757;Eventsails
https://www.linkedin.com/company/10142083;Rose Nature ®
https://www.linkedin.com/company/89629974;Osiris, centre de thérapies holistiques
https://www.linkedin.com/company/76961031;Capp
https://www.linkedin.com/company/89656351;Nuna Qhali
https://www.linkedin.com/company/80163629;Everybodyfit
https://www.linkedin.com/company/42393578;DimFit
https://www.linkedin.com/company/108797001;immersens
https://www.linkedin.com/company/108364320;Burn Studio Tassin
https://www.linkedin.com/company/14872327;MONNEOSPA
https://www.linkedin.com/company/112231676;Maison Louise
https://www.linkedin.com/company/108294381;Pléiades Yoga
https://www.linkedin.com/company/103539152;Ma Pause Slow
https://www.linkedin.com/company/100065604;Top Strength
https://www.linkedin.com/company/83570185;Quinthessence
https://www.linkedin.com/company/105691266;Astya Performance
https://www.linkedin.com/company/110324210;FEEL GOOD Entreprise
https://www.linkedin.com/company/109227077;Sisters' Gym
https://www.linkedin.com/company/14797109;TICKET OXYGENE® C BONNARD !
https://www.linkedin.com/company/81714643;Complexe le Colibri - Centre de soins pour animaux
https://www.linkedin.com/company/26371435;LUXOSANTE
https://www.linkedin.com/company/75332549;espace d'O
https://www.linkedin.com/company/104449009;L'Appart Fitness Tarare
https://www.linkedin.com/company/11216673;Yoga Lodge
https://www.linkedin.com/company/80957262;Boby Cheveux
https://www.linkedin.com/company/37517527;PVA EVOLUTION
https://www.linkedin.com/company/70515330;Zen and You
https://www.linkedin.com/company/79348325;L'Essentiel
https://www.linkedin.com/company/11069014;fridg • Grignoter Sain
https://www.linkedin.com/company/101474417;My Big Bang Villefranche
https://www.linkedin.com/company/42940738;Vénusly
https://www.linkedin.com/company/106226028;Marie Jacquelin Naturopathie
https://www.linkedin.com/company/86773789;Laora D - Femme Kaléidoscope
https://www.linkedin.com/company/79603986;L'Atelier de Retouches
https://www.linkedin.com/company/101646880;L'univers de Fleur
https://www.linkedin.com/company/89641237;Etre Là Toulouse
https://www.linkedin.com/company/23727020;#bonheur
https://www.linkedin.com/company/26919338;SPA PLENITUDE
https://www.linkedin.com/company/43332798;EFI SANTE
https://www.linkedin.com/company/36076515;Adimep
https://www.linkedin.com/company/27145646;Nîmes Sport Santé
https://www.linkedin.com/company/80849843;Massotherapeute en massage Thaïlandais
https://www.linkedin.com/company/105569820;Pep'S Cosmétique
https://www.linkedin.com/company/40756370;Peacock Toulouse
https://www.linkedin.com/company/81926171;EAUX DE KIETÜD - Flottaison sensorielle
https://www.linkedin.com/company/86942747;Cocon - Centre de flottaison
https://www.linkedin.com/company/90585168;MarineÔnaturel Malardé
https://www.linkedin.com/company/109814933;SOLIA TOULOUSE
https://www.linkedin.com/company/37571439;Gym Lounge
https://www.linkedin.com/company/67332254;Eloquence Des Sens
https://www.linkedin.com/company/71954309;Les Soins Zen
https://www.linkedin.com/company/99502636;CANOPEE QUIMPER
https://www.linkedin.com/company/79846842;Le Studiö
https://www.linkedin.com/company/87178632;LA PARENTHESE LANDERNEAU & VANNES
https://www.linkedin.com/company/91652179;NATURALYS SPA
https://www.linkedin.com/company/106197500;Santé Mieux-Être Évreux - Normandie
https://www.linkedin.com/company/28518480;Fier comme un Coq
https://www.linkedin.com/company/72355763;mam'ZEN
https://www.linkedin.com/company/82388245;NOVA STIMULATION
https://www.linkedin.com/company/12976542;Chloro'feel
https://www.linkedin.com/company/104205851;Plou'escale
https://www.linkedin.com/company/68640259;Business en forme
https://www.linkedin.com/company/11565437;Aloha Spa Chartres
https://www.linkedin.com/company/104548883;RéflexÔrizon
https://www.linkedin.com/company/101800751;Neuro+
https://www.linkedin.com/company/19178637;Piscine directe
https://www.linkedin.com/company/70904819;L'ATELIER DES ARCS
https://www.linkedin.com/company/83311165;Bioty's forme & spa
https://www.linkedin.com/company/83314995;Bioty's forme et spa
https://www.linkedin.com/company/98219411;Consult-ia.eu
https://www.linkedin.com/company/18389022;Reflexologie Vernon
https://www.linkedin.com/company/110089874;Les Mains de Débo
https://www.linkedin.com/company/43348838;Florence Bras
https://www.linkedin.com/company/9361866;SILAGIC
https://www.linkedin.com/company/76152831;Anabel Stambollian
https://www.linkedin.com/company/93776691;Coachs Mobiles
https://www.linkedin.com/company/38119282;Salsabil Hammam & Spa
https://www.linkedin.com/company/104668273;Zenspire Pets
https://www.linkedin.com/company/104463745;FeelGood Sport Besançon
https://www.linkedin.com/company/20553743;Mathilde Villette Relax
https://www.linkedin.com/company/77603711;Duo Réflex'Aloe
https://www.linkedin.com/company/106174698;L'Escale Beauté et SPA
https://www.linkedin.com/company/99945147;Hyphen Studio Valence
https://www.linkedin.com/company/106475984;Nalencie
https://www.linkedin.com/company/92496147;HARYANA
https://www.linkedin.com/company/100448365;Paumes et Plantes
https://www.linkedin.com/company/18965330;PHYTO VETO
https://www.linkedin.com/company/45097285;LE TAO DE L'ART ULTIME
https://www.linkedin.com/company/5351165;yogalopin
https://www.linkedin.com/company/107232495;Sno&Zen
https://www.linkedin.com/company/78628333;Bibli Yoga
https://www.linkedin.com/company/76998079;MON RITUEL SECRET
https://www.linkedin.com/company/100461215;CENTRE OXYGENE CONCARNEAU
https://www.linkedin.com/company/106272257;Centre Respir'
https://www.linkedin.com/company/25368373;ESPRIT COSY
https://www.linkedin.com/company/91680334;Elisabeth Floch Guillou Brest Réflexologie
https://www.linkedin.com/company/26764377;CENTRE ELOHA
https://www.linkedin.com/company/28591918;My Escapes
https://www.linkedin.com/company/91333423;Cryo-Athletica
https://www.linkedin.com/company/102149773;Healthy Panda's
https://www.linkedin.com/company/66923966;Agora Center
https://www.linkedin.com/company/78308305;Beamy Sophrologie
https://www.linkedin.com/company/18375913;CIUS
https://www.linkedin.com/company/26338858;SPA ESCALE D'OXYGENE
https://www.linkedin.com/company/36128691;Spa de la Nouère
https://www.linkedin.com/company/11211268;Addictomassages
https://www.linkedin.com/company/25872237;SPA DES 5 SENS
https://www.linkedin.com/company/75280577;Spa Les Bains
https://www.linkedin.com/company/82562417;La Casa Nana
https://www.linkedin.com/company/51292458;Laurent VIEL Magnétiseur
https://www.linkedin.com/company/108048326;Creuse Massage Sport
https://www.linkedin.com/company/75246863;Spa CARITA Carcassonne
https://www.linkedin.com/company/26013575;SPA DE LA BASSE PRAELE
https://www.linkedin.com/company/25971325;SPA FLEUR D'O
https://www.linkedin.com/company/19055185;Aix-en-Détente
https://www.linkedin.com/company/130083987;Spa Le Dôme Bleu
https://www.linkedin.com/company/106500582;Virginia Philippe
https://www.linkedin.com/company/106015462;Rah'massage & Forever
https://www.linkedin.com/company/18646654;DECIDE - Le podcast par Joy Richez
https://www.linkedin.com/company/35644975;YOGA Logan GYM
https://www.linkedin.com/company/115790515;EXPIR.MARSEILLE
https://www.linkedin.com/company/104957419;Instant Bastide
https://www.linkedin.com/company/134744233;AM.MASSAGE
https://www.linkedin.com/company/112266654;ELLEYA
https://www.linkedin.com/company/105376378;Casa Pop
https://www.linkedin.com/company/105165624;Domaine des Belles Âmes
https://www.linkedin.com/company/105425529;MFP Sport
https://www.linkedin.com/company/78603002;kare.
https://www.linkedin.com/company/105451548;Yutori, Cabinet de Sophrologie, Thérapies et Accompagnements
https://www.linkedin.com/company/104895385;Les massages et soins de Christophe
https://www.linkedin.com/company/110085285;B-CLUB
https://www.linkedin.com/company/73888573;psychologie-methode-arcenciel
https://www.linkedin.com/company/99948974;Calibud CBD
https://www.linkedin.com/company/98326691;Sport+ (13)
https://www.linkedin.com/company/105979288;Spilow - Pilates Club
https://www.linkedin.com/company/107755389;Ysoo
https://www.linkedin.com/company/42792518;Les Artisans du Zen
https://www.linkedin.com/company/76212942;Cocoon thérapies naturelles
https://www.linkedin.com/company/18561523;Yvery Laboratoire
https://www.linkedin.com/company/98689013;REKONEKT
https://www.linkedin.com/company/43258817;1001 HERBES
https://www.linkedin.com/company/101841345;KRAV MAGA TREBES
https://www.linkedin.com/company/73207190;Maison Sport Santé Miramas
https://www.linkedin.com/company/105732395;Boxnfit Studio
https://www.linkedin.com/company/109218797;THERMES MARINS MARSEILLE
https://www.linkedin.com/company/80038374;Mélody des Sens
https://www.linkedin.com/company/77137366;Central SPA
https://www.linkedin.com/company/109698069;Casa Malia
https://www.linkedin.com/company/28825869;La Forêt du Dragon
https://www.linkedin.com/company/93774428;Les Cristaux
https://www.linkedin.com/company/26232145;Association en équilibre
https://www.linkedin.com/company/80234961;L’équilibre en mouvement
https://www.linkedin.com/company/93828490;LA PAUSE by mailys
https://www.linkedin.com/company/18892232;Maison Méditerranée
https://www.linkedin.com/company/26517969;Bliss Yoga
https://www.linkedin.com/company/75042351;SO BE - BODY et NAIL'Minute Marseille
https://www.linkedin.com/company/80232991;ERGOMEA
https://www.linkedin.com/company/19199483;Le Studio Yoga & Pilates
https://www.linkedin.com/company/106539078;HairSpa Marseille
https://www.linkedin.com/company/104921407;Académie de Tara
https://www.linkedin.com/company/106494570;LE CARRE ZEN Spa & Massages
https://www.linkedin.com/company/102120085;Asana Massage Marseille
https://www.linkedin.com/company/80204922;VR- Sophrologie et Massage AMMA
https://www.linkedin.com/company/92941550;Zénésens Massages
https://www.linkedin.com/company/10653389;BEST CONCEPT Institut de beauté - Hammam - Soins anti-âge
https://www.linkedin.com/company/81658071;Les Sources d'Allauch
https://www.linkedin.com/company/106865725;Espace Nymphéa
https://www.linkedin.com/company/6865263;BODHI SPA
https://www.linkedin.com/company/108492530;High SoulStar
https://www.linkedin.com/company/68851485;Méditation Guidée
https://www.linkedin.com/company/84388397;Espace 81 Marseille
https://www.linkedin.com/company/25031769;HinB
https://www.linkedin.com/company/89287229;Claire Munos Massages
https://www.linkedin.com/company/67224207;Association Groupe ALLIANCEDIGITALE
https://www.linkedin.com/company/18830553;Happy & Yoga
https://www.linkedin.com/company/110780467;Afroloveuse - Team building, EVJF et événements privés
https://www.linkedin.com/company/11196541;ESPACE SADHANA
https://www.linkedin.com/company/10912271;Me Time Aroma
https://www.linkedin.com/company/71534022;ELOGE SANTE
https://www.linkedin.com/company/42139475;NATURHOUSE ALLAUCH - PLAN DE CUQUES
https://www.linkedin.com/company/28644111;Un Pas Vers Soi
https://www.linkedin.com/company/105503187;Ma vie adoucie, cabinet de naturopathie
https://www.linkedin.com/company/71991605;NATURE PHYT
https://www.linkedin.com/company/25177022;Ticket PEPS'
https://www.linkedin.com/company/80969417;THE INNER GLOW - FACIALISTE MARSEILLE
https://www.linkedin.com/company/110830042;Le Reconnect
https://www.linkedin.com/company/104232069;Hygiénavie - Maison Sport Santé
https://www.linkedin.com/company/111393571;ART&SENS COLLECTIF
https://www.linkedin.com/company/33198301;Yoga Solutions Santé
https://www.linkedin.com/company/28646375;salle des cerisiers à Pamiers
https://www.linkedin.com/company/65859985;Laurence Brzozowski BE Sophrologie
https://www.linkedin.com/company/78654373;espace SHAMBAYA
https://www.linkedin.com/company/106043295;Ãntarika
https://www.linkedin.com/company/102815282;Manon des Sens
https://www.linkedin.com/company/94235236;LokaConcept
https://www.linkedin.com/company/102839870;VOLVAMED
https://www.linkedin.com/company/64962082;Lumière Feng Shui
https://www.linkedin.com/company/109564096;De l'Arb ô Corps
https://www.linkedin.com/company/109270132;Val Reflexo
https://www.linkedin.com/company/11405531;Gaiapan Project
https://www.linkedin.com/company/76224354;Resonance by Fenyx
https://www.linkedin.com/company/64801935;KENKO Studio
https://www.linkedin.com/company/86413074;MY LITTLE COMPANY BY LS.
https://www.linkedin.com/company/77319901;Karman Skin
https://www.linkedin.com/company/111715456;Andiel Project
https://www.linkedin.com/company/7160771;TechniHomeSpa
https://www.linkedin.com/company/101115153;Move Le Studio
https://www.linkedin.com/company/11167317;Cabinet ?dh?ra
https://www.linkedin.com/company/65702006;Un moment sain pause
https://www.linkedin.com/company/18768313;DerwellZenTouch
https://www.linkedin.com/company/98643235;ESPACE LOU
https://www.linkedin.com/company/22319274;Mel Esthétique
https://www.linkedin.com/company/98655442;L'âmeventure intérieure
https://www.linkedin.com/company/105419432;Karaline
https://www.linkedin.com/company/92959069;SERENDIPI-THÉRAPIE
https://www.linkedin.com/company/19104611;Des Mains d'Ange
https://www.linkedin.com/company/90490423;Synaps Appeal
https://www.linkedin.com/company/73813847;Sérénité Provence
https://www.linkedin.com/company/66880947;Projet Leadership
https://www.linkedin.com/company/28837802;LES SENS DE BEBE
https://www.linkedin.com/company/105533343;Immersive Experience Body&Mind Care
https://www.linkedin.com/company/118894544;Flashform
https://www.linkedin.com/company/75731805;Marfée-Zen
https://www.linkedin.com/company/105521663;Club Daily Reminder
https://www.linkedin.com/company/68502983;Le Temple Zen Bijoux
https://www.linkedin.com/company/9339706;Spa Alina
https://www.linkedin.com/company/100252384;SPA de Grasse | Refuge de l'Espoir
https://www.linkedin.com/company/3318752;SPA PIscines
https://www.linkedin.com/company/11831472;Splendid Hotel & Spa + Gounod Hotel Nice _ Côte d'Azur France ????
https://www.linkedin.com/company/71617033;Le Couvent des Minimes, un Hôtel & Spa L'Occitane en Provence
https://www.linkedin.com/company/48029079;SPA HIRSON THIERACHE
https://www.linkedin.com/company/26424831;SPA ECOLE FOURNIER
https://www.linkedin.com/company/26894328;SPA DI FONZO
https://www.linkedin.com/company/84407756;Spa Suite Vichy
https://www.linkedin.com/company/92860789;Spa à Mougins : Royal Mougins
https://www.linkedin.com/company/44914748;SPA & SUN IN THE CITY
https://www.linkedin.com/company/84403282;Spa Azteca
https://www.linkedin.com/company/81293242;Spa des LYS, pôle entreprise, Cabinet des LYS et Institut des LYS
https://www.linkedin.com/company/104209217;SPA Saint Etienne Loire
https://www.linkedin.com/company/10233887;Expertise Spa Bien-Être - Centre de Formation
https://www.linkedin.com/company/84413900;SPA Annecy Marlioz
https://www.linkedin.com/company/37475714;Talya Piscine & Spa Inox
https://www.linkedin.com/company/115828559;SPA de la Haute Vallée de l'Arve
https://www.linkedin.com/company/83829319;Spa Therapy By Laura
https://www.linkedin.com/company/65392544;Best Western Premier - Le Clos Syrah - Hôtel, Spa & Restaurant
https://www.linkedin.com/company/51019445;SPA du Dauphiné
https://www.linkedin.com/company/70422006;Némeau - Piscine Spa & Sauna
https://www.linkedin.com/company/84453768;SPA OSMOSE
https://www.linkedin.com/company/51100401;Spa du château de Pizay
https://www.linkedin.com/company/50165928;SPA Pure Altitude
https://www.linkedin.com/company/49259162;Spa Õ des Lauzes
https://www.linkedin.com/company/83827441;Spa du Rhône
https://www.linkedin.com/company/75323500;SPA Yzeron évasion
https://www.linkedin.com/company/47452318;SPA DU CHABLAIS
https://www.linkedin.com/company/83567791;SPA LES AMANDIERS
https://www.linkedin.com/company/49293132;Spa by Carita
https://www.linkedin.com/company/47395825;Spa Océane - Espace Paradisio
https://www.linkedin.com/company/84394612;Spa & Beauté
https://www.linkedin.com/company/78655920;Spa Kokum à Aix les Bains
https://www.linkedin.com/company/83560338;SPA PEINTURE
https://www.linkedin.com/company/75279488;Spa Zenergy
https://www.linkedin.com/company/75234122;SPA Cantal
https://www.linkedin.com/company/75233863;SPA du Roannais
https://www.linkedin.com/company/75171441;SPA de jastres
https://www.linkedin.com/company/49869336;Spa A Fleur de Peau
https://www.linkedin.com/company/47304980;Spa des Savoie
https://www.linkedin.com/company/3777796;La Croix de Savoie & SPA - Hôtel BioClimatique et Restaurant Gastronomique
https://www.linkedin.com/company/7961946;Spa Supply Solutions
https://www.linkedin.com/company/93093702;SPA Montpellier Méditerranée Métropole
https://www.linkedin.com/company/111346232;SPA de Bordeaux et du Sud-Ouest
https://www.linkedin.com/company/67155586;Spa Azium
https://www.linkedin.com/company/50799219;Thalasso Spa Marin
https://www.linkedin.com/company/69219939;Vitalparc Hôtel**** Restaurant & Spa The Originals Collection
https://www.linkedin.com/company/75235258;SPA du Gers - site officiel
https://www.linkedin.com/company/47188193;SPA MONTPELLIER MEDITERRANEE METROPOLE
https://www.linkedin.com/company/47137524;Spa Caudalie
https://www.linkedin.com/company/46327451;Spa Mozaik
https://www.linkedin.com/company/51359556;Spa de Sèze
https://www.linkedin.com/company/50511465;Spa de Fontcaude
https://www.linkedin.com/company/48729389;Spa Armor Arcoat
https://www.linkedin.com/company/45672207;SPA 35
https://www.linkedin.com/company/47694503;Spa 2 Be
https://www.linkedin.com/company/44787778;SPA Aromassane
https://www.linkedin.com/company/3344018;ETEC le Spa - Groupe ETEC
https://www.linkedin.com/company/46026009;OZENSPA Andernos
https://www.linkedin.com/company/26725188;HOTEL & SPA CONSULTING
https://www.linkedin.com/company/46293809;SPA BELLEZA
https://www.linkedin.com/company/100258910;Hôtel*** Spa & Restaurant ÔPervenches
https://www.linkedin.com/company/48337248;Kokum Spa & Beauté
https://www.linkedin.com/company/51339718;FISH SPA DETENTE
https://www.linkedin.com/company/97980598;Le Grand Spa Thermal
https://www.linkedin.com/company/50334845;Tahiti eden spa & lounge
https://www.linkedin.com/company/48718166;Spa In Balance By Novotel
https://www.linkedin.com/company/84429689;Spa Pullman Bercy
https://www.linkedin.com/company/83807933;Spa Cocoon
https://www.linkedin.com/company/45049208;Spa Le Bristol by La Prairie
https://www.linkedin.com/company/35462750;Les bains du marais - Spa à Paris et restaurant
https://www.linkedin.com/company/93354069;Salon & Spa capillaire René Furterer Paris
https://www.linkedin.com/company/10839181;Fédération des Professionnels de la Piscine et du Spa - FPP
https://www.linkedin.com/company/87191520;Campus de l'Esthétique et du SPA - Officiel
https://www.linkedin.com/company/26145151;École d'esthétique et Spa Catherine Sertin
https://www.linkedin.com/company/85408468;Château d'Augerville Golf & Spa Resort - TemptingPlaces Collection
https://www.linkedin.com/company/46357824;SPA BEAUTE
https://www.linkedin.com/company/107711102;Spa Business Consulting
https://www.linkedin.com/company/93601985;SPA Pro
https://www.linkedin.com/company/75288927;Spa O de Soleil
https://www.linkedin.com/company/53429900;QIDOSPA INSTITUT
https://www.linkedin.com/company/11277111;SPA de Poitiers
https://www.linkedin.com/company/2147966;Spa Collexion
https://www.linkedin.com/company/75358325;SPA Le Galet
https://www.linkedin.com/company/49430702;Spa les 5 océans
https://www.linkedin.com/company/25202668;SPA DEVELOPPEMENT INTERNATIONAL
https://www.linkedin.com/company/19025527;SPA DESTRIBATS
https://www.linkedin.com/company/75259637;Spa des Lys
https://www.linkedin.com/company/48804024;Spa by Decléor
https://www.linkedin.com/company/75209075;SPA Coraline
https://www.linkedin.com/company/51316608;SPA DU LOIR ET CHER
https://www.linkedin.com/company/50226241;Spa les 3 sources
https://www.linkedin.com/company/25337525;InnovaSpa Canada
https://www.linkedin.com/company/30645250;Le Domaine des Vanneaux Hôtel Golf & Spa - MGallery Collection
https://www.linkedin.com/company/92958086;Hôtel & Spa Le Maury, The Originals Boutique, Centre Vannes ????
https://www.linkedin.com/company/22822065;Hôtel & Spa Verte Vallée 4 étoiles - Restaurant les Grands Arbres
https://www.linkedin.com/company/11025168;ARA Hôtel *** The Originals City | Landerneau - Appart' hôtel, Sauna, Spa et Restaurant
https://www.linkedin.com/company/10280358;Quintessia Resort : Hôtel**** I Spa I Restaurant I Séminaire I Coffrets Cadeaux
https://www.linkedin.com/company/19109148;Le Celtique & Spa | Hôtel 4*, Spa, Restaurant & Séminaires à Carnac
https://www.linkedin.com/company/28545555;Domaine de la Forêt d’Orient Logis Hôtel****, Restaurant Spa & Golf
https://www.linkedin.com/company/75324099;Manoir le Roure : Hôtel - Restaurants - Spa pour entreprises et particuliers à 2mn de Montélimar
https://www.linkedin.com/company/18772636;Luxe Ayurvédique: Découvrez notre Clinique Hôtel, Spa Glamour & Hébergement Exclusif
https://www.linkedin.com/company/105025312;Head Spa Equipment
https://www.linkedin.com/company/11110297;KOME Salon et SPA AVEDA
https://www.linkedin.com/company/84435070;LE SPA LES BAINS DOUCHES
https://www.linkedin.com/company/47396083;Spa Nuxe
https://www.linkedin.com/company/97282546;Thalasso & Spa Barrière La Baule
https://www.linkedin.com/company/50469103;SPA BEAUTE ET NATURE
https://www.linkedin.com/company/75317595;SPA DU GIENNOIS
https://www.linkedin.com/company/75277751;Spa Dans mon monde
https://www.linkedin.com/company/84389000;Spa Le Maubreuil
https://www.linkedin.com/company/11067035;DENIE LAFONT | Spa à débordement, Plomberie, Chauffage
https://www.linkedin.com/company/75315028;Naturéa spa Gramat
https://www.linkedin.com/company/83857888;Calypso Spa Bastille
https://www.linkedin.com/company/75319923;Art Du Spa Orléans
https://www.linkedin.com/company/97335953;Spa Bien Etre
https://www.linkedin.com/company/75215571;Spa au Naturel
https://www.linkedin.com/company/19282364;THE SPA GROUP LIMITED
https://www.linkedin.com/company/75251128;Spa d'Ô claire
https://www.linkedin.com/company/20175574;SPA CONSTRUCTION LTD
https://www.linkedin.com/company/84427183;Spa Energie Bio
https://www.linkedin.com/company/86939979;Serene Spa Designs
https://www.linkedin.com/company/16702112;LIDO'S SPA LIMITED
https://www.linkedin.com/company/11937439;Face Beauty Spa and Hair Studio
https://www.linkedin.com/company/97249697;escape spa mcr by lisa ryan
https://www.linkedin.com/company/21027709;PERRIEE SPA LTD
https://www.linkedin.com/company/19527386;TRANQUIL SPA MERRYHILL LTD
https://www.linkedin.com/company/19307919;HERITAGE SPA DEVELOPMENTS LIMITED
https://www.linkedin.com/company/84390883;Fish Spa International
https://www.linkedin.com/company/64221675;Hush Spa & Wellbeing
https://www.linkedin.com/company/63896475;THE SANCTUARY SPA GROUP LIMITED
https://www.linkedin.com/company/55138138;THE SANCTUARY SPA HOLDINGS LIMITED
https://www.linkedin.com/company/16323529;BUXTON SPA LIMITED
https://www.linkedin.com/company/22053676;NATURAL BEAUTY SPA LIMITED
https://www.linkedin.com/company/18197807;IOA MEDI SPA Clinics & IOAUK Assessment & Certification Services
https://www.linkedin.com/company/78249955;Oxford One Spa And Clinic
https://www.linkedin.com/company/21860614;OASIS CLOTHES SPA LIMITED
https://www.linkedin.com/company/21690385;EVIES BEAUTY SPA LTD
https://www.linkedin.com/company/19661538;COCO NAILS AND SPA LTD
https://www.linkedin.com/company/75245633;Elixir du SPA cherbourg
https://www.linkedin.com/company/21461313;THE SALON BEAUTY SPA LIMITED
https://www.linkedin.com/company/87017849;Pampered to Pawfection Dog Spa Ltd
https://www.linkedin.com/company/97777815;Ship to Shore spa Recruitment
https://www.linkedin.com/company/111901160;Wellness piscine & spa Woustviller
https://www.linkedin.com/company/75290049;Spa Kar'In
https://www.linkedin.com/company/83826602;Spa jacuzzi
https://www.linkedin.com/company/83563743;SPA de Vannes et de la Région
https://www.linkedin.com/company/84471815;Spa Dunkerque
https://www.linkedin.com/company/83825236;Spa Le Celtique
https://www.linkedin.com/company/83567503;SPA PRIVATIF
https://www.linkedin.com/company/75246675;SPA Pontivy
https://www.linkedin.com/company/104759983;C.I.B.S ( Conseil Innovation Beauté & Spa )
https://www.linkedin.com/company/91188938;CNAIB-SPA Lorraine
https://www.linkedin.com/company/64692580;Muriel T Spa - Centre de beauté
https://www.linkedin.com/company/112344452;TOULLIOU Mondial Piscine Spa Paysage
https://www.linkedin.com/company/76127402;SPA de Strasbourg
https://www.linkedin.com/company/48538040;SPA LE CHAT ET LA VIE
https://www.linkedin.com/company/83834209;Spa Alaena
https://www.linkedin.com/company/46326126;Spa Terra Nostra
https://www.linkedin.com/company/46642415;SPA L'EVEIL DES SENS
https://www.linkedin.com/company/83799377;SPA De Mulhouse
https://www.linkedin.com/company/75239372;SPA SAverne
https://www.linkedin.com/company/47238224;"SPA ""65""? AZEREIX"
https://www.linkedin.com/company/46392026;ANIMAUX ASSISTANCE EUROPE - REFUGE SPA de BAYONNE
https://www.linkedin.com/company/49559087;SPA Bigorre Hautes Pyrénées
https://www.linkedin.com/company/75270615;SPA Haguenau
https://www.linkedin.com/company/50004852;SPA PAYS BASQUE
https://www.linkedin.com/company/75174998;Spa et Massage
https://www.linkedin.com/company/44674509;Spa Institut des Îles
https://www.linkedin.com/company/95758067;Piscine Spa Design
https://www.linkedin.com/company/104063183;SPA de la région Creusotine
https://www.linkedin.com/company/84406560;Spa Lyon Plage
https://www.linkedin.com/company/26977055;SPA URBAIN
https://www.linkedin.com/company/83824925;Spa des Vignes
https://www.linkedin.com/company/51522803;SPA VILLA MARINE
https://www.linkedin.com/company/104179837;Pool & Spa Distribution
https://www.linkedin.com/company/49943481;DOMAINE DE RYMSKA ***** & SPA | RELAIS & CHÂTEAUX
https://www.linkedin.com/company/72055027;näkki ? Spa Blog & Consulting
https://www.linkedin.com/company/105826585;CNAIB-SPA Rhône et Loire
https://www.linkedin.com/company/29036369;SPA auto Groupe
https://www.linkedin.com/company/116003264;SPA de Besançon et Franche-Comté
https://www.linkedin.com/company/25880057;SPA TERRE DE PASTEL
https://www.linkedin.com/company/27171188;Château de Jallanges & spa - Vouvray
https://www.linkedin.com/company/49310968;Spa en Provence
https://www.linkedin.com/company/48520668;SPA la Villa
https://www.linkedin.com/company/84423637;Spa Les 5 sens
https://www.linkedin.com/company/49710237;Spa Envie d’Ailleurs
https://www.linkedin.com/company/84463500;SPA de Cornouaille
https://www.linkedin.com/company/46337450;SPA REFUGE LES ACACIAS
https://www.linkedin.com/company/84466586;spa des templiers
https://www.linkedin.com/company/48902522;SPA BY MONARQUE
https://www.linkedin.com/company/18665183;Domaine de la Haie des Granges Hôtel SPA Restaurant Salles de Réception
https://www.linkedin.com/company/100969069;Ambiance SPA - Valence
https://www.linkedin.com/company/107910174;Refuge de l'Espoir, SPA de Pierrelatte et du Tricastin
https://www.linkedin.com/company/83824618;Spa Les Saules
https://www.linkedin.com/company/83776079;SPA de Basse Normandie
https://www.linkedin.com/company/75298892;SPA BRIVE
https://www.linkedin.com/company/25858903;SPA BOURGOGNE COSMETIQUES
https://www.linkedin.com/company/49498772;SPA SABRINA BEAUTE
https://www.linkedin.com/company/83571046;SPA des Cailloux
https://www.linkedin.com/company/50395475;SPA REFUGE DE BONBONNET
https://www.linkedin.com/company/84457876;Spa Des Sables
https://www.linkedin.com/company/110738188;Be Spa France
https://www.linkedin.com/company/75321875;Spa nhow Marseille
https://www.linkedin.com/company/75339644;SPA Célinie
https://www.linkedin.com/company/84468038;SPA Nuxe Troyes
https://www.linkedin.com/company/83825388;Spa 5 Sens Narbonne
https://www.linkedin.com/company/49019012;Spa Aqualora
https://www.linkedin.com/company/75213783;SPA O De MER
https://www.linkedin.com/company/84423559;SPA DES BAUX DE PROVENCE
https://www.linkedin.com/company/47779543;Spa Negresko
https://www.linkedin.com/company/46339892;SPA LA BONNE ADRESSE
https://www.linkedin.com/company/83796538;SPA Lokiya
https://www.linkedin.com/company/83570105;Spa Gemology
https://www.linkedin.com/company/25793424;SPA SUD
https://www.linkedin.com/company/46981423;Spa Cinq Mondes Marseille
https://www.linkedin.com/company/10811830;Myspa Deborrha
https://www.linkedin.com/company/100151239;Institut Spa NaturElle
https://www.linkedin.com/company/96978755;Hôtel du Roi & Spa by SOWELL COLLECTION
https://www.linkedin.com/company/105440718;SPA Marseille Provence
https://www.linkedin.com/company/92855665;Spa le Norvégien
https://www.linkedin.com/company/76582298;CENTRE DE BIEN-ETRE&SPA EN EQUILIBRE
https://www.linkedin.com/company/106316317;Iris et Willy SPA Sénas
https://www.linkedin.com/company/5480654;GROUPE SPADA
https://www.linkedin.com/company/82522567;Hestia - lodges & spa
https://www.linkedin.com/company/1121928;CGH Résidences & Spas
https://www.linkedin.com/company/28797045;Unique Hôtel Spa
https://www.linkedin.com/company/11504463;Domaine Lou Capitelle & Spa
https://www.linkedin.com/company/42883592;Sapphire Spas France
https://www.linkedin.com/company/7265184;Hotel Lyon Metropole & Spa
https://www.linkedin.com/company/9419344;Les Méditerranées Campings Villages & Spa
https://www.linkedin.com/company/5021034;Hymeo Piscines et Spas
https://www.linkedin.com/company/37180653;Pavillon des Millésimes & SPA
https://www.linkedin.com/company/98091851;POEMA Bien-être & Spa
https://www.linkedin.com/company/98197313;Bordeaux Spas Ethic Spa
https://www.linkedin.com/company/87182194;Aid'eau Piscine & Spa
https://www.linkedin.com/company/107422323;Mon Moment Spa
https://www.linkedin.com/company/18416459;Sense Piscines et Spas
https://www.linkedin.com/company/92896600;Polar Spas France
https://www.linkedin.com/company/5210929;TubLove Pools And Spas
https://www.linkedin.com/company/45902064;L’Institut & Spa
https://www.linkedin.com/company/45818098;L'ART DU SPA
https://www.linkedin.com/company/26446805;MEGEVE PISCINE ET SPA
https://www.linkedin.com/company/49737072;Ô Pure Spa
https://www.linkedin.com/company/83802594;Chambery Piscine & Spa
https://www.linkedin.com/company/75299491;Jour de Spa
https://www.linkedin.com/company/86924883;L'Institut du Cuir by Leather Spa
https://www.linkedin.com/company/1543488;Ecole Internationale du Spa
https://www.linkedin.com/company/20526615;THE WHITE SPACE COMPANY
https://www.linkedin.com/company/31438522;Sundance Spas Île-de-France et Hauts-de-France
https://www.linkedin.com/company/11747106;HOME SPARTY
https://www.linkedin.com/company/105204849;L'instant Spa
https://www.linkedin.com/company/118844227;SENTO BENTO Restaurant et Spa
https://www.linkedin.com/company/2097905;Les Balcons : Résidences de Tourisme, Hôtels et Spas en Savoie
https://www.linkedin.com/company/71685283;Luno Prom Spa
https://www.linkedin.com/company/77678219;Work in Spa
https://www.linkedin.com/company/83806299;CRPL SPA
https://www.linkedin.com/company/105557456;HAILINE SPA
https://www.linkedin.com/company/11212969;Le Jardin Spa
https://www.linkedin.com/company/83307271;OCEA CONCEPT PISCINES ET SPA
https://www.linkedin.com/company/42907755;DOG HOTEL RESORT AND SPA
https://www.linkedin.com/company/98450073;Diais Piscine & Spa
https://www.linkedin.com/company/101113382;Cl'Aloe Head Spa
https://www.linkedin.com/company/102404194;BEAUTEMPS Paysages - Espaces Verts - Piscines et Spa
https://www.linkedin.com/company/105692762;CERTE Piscine & Spa
https://www.linkedin.com/company/26435192;LOUNGE & SPA
https://www.linkedin.com/company/84444842;Corinne Institut Spa
https://www.linkedin.com/company/47089162;Rêve de Spa
https://www.linkedin.com/company/75373292;Formentera Institut et Spa
https://www.linkedin.com/company/83867636;Plouf baby spa
https://www.linkedin.com/company/45281986;RIVE SUD PISCINE ET SPA
https://www.linkedin.com/company/12141310;Sale Dental Spa
https://www.linkedin.com/company/4805732;Revitalize Hair and Beauty Spa
https://www.linkedin.com/company/11941719;Cherubs Beauty Spa
https://www.linkedin.com/company/10711023;Hush Beauty Spa
https://www.linkedin.com/company/50741189;RELAX'N SPA
https://www.linkedin.com/company/11617865;Sanook Spa
https://www.linkedin.com/company/25733396;SARL SPASSIMA
https://www.linkedin.com/company/84432332;Opalynne Spa
https://www.linkedin.com/company/12036790;Holcombe Spa
https://www.linkedin.com/company/70665677;Pace Health Nu Spa
https://www.linkedin.com/company/83870213;Altos Hotel & Spa
https://www.linkedin.com/company/75292871;Paradis Du Spa
https://www.linkedin.com/company/64154918;Ulitmate Smile Spa
https://www.linkedin.com/company/55066178;Ki Day Spa
https://www.linkedin.com/company/108489763;TOUL'BIEN ETRE - PISCINE & SPA
https://www.linkedin.com/company/80406691;Maison Du Spa
https://www.linkedin.com/company/19206305;Rosa Spa
https://www.linkedin.com/company/25954166;LORRAINE PISCINES ET SPAS
https://www.linkedin.com/company/1235160;F & Spa
https://www.linkedin.com/company/105846499;O Concept Piscines et Spa
https://www.linkedin.com/company/80474765;Aquilus Piscines & Spas Strasbourg
https://www.linkedin.com/company/70444518;Sabiana France SPA
https://www.linkedin.com/company/100036185;SUNDANCE SPAS LYON
https://www.linkedin.com/company/106648521;Art Spa
https://www.linkedin.com/company/98659983;Wellbee Space
https://www.linkedin.com/company/85415287;L’Escale Beauté & Spa
https://www.linkedin.com/company/71893981;IDEOSENS : Logiciel de gestion spa
https://www.linkedin.com/company/92496233;Hôtel Restaurant Spa*** Le Sauvage
https://www.linkedin.com/company/91193607;PRODI PISCINE & SPA
https://www.linkedin.com/company/89591726;AQUILUS PISCINES ET SPAS VALENCE
https://www.linkedin.com/company/101688492;Adeline PISCINES et Spas
https://www.linkedin.com/company/109558113;Clariskim Piscine & Spa
https://www.linkedin.com/company/8863561;JULLIAN CONSULTORES SPA
https://www.linkedin.com/company/98551079;Nature Cathare - Gîte & Spa
https://www.linkedin.com/company/71551815;ARM POOL & SPA
https://www.linkedin.com/company/100727751;COCO SPA
https://www.linkedin.com/company/110836327;ANGLE D'ART Coiffure & Head Spa
https://www.linkedin.com/company/89378600;AuverSpa
https://www.linkedin.com/company/111880639;CENTRE DE BIEN ÊTRE O'SPA
https://www.linkedin.com/company/86352280;FORMASPA
https://www.linkedin.com/company/35550599;BOOSPA
https://www.linkedin.com/company/87071444;Bank Medispa
https://www.linkedin.com/company/83779222;SPA-Canche Authie
https://www.linkedin.com/company/11147803;SPARTAN Consulting
https://www.linkedin.com/company/18835035;Spaboosting
https://www.linkedin.com/company/18295417;Sparkers
https://www.linkedin.com/company/77035797;SPA_RSB
https://www.linkedin.com/company/65382596;SPACIENCY
https://www.linkedin.com/company/74991709;Spanway
https://www.linkedin.com/company/4986094;SPACING
https://www.linkedin.com/company/106631392;SPAS DESIGN
https://www.linkedin.com/company/86343296;TERRAPPINESS QVT - BIEN-ÊTRE
https://www.linkedin.com/company/73521006;Chaire bien-être animal
https://www.linkedin.com/company/86305483;Bien-être au Carré
https://www.linkedin.com/company/47231969;FormaQuietude • Formations bien-être en sophrologie, massages, développement professionnel...
https://www.linkedin.com/company/83776330;Bien-être holistique
https://www.linkedin.com/company/88935411;Coésio I Communication thérapeutes & praticiennes du bien-être ?
https://www.linkedin.com/company/10235913;Ijustvalue - la performance et le bien-être de votre entreprise révolutionnés par les neurosciences.
https://www.linkedin.com/company/100985049;L'Atelier - Coworking Bien-Être
https://www.linkedin.com/company/99483624;Bien-Être By Jérôme Cosset Magnétiseur Energéticien
https://www.linkedin.com/company/106487659;Bien-être & santé Réflexologie
https://www.linkedin.com/company/100127064;Bien-être Chronique
https://www.linkedin.com/company/98068085;Bien-être Pluriel
https://www.linkedin.com/company/101851830;BzHarmonie - Ateliers/Formations bien-être au travail & Activités Team Building à Rennes | QVT | RSE
https://www.linkedin.com/company/69226395;BLB Bien-être
https://www.linkedin.com/company/88039666;Mama Grass ?? CBD & Bien-être
https://www.linkedin.com/company/72356103;EKIDIS, le bien-être équin
https://www.linkedin.com/company/105543205;Association Agir Ensemble pour le Bien-être de Tous
https://www.linkedin.com/company/103650774;Chaire MARÉSON (Marketing Responsable et Bien-être)
https://www.linkedin.com/company/89690202;Ô Bien-Être
https://www.linkedin.com/company/91553024;Salons-bien-etre.fr l'agenda des salons et événements bien-être
https://www.linkedin.com/company/104874079;Institut du Bien-Être Mental
https://www.linkedin.com/company/93369165;Formations Massages Bien-Être by Sandra Foddai
https://www.linkedin.com/company/93365970;Le Boudoir du bien-être
https://www.linkedin.com/company/98682600;Le Millésime, Bien-Être
https://www.linkedin.com/company/86329423;Bien-être et Conscience
https://www.linkedin.com/company/69547598;Le Jardin du Bien-Être
https://www.linkedin.com/company/94129170;GLOBE VIBES ONLY | Travel Planner bien-être
https://www.linkedin.com/company/106950519;Ô Sport Bien-Être
https://www.linkedin.com/company/76077857;Académie des Métiers de la Beauté et du Bien-être
https://www.linkedin.com/company/103508394;Soins Bien-Être et Confort aux Seniors EHPAD- Sandrine JACQUET
https://www.linkedin.com/company/112261437;Ligne et Bien-être
https://www.linkedin.com/company/46597125;Massages bien-être et soins esthétiques à domicile
https://www.linkedin.com/company/75178514;L'atelier du bien-être
https://www.linkedin.com/company/10817718;Maison du Bien-être Annecy
https://www.linkedin.com/company/75254270;La Clé du Bien-être
https://www.linkedin.com/company/75211672;La porte du bien-être
https://www.linkedin.com/company/11124110;Cumulux, éclairage de bien-être
https://www.linkedin.com/company/76171120;ZamZ Bien-Être
https://www.linkedin.com/company/91587313;PILLAR Institut de coaching et de bien-être
https://www.linkedin.com/company/18614607;École Privée Esthétique & Bien-être Camille Séline
https://www.linkedin.com/company/10379573;Bien-être & Entreprise
https://www.linkedin.com/company/10229415;BIEN-ÊTRE et santé
https://www.linkedin.com/company/26793946;BIEN-ÊTRE MATÉRIAUX
https://www.linkedin.com/company/14822060;Profession Bien-Être
https://www.linkedin.com/company/86024390;B'SaN Asso - Association Bien-Être Santé Nutrition
https://www.linkedin.com/company/80223809;Carine Racon - Organisation d'événements de bien-être au travail
https://www.linkedin.com/company/96209814;Bien-être Simple
https://www.linkedin.com/company/108286027;Stéphanie Bien-être
https://www.linkedin.com/company/72571436;Domaine DEVALEZ - IOLO®…, apéritifs plaisirs, bien-être et la santé en plus
https://www.linkedin.com/company/92538817;Mademoiselle Bien-être
https://www.linkedin.com/company/80965159;La bulle du bien-être - Sophrologie
https://www.linkedin.com/company/69178318;Ma bulle de bien-être 38, Moirans (38), Voiron, Pays Voironnais, Massage bien-être
https://www.linkedin.com/company/20369540;IFBEM institut de formation bien-être et maquillage
https://www.linkedin.com/company/80991734;Ecole des Métiers du bien-être
https://www.linkedin.com/company/99519760;SLAC : Le jeu ! En route vers le bien-être au travail !
https://www.linkedin.com/company/110157404;Diffuz ton bien-être - Coaching
https://www.linkedin.com/company/29012722;Menu bien-être
https://www.linkedin.com/company/111612422;Diffuz ton bien-être Sophrologie
https://www.linkedin.com/company/74747606;Michalon-Coaching Bien-Être Mental au Travail
https://www.linkedin.com/company/18727780;Sh?n Dào, la voie du corps (Massage bien-être, entreprises et particuliers)
https://www.linkedin.com/company/83822779;Massatho Bien-être
https://www.linkedin.com/company/26807256;LE PARADIS DU BIEN-ÊTRE
https://www.linkedin.com/company/92466288;SPBE - Syndicat des professionnels du bien-être et de la santé intégrative
https://www.linkedin.com/company/18581063;Naturopathie, massages bien-être, réflexologie et animation sportive
https://www.linkedin.com/company/30998455;Ma Pause Détox, une expérience bien-être unique sur l'île de Ré
https://www.linkedin.com/company/75460459;Alexia LAGACHE | Consultante bien-être et santé | Sophrologie Relaxation Méditation Yoga sur chaise
https://www.linkedin.com/company/12953174;Shiatsu Entreprises & Ateliers Automassage Bien-Être | Angers
https://www.linkedin.com/company/26132715;BodySano - Coaching diététique, esthétique minceur, bien-être
https://www.linkedin.com/company/10458217;Association pour la Prévention des risques de la Santé et le bien-être des Enfants et Futurs parents
https://www.linkedin.com/company/109537970;Centre de Massage Bien-être - Un ange à la peau douce - Bazoges en Paillers
https://www.linkedin.com/company/43288917;Holy Food & Chill - Bien-être de la femme, nutrition et hormones
https://www.linkedin.com/company/108214682;Caroline GRISON - Intervenante bien-être en entreprise, PSSM, prévention TMS et QVT.
https://www.linkedin.com/company/94080591;Ola Kino | Cabinet de soins bien-être & accompagnement holistique
https://www.linkedin.com/company/107629913;WAO Santé – Yoga, Santé intégrative & bien-être en entreprise
https://www.linkedin.com/company/136156211;Hygie Récupération - Centre de récupération physique bien-être et sportif
https://www.linkedin.com/company/98680338;Le Millésime,Bien-Être
https://www.linkedin.com/company/100706641;sophie Conseillère Beauté et bien-être
https://www.linkedin.com/company/100116960;Les Alizés Le vent du bien-être
https://www.linkedin.com/company/103242260;Bien-être & Formation
https://www.linkedin.com/company/83867697;Bien-être au rendez-vous
https://www.linkedin.com/company/94230324;Captain Bien-être
https://www.linkedin.com/company/94190821;Fabrique ton bien-être
https://www.linkedin.com/company/110344322;La Ferme du bien-être
https://www.linkedin.com/company/78641771;Au Bien-Être de nos Aînés
https://www.linkedin.com/company/46968651;Cuisine bien-être
https://www.linkedin.com/company/84392230;Salon du bien-être et du bio
https://www.linkedin.com/company/84386511;Le salon beauté et bien-être de Laetitia
https://www.linkedin.com/company/78656823;Escape Cap Détente Institut bien-être & beauté
https://www.linkedin.com/company/98077062;Bien-Être Habitat
https://www.linkedin.com/company/84464465;Bien-être et Nature
https://www.linkedin.com/company/11213612;ROBINE énergies & bien-être
https://www.linkedin.com/company/35544094;Alexia Narvor Photographie Bien-Être | Confiance en soi | Femme | Grossesse | Corporate
https://www.linkedin.com/company/88162913;Hypnose & bien-être en Cotentin
https://www.linkedin.com/company/84435570;Cabinet Minceur et bien-être
https://www.linkedin.com/company/78655452;Le Palais du Bien-être
https://www.linkedin.com/company/69656225;Bien-être et Formations
https://www.linkedin.com/company/98503098;Bien-être
https://www.linkedin.com/company/83827929;Bien-être et Naturopathie
https://www.linkedin.com/company/74614969;Association Bien-Être & Santé
https://www.linkedin.com/company/107426646;Nava — Bien-être & Leadership
https://www.linkedin.com/company/100666062;TARA BIEN-ÊTRE
https://www.linkedin.com/company/19090803;ilesetrivages :#le luxe du bien-être
https://www.linkedin.com/company/116854282;Victoire Bien-être
https://www.linkedin.com/company/98113068;Aurélie Marquette Bien-être Humanimal
https://www.linkedin.com/company/112960397;JVG Paysages & bien-être
https://www.linkedin.com/company/38136593;RdvZen.fr - Plateforme de réservation en ligne beauté & bien-être
https://www.linkedin.com/company/75357610;Destination Bien-être
https://www.linkedin.com/company/92913476;Joëlle FEST - Bien-être en entreprise
https://www.linkedin.com/company/91548702;ALOHA - Journées Bien-être et Beauté
https://www.linkedin.com/company/85920658;Les Perrine - Agenceuses de bien-être
https://www.linkedin.com/company/111641449;Maison et Bien-être
https://www.linkedin.com/company/51458902;Escale Bien-être
https://www.linkedin.com/company/115864742;Wellkore, au cœur du bien-être
https://www.linkedin.com/company/48199004;Clairmann Bien-être
https://www.linkedin.com/company/90912344;Sandra Cordier - Thérapies Brèves & Massages bien-être
https://www.linkedin.com/company/84380990;RDV Bien-être
https://www.linkedin.com/company/49340972;L’Instant Bien-Être
https://www.linkedin.com/company/26926342;Carrières Nomades by Blue Mind Relocation & Bien-être
https://www.linkedin.com/company/82120168;ma Nature Bien-être?? : Coaching en Santé, Walking Coaching (Paris) Confiance en soi, Gestion stress
https://www.linkedin.com/company/73792983;Reikoeur® Maison de Bien-être du Doubs
https://www.linkedin.com/company/83802298;Bien-être Soi
https://www.linkedin.com/company/105469665;Observatoire du bien-être des couples
https://www.linkedin.com/company/110445533;Le bien-être en mouvement
https://www.linkedin.com/company/102504958;Laurence Ruas : Rédactrice web santé & bien-être
https://www.linkedin.com/company/87237320;LITERIE Bien-Être
https://www.linkedin.com/company/18878720;Le Temps d'une Pause by ATIL | Bien-être au travail
https://www.linkedin.com/company/98427192;Atelier MOJA - Tattoo, Piercing, Beauté & Bien-être
https://www.linkedin.com/company/42299663;Centre de bien-être Acupression et Plantes
https://www.linkedin.com/company/93298730;Sphère Santé Bien-être en Cévennes
https://www.linkedin.com/company/67770029;Le salon de Nathalie B. Le bien-être de vos cheveux au naturel
https://www.linkedin.com/company/73007556;Shen ti : Formations professionnelles aux métiers du bien-être
https://www.linkedin.com/company/102657374;Weed.is.life | CBD Bien-être
https://www.linkedin.com/company/70434871;Bien-être & Instant Présent
https://www.linkedin.com/company/105488205;Bien-être et santé mentale
https://www.linkedin.com/company/100580767;AC Formations .É. Bien-être
https://www.linkedin.com/company/105550383;LUMILUM - Éclairage de bien-être
https://www.linkedin.com/company/76080495;Relais du Bien-être
https://www.linkedin.com/company/66601288;Applis bien-être
https://www.linkedin.com/company/103232856;Maison Dolce - Entreprendre dans le Bien-Être
https://www.linkedin.com/company/98541119;La ParenThèse | Maison de la parentalité et du bien-être
https://www.linkedin.com/company/75236054;LM bien-être
https://www.linkedin.com/company/104907175;Damien Levy - Le Réflexe du Bien-Être
https://www.linkedin.com/company/10587046;Leader beauté et bien-être
https://www.linkedin.com/company/98126085;Espace bien-être Le Samaya
https://www.linkedin.com/company/92679503;Les 2 C Allauch -Haptonomie et bien-être
https://www.linkedin.com/company/113108029;Art de Vivre et Bien-être
https://www.linkedin.com/company/107666744;Sérénité Bien-Être
https://www.linkedin.com/company/105541711;Aura Agency - L'éclat du bien-être
https://www.linkedin.com/company/102151422;Odessa Bien-Être
https://www.linkedin.com/company/83864077;Praticienne bien-être
https://www.linkedin.com/company/71831230;Douceur et Plénitude : votre coach bien-être
https://www.linkedin.com/company/84373951;Parlons Bien-être
https://www.linkedin.com/company/49966282;Centre bien-être et beauté
https://www.linkedin.com/company/manoir-le-roure;Les Sources du Roure
https://www.linkedin.com/company/domaine-des-abbatiales;Spa OBONO
https://www.linkedin.com/company/chateau-de-locguenole;Spa Macha - Domaine de Locguénolé
https://www.linkedin.com/company/dihanevasion;Le Spa by Dihan
https://www.linkedin.com/company/thalazur;Thalassothérapie Thalazur Saint-Jean-de-Luz
https://www.linkedin.com/company/spa-reims;SPA Reims
https://www.linkedin.com/company/domaine-de-la-dombes;Spa Bien-être Domaine de la Dombes
https://www.linkedin.com/company/office-de-tourisme-haut-bugey;Espace bien-être de la Praille
https://www.linkedin.com/company/h;Mona Spa - Bormes-les-Mimosas
https://www.linkedin.com/company/taranae;TARANAE Bassin de flottaison, Infrathérapie, Massages, massage duo...
https://www.linkedin.com/company/linktreeapp;ONDINE - Head Spa Japonais et massages 71
https://www.linkedin.com/company/hysope-paris-brand;HYSOPE SPA Paris Rive Gauche
https://www.linkedin.com/company/b;b'o spa thermal
https://www.linkedin.com/company/sources-hotels;Spa Caudalie - Les Sources de Cheverny Hôtel
https://www.linkedin.com/company/iris-willy-spa-franchise;Iris & Willy Spa Le Bouscat
https://www.linkedin.com/company/grand-h-tel-de-bordeaux-;Spa Guerlain
https://www.linkedin.com/company/p-le-thermal;Villa Pompéi Amnéville
https://www.linkedin.com/company/centrebalnea;Balnéa
https://www.linkedin.com/company/sarbacane-positive;Spa Gemology Beaune, l'Hotel voco Beaune - Cité des Vins
https://www.linkedin.com/company/sundance-spas;Sundance Spas Paris
https://www.linkedin.com/company/zen-addict;Zen Addict - Bien-être & Spa
https://www.linkedin.com/company/wix-com;SPA Bain Sibérien Porto Vecchio massage et jacuzzi
https://www.linkedin.com/company/hôtel-belle-plage;SPA Villa Belle Plage, Cannes
https://www.linkedin.com/company/les-thermes-de-saujon;Spa Thermal Philae
https://www.linkedin.com/company/citadines-eurometropole-strasbourg;Spa Sothys Citadines Eurométropole
https://www.linkedin.com/company/caliceo;Calicéo Strasbourg - Lingolsheim
https://www.linkedin.com/company/valvital1;Nancy Thermal - Spa Thermal et Institut de Soins
https://www.linkedin.com/company/hotel-restaurant-la-robéyère;Nuxe Spa de la Robéyère
https://www.linkedin.com/company/qc-termemilano;QC Terme Chamonix
https://www.linkedin.com/company/cures-marines-trouville-hôtel-thalasso-spa-mgallery-by-sofitel;Spa Cures Marines by The Purist
https://www.linkedin.com/company/lessourcesduchery;SPA Les Sources du Chéry
https://www.linkedin.com/company/o-spa-care-wellness-spa-by-sothys;O'Spa
https://www.linkedin.com/company/accor;Spa
https://www.linkedin.com/company/domainedubelvedere;Spa L'Orée du Bois
https://www.linkedin.com/company/le-richebourg-hotel---restaurant---spa;Spa - vineaSpa - Le Richebourg
https://www.linkedin.com/company/hotel-napoleon-fontainebleau;Spa Hôtel Napoléon Fontainebleau
https://www.linkedin.com/company/balicina;Balicina Lyon
https://www.linkedin.com/company/giovanniriboli;Giovanni Riboli Spa | Bordeaux
https://www.linkedin.com/company/aginum-thermae-les-thermes-romains-d'armandie;Aginum Thermae référence SPA & Massage Agen depuis 2012 - 1er centre de flottaison Agen
https://www.linkedin.com/company/alpapart;Sky Spa - La Rosière by Alpapart
https://www.linkedin.com/company/lesbalcons;Le Spa de l'Hôtel Alparena**** - La Rosière
https://www.linkedin.com/company/domaine-de-marlioz-aix-les-bains-savoie;Spa Nuxe - Domaine de Marlioz
https://www.linkedin.com/company/la-caserne-chanzy-hotel-spa;Spa La Caserne Chanzy
https://www.linkedin.com/company/l-ours-de-mutzig;Le Spa de l'Ours - Alsace
https://www.linkedin.com/company/domaines-de-saint-endréol-golf-spa-resort;SPA de Saint Endreol
https://www.linkedin.com/company/bainsdepsom;Spa de Flottaison Nantes Bains d'Epsom
https://www.linkedin.com/company/chateau-de-sacy;Spa éc(h)o du Château de Sacy
https://www.linkedin.com/company/les-domaines-de-fontenille;Spa Alaena - Château de Cîteaux
https://www.linkedin.com/company/boscolocollection;Boscolo Spa & Wellness Nice
https://www.linkedin.com/company/hotel-lenegresco;N Le Spa - Le Negresco
https://www.linkedin.com/company/kelyss-spa;KELYSS SPA
https://www.linkedin.com/company/château-du-portereau;Le Shaman SPA
https://www.linkedin.com/company/valdys-groupe;Institut Spa Valdys - Saint Jean de Monts
https://www.linkedin.com/company/zoo-parc-de-beauval;Spa des Jardins de Beauval – Ouvert à tous 7j/7
https://www.linkedin.com/company/spa-autour-de-soi;Spa Autour de Soi
https://www.linkedin.com/company/hotel-chais-monnet;Spa de l’Hôtel Chais Monnet & Spa
https://www.linkedin.com/company/hotel-miura;Spa Miura
https://www.linkedin.com/company/bainsdumarais;Les Bains du Marais - Spa Hammam Massage Paris
https://www.linkedin.com/company/spa-luxury-paris;Spa Luxury - Spa privatif
https://www.linkedin.com/company/black-door-paris;Spa Black Door
https://www.linkedin.com/company/quinzerie-hôtel;Les Bains - Jacuzzi privatif de l'hôtel Quinzerie
https://www.linkedin.com/company/studios-architecture;Spa Luxe D'orient
https://www.linkedin.com/company/shangri-la-hotels-and-resorts;Chi, The Spa
https://www.linkedin.com/company/domainelesdryades;Spa du Domaine des Dryades
https://www.linkedin.com/company/evolution-2-entreprise;Ô Spa Nature
https://www.linkedin.com/company/koalendar;Meli’Spa
https://www.linkedin.com/company/le-centre-samcha;Samcha
https://www.linkedin.com/company/mouv-spa;Mouv'Spa
https://www.linkedin.com/company/mgm-hôtels-;Spa Montagnes du Monde® : Résidence Hameau de l'Ours - MGM Hôtels & Résidences
https://www.linkedin.com/company/caudalie;SPA Les Sources de Caudalie
https://www.linkedin.com/company/106559208;SPA Le Magnolia - Accès privatif (Jacuzzi et sauna)
https://www.linkedin.com/company/hôtel-quality-suites-bordeaux-aéroport-spa;Maskorra Spa
https://www.linkedin.com/company/3100962;DISINI Spa
https://www.linkedin.com/company/bleu-tropical-piscines;Bleu Tropical Piscine - PISCINES HydroSud Maurepas
https://www.linkedin.com/company/coeurdemegeve;Spa Grown Alchemist Coeur de Megève
https://www.linkedin.com/company/hotel-les-tresoms-lake-;Mont Spa Les Trésoms
https://www.linkedin.com/company/piscines-hydrosud;Piscines et Spas du Comminges - PISCINES HydroSud Saint-Gaudens
https://www.linkedin.com/company/lesaintgervais;Spa by Le Saint Gervais
https://www.linkedin.com/company/ambiance-spa-valence;AMBIANCE SPA JACUZZI VALENCE
https://www.linkedin.com/company/vaujany-station-village;Spa de La Fare
https://www.linkedin.com/company/93590058;Spa Les Bains de la Comtesse
https://www.linkedin.com/company/siloe-les-bains;Ô Les Bains | Showroom Spa & Piscine Senlis
https://www.linkedin.com/company/hôtel-spa-du-castellet;Spa du Castellet
https://www.linkedin.com/company/iledesembiez;Spa HélioSpa - Île des Embiez
https://www.linkedin.com/company/mgalleryhotels;Spa Le Refuge de Margot — Domaine de la Reine Margot
https://www.linkedin.com/company/ch;Espace bien-être - Château de Pondres
https://www.linkedin.com/company/z-nitude-h-tel-r-sidences;Spa - La Source de la Valadière
https://www.linkedin.com/company/la-casa-tierdam;Casa Tierdam - Spa, Sauna & location de bureaux
https://www.linkedin.com/company/tiara-miramar-beach-resort;Tiara Spa
https://www.linkedin.com/company/les-etincelles-collection;Spa du Village Montana
https://www.linkedin.com/company/calyspa;Calyspa
https://www.linkedin.com/company/best-western-plus-hôtel-le-conquérant;Spa du Conquérant
https://www.linkedin.com/company/grand-hotel-du-golfe;Beauty Spa | Espace Bien Être au Grand Hôtel du Golfe | Argeles Collioure
https://www.linkedin.com/company/squarespace;Spa by Lymfea - La Folie Barbizon
https://www.linkedin.com/company/spa-du-bois-d-amour;Spa Du Bois D'Amour
https://www.linkedin.com/company/hotel-les-cimes-bleues;Spa Alaena La Baule - Hôtel Les Cimes Bleues
https://www.linkedin.com/company/arboressence-spa;Maison Arboressence
https://www.linkedin.com/company/araucaria-hotel-spa;Spa NUXE - Araucaria
https://www.linkedin.com/company/hostellerie-de-levernois;Spa Sisley Hostellerie de Levernois
https://www.linkedin.com/company/marriott-international;Spa Esthederm by Renaissance
https://www.linkedin.com/company/hotel-negre-coste;NEGRECOSTE SPA NUXE
https://www.linkedin.com/company/lm-aqua-bien-etre;LM Aqua Bien Etre
https://www.linkedin.com/company/epic-meribel-tourisme;My spa Méribel
https://www.linkedin.com/company/beaumier;Le Spa Capelongue
https://www.linkedin.com/company/heyfresha;Maya Spa
https://www.linkedin.com/company/oceania-hotels;Spa Le Conti
https://www.linkedin.com/company/clairazur;Clairazur Spa Paris
https://www.linkedin.com/company/five-seas-hotel;Spa by Sothys - Five Seas Hotel - Cannes
https://www.linkedin.com/company/les-roches-blanches-cassis;Le Spa By Sisley - Les Roches Blanches
https://www.linkedin.com/company/domaine-de-verchant;Le Spa Verchant
https://www.linkedin.com/company/98712032;Lignes d'Eau
https://www.linkedin.com/company/piscine-spa-shop;Be Well Canada Spa Chessy
https://www.linkedin.com/company/hotel-st-alban;Spa Nuxe - St-Alban
https://www.linkedin.com/company/l-esquisse-hôtel-spa;Spa by L'esquisse
https://www.linkedin.com/company/évoléoz;Calma Head Spa - Colombes (92)
https://www.linkedin.com/company/spas-acd;Spas ACD - Vente Installation - Spa et Jacuzzi
https://www.linkedin.com/company/natural-spa-institut-78;Natural Spa Institut | Institut de beauté Plaisir (78)
https://www.linkedin.com/company/spa-de-la-nouère;Spa De La Nouère Charente
https://www.linkedin.com/company/chateau-l-hospitalet;Spa Soleilla
https://www.linkedin.com/company/44783691;Spa NUXE La Villa Duflot
https://www.linkedin.com/company/auvergne-thermale;Auvergne Thermale
https://www.linkedin.com/company/domainedolomieu;Domaine Dolomieu Château Hôtel & Spa
https://www.linkedin.com/company/wix;Le Garden & SPA
https://www.linkedin.com/company/happyculture-hotels;Hôtel & Spa À la Cour d'Alsace by HappyCulture
https://www.linkedin.com/company/loisium-hotels;Loisium Wine & Spa Hôtel Champagne
https://www.linkedin.com/company/logishotels;Logis Hôtel les Terrasses de Saumur & Spa
https://www.linkedin.com/company/gîtes-de-france-corse;Location de charme villa SERENITY Porto-Vecchio
https://www.linkedin.com/company/hôtel-château-cléry;Hôtel Château Cléry
https://www.linkedin.com/company/verneuil-la-douce;Verneuil la douce
https://www.linkedin.com/company/best-western-château-thierry;Best Western Hôtel Île de France
https://www.linkedin.com/company/3479380;AlgoSpa
https://www.linkedin.com/showcase/l-officiel-du-thermalisme;Thermes de Pietrapola
https://www.linkedin.com/company/france-thermes;Thermes Callou Vichy
https://www.linkedin.com/company/polethermalamneville;Centre Thermal Saint-Eloy Amnéville
https://www.linkedin.com/company/attractivitehautemarne;Thermes de Bourbonne-les-Bains - Institut et spa
https://www.linkedin.com/company/balaruc-eau-thermale;Thermes de Balaruc-les-Bains
https://www.linkedin.com/company/26344657;Les Thermes de Saint-Gervais Mont Blanc
https://www.linkedin.com/company/les-bains-de-dax;Thermes Bains Saint Pierre
https://www.linkedin.com/company/olydea-hôtels-résidences;Olydea la Chalosse - Résidence à proximité des thermes de Préchacq-les-Bains
https://www.linkedin.com/company/bb-hotels-group;B&B HOTEL Amnéville-les-Thermes
https://www.linkedin.com/company/hôtel-des-thermes-castera-verduzan;Hôtel Restaurant des Thermes
https://www.linkedin.com/company/4982328;Les Etangs de Corot Hôtel, Restaurants & Spa - Relais & Châteaux
https://www.linkedin.com/company/pr;Prévithal Hôtel de la Baie Thalasso et Spa Marin Granville
https://www.linkedin.com/company/gites;La Longère Spa & Bien-Être: Gîte campagne espace bien-être, Love Room spa, Gîte romantique, cœur des Château, Indre-et-Loire
https://www.linkedin.com/company/centre-de-bien-être-rayon-de-soleil;Centre de bien-être Spa Rayon de Soleil
https://www.linkedin.com/company/47729866;CHENEAUDIÈRE - Hôtel Spa - Relais & Châteaux
https://www.linkedin.com/company/lemasdepierre;Domaine du Mas de Pierre Hôtel Resort & Spa Relais & Châteaux
https://www.linkedin.com/company/parkest-hôtel-spa;Parkest Hôtel & Spa 4*
https://www.linkedin.com/company/célestins-spa-thermal-hôtel;Célestins Spa Thermal & Hôtel
https://www.linkedin.com/company/chateaudesayes;Château des Ayes - Hotel & SPA - Une parenthèse pour l’éveil des sens
https://www.linkedin.com/company/le-cottage-du-parc;Le Cottage du Parc - Chambres d'hôtes, gîte, SPA et Événements dans la Loire
https://www.linkedin.com/company/royalhainaut;Royal Hainaut Spa & Resort Hotel
https://www.linkedin.com/company/5872829;Hôtel Aquabella & Spa Aix en Provence
https://www.linkedin.com/company/les-chambres-romantiques;Les Chambres Romantiques ~ Jacuzzi SPA privatif ~ Aix en Provence par La Bastide de Damien
https://www.linkedin.com/company/miramar-la-cigale-hotel-thalasso-spa;Hôtel Thalasso & Spa Miramar La Cigale
https://www.linkedin.com/company/ki-space-hotel-spa;Ki Space Hotel & Spa près de Disneyland® Paris
https://www.linkedin.com/company/hôtelmacon-panorama360;Hôtel & Spa Panorama 360 Mâcon
https://www.linkedin.com/company/chateau-de-pizay;Château de Pizay Hotel Spa Gastronomie Evenements
https://www.linkedin.com/company/pella-roca-cabanes-et-spa-en-quercy;Cabane spa Pella Roca
https://www.linkedin.com/company/evasion-au-naturel;Gîtes écologiques & SPA L'Évasion au naturel en Chartreuse
https://www.linkedin.com/company/best-western-hotel-le-grand-monarque;Hotel & Spa Le Grand Monarque Chartres
https://www.linkedin.com/company/le-pation-gîte-de-groupe-à-saint-amand-sur-sèvre;"Gite ""Le Patio"" - 23 personnes - PMR - 10 km du Puy du Fou - Spa Extérieur - Salle de réunion - Séminaire d'entreprise"
https://www.linkedin.com/company/la-bouitte;La Bouitte - Hôtel & Spa - Relais & Châteaux
https://www.linkedin.com/showcase/98434478;AlpiZen - Spa & Ressourcement
https://www.linkedin.com/company/pasino-le-havre;Hôtel SPA du Pasino Partouche Le Havre
https://www.linkedin.com/company/a-piattatella;A Piattatella | Hôtel 5 étoiles - SPA & Restaurant
https://www.linkedin.com/company/domaine-des-vaulx;Domaine des Vaulx - Cabanes dans les arbres et Spa - Gîtes
https://www.linkedin.com/company/ch-teau-les-garennes;Château Les Garennes - Hôtel & Spa | Réceptions | Brunch | Pilates Reformer Bénodet
https://www.linkedin.com/company/verte-vallée;Hôtel & Spa Verte Vallée 4 étoiles | Munster
https://www.linkedin.com/company/soleil-vacances;Hôtel du Roi & Spa - SOWELL COLLECTION
https://www.linkedin.com/company/domaine-du-puy-doré;Domaine Du Puy Doré - Gîte de groupe avec piscine et spa couvert Vendée
https://www.linkedin.com/company/10975020;Hôtel & Spa Le Dahu - Hôtel de famille depuis 1955
https://www.linkedin.com/company/hôtel-plaisir;Hôtel Restaurant & SPA Plaisir - Ile de Ré
https://www.linkedin.com/company/86311624;DOMAINE LE VERDIER – Gîte en Cévennes, Lozère, Piscine naturelle & Spa privatif
https://www.linkedin.com/company/groupe-pvg;Hôtel Spa Au Cœur du Village Relais&Châteaux
https://www.linkedin.com/company/hotel-les-sept-fontaines;Hôtel & Spa Les Sept Fontaines
https://www.linkedin.com/company/les-3-clefs-de-gaya;Les 3 Clefs de GaYa Bien-Être & Spa privatif
https://www.linkedin.com/company/splendid-hotel-spa-nice;Splendid Hôtel & Spa Nice France
https://www.linkedin.com/company/14021999;Le Grand Hôtel & Spa et son Chalet
https://www.linkedin.com/company/la-baronnie-hotel-spa;La Baronnie Hôtel & Spa - Teritoria - Ile de Ré
https://www.linkedin.com/company/quintessia-resort;Quintessia Hôtel & Spa - Nantes Orvault
https://www.linkedin.com/company/30605973;Parenthèse Concept Room - Lofts avec SPA Privatifs
https://www.linkedin.com/company/segala-spa;Ségala & Spa - Cabanes romantiques insolites avec spa - luxe et nature
https://www.linkedin.com/company/fleur-de-loire;Fleur de Loire · Hôtel, Spa & Restaurants
https://www.linkedin.com/showcase/le-bellune-bar-hôtel-spa-paris;LE BELLUNE Bar Hotel & Spa Paris
https://www.linkedin.com/company/ville-edmond-bievres-hotel-spa;Villa Edmond Hôtel & Spa - Maison Blanche Bièvres
https://www.linkedin.com/company/destination-yves-rocher-la-gacilly;La Grée des Landes, Eco-Hôtel Spa Yves Rocher
https://www.linkedin.com/company/lazhotelparis;LAZ' Hôtel Spa Urbain
https://www.linkedin.com/company/hôtel-restaurantlechambard;Le Chambard · Hôtel Restaurants Spa Alsace
https://www.linkedin.com/showcase/grand-hotel-de-courtoisville;Grand Hôtel de Courtoisville - Spa - Hôtel Saint-Malo
https://www.linkedin.com/company/hôtel-les-matins-de-paris;Hôtel Les Matins de Paris & Spa - Paris 9e
https://www.linkedin.com/company/hotel-da-vinci;Hôtel Da Vinci & Spa - Paris
https://www.linkedin.com/company/totem-friendly-hotel;Hôtel Totem - Friendly Hotel & Spa | Pied des Pistes
https://www.linkedin.com/company/confidences-escale-à-brissac;Confidences Escale à Brissac - Gîte de charme / SPA - Proche Angers et Saumur
https://www.linkedin.com/company/chateaudesfleurs;Château des Fleurs Hôtel & Spa Paris
https://www.linkedin.com/company/bloom-house-hotel;BLOOM HOUSE HOTEL RESTAURANT & SPA PARIS
https://www.linkedin.com/company/lws---ligne-web-services;Appart Spa Privatif
https://www.linkedin.com/company/madame-drouot-hotel-spa;Madame Drouot Hôtel & Spa - Paris Opéra
https://www.linkedin.com/company/les-hôtels-saint-louis;Hôtel & Spa Vinci Due - Saint-Germain-des-Prés
https://www.linkedin.com/company/artémis-hôtel-restaurant;Artémis Hôtel & Spa Bistro Coquet
https://www.linkedin.com/company/côté-thalasso;Côté Thalasso Hôtel & Spa Marin - Banyuls sur Mer
https://www.linkedin.com/company/hôtel-balzac-paris;Hôtel Balzac Paris & Spa Ikoï
https://www.linkedin.com/company/le-manoir-de-kerbot;Hôtel & Spa Le Manoir de Kerbot
https://www.linkedin.com/company/le-grand-hôtel-thalasso-spa;Grand Hôtel Spa & Thalasso
https://www.linkedin.com/company/hôtel-lemaury;Hôtel Spa Le Maury – The Originals Boutique à Vannes Centre
https://www.linkedin.com/company/le-clos-rhea-locations-chambres-hotes-iledere;Le Clos Rhéa - Locations de vacances - Chambres d'hôtes - Spa & Bien être holistique
https://www.linkedin.com/company/27054663;Camille Becht: N°1 en Alsace : Formations CPF - Massages à domicile - Cosmétiques - Gestion de spa hôteliers
https://www.linkedin.com/company/institut-spa-officiel;Institut & Spa - La Maison Officielle
https://www.linkedin.com/company/cocktailpiscine;Louée Piscine et Spa - La Louée Import Export
https://www.linkedin.com/company/hunimalis;Le spa des museaux
https://www.linkedin.com/company/qode-themes;L'Instant Zen ( Coiffure , institut de beauté et spa )
https://www.linkedin.com/company/sense-of-wellness;Sense of WELLNESS Magazine - Spa / Hôtel / Wellness
https://www.linkedin.com/company/sumup;Le Petit Spa Familial du domaine du petit Bonheur
https://www.linkedin.com/company/le-spa-dans-le-noir;Le Spa Dans Le Noir? Bordeaux
https://www.linkedin.com/company/oribaspa;Oriba Spa - Salon de massage à Perpignan (66) - Massages Bien être - Cartes Cadeaux
https://www.linkedin.com/company/chateaudelatourlandry;Les Bains de l'Impératrice - SPA d'Exception
https://www.linkedin.com/company/gites-de-france-sud;Le SPA Limouxin
https://www.linkedin.com/showcase/le-galet-hôtel-spa;Domaine Le Galet Hôtel & Spa
https://www.linkedin.com/company/spalazen-nature;Domaine SPALAZEN NATURE - Hébergements Insolites Corrèze
https://www.linkedin.com/company/le-château-de-fère;Château de Fère Hôtel & Spa
https://www.linkedin.com/company/hotel-spa-restaurant-cantemerle;Hôtel Cantemerle Restaurant & Spa
https://www.linkedin.com/company/aïga-resort-thermal-de-châtel-guyon;Aïga Resort Thermal & Spa
https://www.linkedin.com/company/73006184;NICEY - Hôtel Spa, Coworking
https://www.linkedin.com/company/grand-hôtel-du-luxembourg;Grand Hôtel du Luxembourg & Spa
https://www.linkedin.com/company/la-côte-saint-jacques-spa;La Côte Saint Jacques & Spa
https://www.linkedin.com/company/les-lodges-sainte-victoire-;Les Lodges Sainte-Victoire Hôtel & Spa
https://www.linkedin.com/company/villa-augeval;Villa Augeval Boutique Hôtel & Spa
https://www.linkedin.com/company/aubergedelaselune;Hôtel Manoir de la Poterie & Spa
https://www.linkedin.com/company/l-auberge-de-la-source-collection-saint-simeon;L'Auberge de la Source Hôtel & Spa
https://www.linkedin.com/company/le-domaine-des-roches;Domaine des Roches Hôtel, Cottages & Spa
https://www.linkedin.com/company/hotel-alex-spa;ALEX Hôtel & Spa
https://www.linkedin.com/company/cgh-h-tels-spas-r-sidences-de-tourisme;CGH Résidences & Spas - La Grange aux Fées
https://www.linkedin.com/company/nordique-france;Nordique France Epône - Sauna, Hammam & Spa
https://www.linkedin.com/company/ferme-saint-simeon-honfleur;La Ferme Saint Siméon Hôtel & Spa
https://www.linkedin.com/company/lesregalia;Les Regalia Hôtel & Spa
https://www.linkedin.com/company/the-pavilions-hotels-;Château de Fiac Hôtel & Spa
https://www.linkedin.com/company/athome-résidence;Athome Résidence & Spa
https://www.linkedin.com/company/la-divine-comedie-demeure-privee-spa;La Divine Comédie Demeure Privée & SPA
https://www.linkedin.com/company/best-western-hôtel-de-la-cité-guérande;Best Western Hôtel De La Cité & Spa
https://www.linkedin.com/company/villa-camille-hotel-spa-banyuls;Villa Camille Hotel & Spa
https://www.linkedin.com/company/le-phébus-spa;Hôtel Le Phébus & Spa
https://www.linkedin.com/company/confidentiel-hotel;Le Confidentiel hôtel & Spa
https://www.linkedin.com/company/ecodomainelafontaine;Hôtel & Spa. Éco-Domaine La Fontaine | Pornic
https://www.linkedin.com/company/friendly-hotels;Hôtel La Cachette - Friendly Hotel & Spa
https://www.linkedin.com/company/declercq-piscines-spas;DECLERCQ PISCINES & SPAS
https://www.linkedin.com/company/grandh;Grand Hôtel Perros-Guirec - Spa, restaurant et bar
https://www.linkedin.com/company/les-voiles-du-grand-large;Les Voiles du Grand Large - Lodge & spa
https://www.linkedin.com/company/le-château-des-pères;L'EssenCiel - Hôtel & Spa
https://www.linkedin.com/company/castel-clara;Castel Clara Thalasso & Spa
https://www.linkedin.com/company/hotel-plage-palace;Hôtel Plage Palace & Spa
https://www.linkedin.com/company/hotelnormanparis;Norman Paris Hôtel & Spa
https://www.linkedin.com/company/coucoocabanes;Villa Forêt & Spa
https://www.linkedin.com/company/hôtel-villa-cosy;Villa Cosy hotel & spa
https://www.linkedin.com/company/domaine-our;Domaine Ouréa Eco-lodge & Spa
https://www.linkedin.com/company/le-royal-palace-hotel;Royal Palace Hotel & Spa
https://www.linkedin.com/company/locmaps;Les Soins de Ness Beauté & Spa
https://www.linkedin.com/company/fontenillecollection;Les Bords De Mer - Hôtel, Restaurant, Rooftop & Spa
https://www.linkedin.com/company/la-font-des-peres;Domaine de la Font Des Pères & SPA
https://www.linkedin.com/company/toul-bien-etre-piscine-spa;Toul Bien Etre - Piscine & SPA
https://www.linkedin.com/company/belo-piscine;Bel'O Piscine Annonay - Accessoire piscine et spa
https://www.linkedin.com/company/renard-eau;Renard'Eau Pompage Irrigation Piscines Spas Saunas
https://www.linkedin.com/company/setclub;Le Set Hôtel & Spa
https://www.linkedin.com/company/domaine-de-la-haie-des-granges;SPA LA HAIE DES GRANGES
https://www.linkedin.com/company/groupe-montagnettes;Spa Oxalys Résidence ****
https://www.linkedin.com/company/corespa;Corespa Villeneuve d'Ascq
https://www.linkedin.com/company/groupe-terres-de-france;Spa Touraine
https://www.linkedin.com/company/spa-auto-groupe;SPA auto Dijon-Chevigny-St-Sauveur
https://www.linkedin.com/company/hotelpashmina;Spa Pashmina Le Refuge *****
https://www.linkedin.com/company/terapiz;Carole Renaud Massage Bien être - Le Lavandou
https://www.linkedin.com/company/liberlo;Massage Rodez | Equilibre & Sérénité | Masseur bien être
https://www.linkedin.com/company/la-garenne-saverne;Hôtel La Garenne - Nature & Bien être - Alsace
https://www.linkedin.com/company/GMVagglo;Aquagolfe - Elven
https://www.linkedin.com/company/eurl-loca;Aqua'Gonfle
https://www.linkedin.com/company/vert-marine;Aquâlone
https://www.linkedin.com/company/bzhwakepark;Aquapark - Bzhwakepark
https://www.linkedin.com/company/aquavert;AQUAVERT - espace aquatique
https://www.linkedin.com/company/station-de-super-besse;Base aqualudique les Hermines • Station de Super-Besse
https://www.linkedin.com/company/cap;Cap'Aqua
https://www.linkedin.com/company/oramma;Centre Aquatique AQUABAIN
https://www.linkedin.com/company/cc-centre-morbihan-communaute;Centre Aquatique Aqua'lud
https://www.linkedin.com/company/communaute-d-agglomeration-de-la-rochelle;Centre Aquatique Châtelaillon-Plage
https://www.linkedin.com/company/thionville-fensch-agglomération;Centre Aquatique Communautaire de Thionville
https://www.linkedin.com/company/ville-de-maisons-alfort;Centre Aquatique de Maisons-Alfort
https://www.linkedin.com/company/communauté-d-agglomération-du-niortais;Centre Aquatique des Fraignes
https://www.linkedin.com/company/la-fleche-et-pays-flechois;Centre aquatique L'îlébulle
https://www.linkedin.com/company/communauté-de-communes-sarrebourg-moselle-sud;Centre Aquatique Moselle Sud
https://www.linkedin.com/company/saint-lo-agglo;Centre aquatique Saint-Lô Agglo
https://www.linkedin.com/company/le-havre-seine-métropole;Complexe Aquatique Belle Etoile
https://www.linkedin.com/company/pays-de-l-aigle;Complexe aquatique et sportif Cap'Orne
https://www.linkedin.com/company/papéa-parc;Espace aquatique
https://www.linkedin.com/company/28557428;Espace Aquatique et Fitness Linaë
https://www.linkedin.com/company/paysdelor;Espace Grand Bleu
https://www.linkedin.com/company/euroceane;Eurocéane
https://www.linkedin.com/company/frenzy-palace;Frenzy Waterpark - Parc Aquatique
https://www.linkedin.com/company/pays-de-saint-gilles-croix-de-vie-agglomération;Multiplexe aquatique du Pays de Saint Gilles Croix de Vie Agglomération
https://www.linkedin.com/company/78540470;Nautic Park Ayguades - Marina O Zone
https://www.linkedin.com/company/campingscapfun;Parc aquatique La Pergola Capfun
https://www.linkedin.com/company/magic-park-land;parc aquatique Splash world by Magic Park Land
https://www.linkedin.com/company/17940330;Royatonic
https://www.linkedin.com/company/indiana-river;Accrobranche, tyroliennes, jeux aquaglisse, location de canoë et pédalo, snack, parc ombragé
https://www.linkedin.com/company/rdv360;Aquacryo (cryothérapie corps entier et localisé )
https://www.linkedin.com/company/grand-lac-communauté-d-agglomération;Aqualac - Grand Lac
https://www.linkedin.com/company/bievre-isere-communaute;Aqualib'
https://www.linkedin.com/company/aqualypso;Aqua'Lypso - Aquafitness & Bien-être
https://www.linkedin.com/company/aqua-real;AQUA-REAL
https://www.linkedin.com/company/ville-de-sevran;Aquarena de Sevran
https://www.linkedin.com/company/cc-creuse-grand-sud;Aquasud
https://www.linkedin.com/company/aquatique-vacances;Aquatique Vacances
https://www.linkedin.com/company/val-de-garonne-agglomération;AQUAVAL - Complexe Aquatique du Val de Garonne
https://www.linkedin.com/company/aqua-villa;Aqua'Villa
https://www.linkedin.com/company/aquazenpole;Aquazen | Centre bien-être / santé & Cryothérapie
https://www.linkedin.com/company/aquakub;Best Western Aquakub
https://www.linkedin.com/company/métropole-aix-marseille-provence;Cap Provence / Aquatique & Bien-Être
https://www.linkedin.com/company/tulleagglo;Centre Aqua
https://www.linkedin.com/company/46410176;Centre Aqualudique AGGLO PAYS D'ISSOIRE
https://www.linkedin.com/company/ile-verte-a-hirson;Centre aqualudique Ile Verte
https://www.linkedin.com/company/station-touristique-du-valjoly;Centre Aquatica du ValJoly
https://www.linkedin.com/company/villecherbourg;Centre Aquatique
https://www.linkedin.com/company/communauté-de-communes-de-la-vallée-de-saint-amarin;Centre Aquatique - Piscine de Wesserling
https://www.linkedin.com/company/69987644;Centre Aquatique Aqualude Communal
https://www.linkedin.com/company/grand-poitiers-communauté-urbaine;Centre Aquatique de Bonnes
https://www.linkedin.com/company/communaute-d;Centre aquatique de L'agglo Foix-Varilhes
https://www.linkedin.com/company/pays-de-pouzauges;Centre Aquatique du Pays de Pouzauges
https://www.linkedin.com/company/combrailles-sioule-et-morge-communaute-de-communes;Centre Aquatique Intercommunal
https://www.linkedin.com/company/46946627;Centre aquatique intercommunal de plein air
https://www.linkedin.com/company/communauté-de-communes-tarn-agout;Centre aquatique intercommunal L'O Pastel
https://www.linkedin.com/company/agglo-f;Centre aquatique La Piscine
https://www.linkedin.com/company/communauté-d-agglomération-maubeuge-val-de-sambre;Centre Aquatique l'Aiguade d'Aulnoye-Aymeries
https://www.linkedin.com/company/saint-marcellin-vercors-is;Centre Aquatique L'Olympide
https://www.linkedin.com/company/communauté-d-agglomération-du-cotentin;Centre Aquatique Océalis
https://www.linkedin.com/company/communauté-de-communes-de-la-ténarèze;Centre de Loisirs Aqualudique de Condom
https://www.linkedin.com/company/doctolib;Centre Paramedical Aqua Courlains Santé
https://www.linkedin.com/company/ville-de-cenon;Complexe aqualudique Elodie Lorandi - la piscine de Cenon
https://www.linkedin.com/company/villedhyeres;Complexe Aquatique de Hyères
https://www.linkedin.com/company/communaute-d'agglomeration-tarbes-lourdes-pyrenees-;Complexe Aquatique de Lourdes
https://www.linkedin.com/company/cosy-form;COSY FORM CAEN : CENTRE DE COACHING SPORTIF - AMINCISSEMENT, AQUABIKING & ELECTROSTIMULATION
https://www.linkedin.com/company/pays-de-mortagne;Espace Aqualudique du Pays de Mortagne
https://www.linkedin.com/company/lannion-tr;Espace Aqualudique Ti dour
https://www.linkedin.com/company/cc-chateaubriant-derval;Espace aquatique AquaChoisel
https://www.linkedin.com/company/65682724;Espace Aquatique Atlantis - Piscine à Albi
https://www.linkedin.com/company/communaut-de-communes-des-co-vrons;Jardin Aquatique
https://www.linkedin.com/company/communauté-de-communes-maconnais-tournugeois;L’espace aquatique du Mâconnais-Tournugeois
https://www.linkedin.com/company/communauté-d-agglomération-bergeracoise;L'Aqualud, Centre Aquatique Bergeracois
https://www.linkedin.com/company/le-monde-de-merlin-blv;Le Monde de Merlin Aquapark
https://www.linkedin.com/company/ô35blsport;Ô35 - centre de fitness aquatique
https://www.linkedin.com/company/communaut;Parc aquatique du Perche
https://www.linkedin.com/company/96247789;Piscine Aquapaq Quimperlé
https://www.linkedin.com/company/anjou-tourisme;Piscine Aqua'relle - Durtal
https://www.linkedin.com/company/centre-sportif-gard;"Piscine d'été ""Aquaforme"""
https://www.linkedin.com/company/aquaclim-service;SCOP Aquaclim Service Nivillac (pompe a chaleur climatisation , photovoltaïque plomberie)
https://www.linkedin.com/company/9hotel-collection;9Hotel Bastille-Lyon
https://www.linkedin.com/company/alfred-hotels;ALFRED HOTELS - Monaco
https://www.linkedin.com/company/garden-city-appart-hôtels;Appart'Hotel Garden & City - Cauterets
https://www.linkedin.com/company/ariane-hôtel-fos-sur-mer;Ariane Hotel
https://www.linkedin.com/company/almaecollection;Armancette - The Leading Hotels Of The World
https://www.linkedin.com/company/gold-beach-inn;Best Western Hotel de la plage Normandie
https://www.linkedin.com/company/best-western-plus-europe-h;Best Western Plus Europe Hotel
https://www.linkedin.com/company/hôtel-black-bass;Black Bass Hotel Annecy
https://www.linkedin.com/company/domaine-utah-beach;Domaine Utah Beach - Hotel le Grand Hard
https://www.linkedin.com/company/eklo-hotels;Eklo Hotels Marne La Vallée
https://www.linkedin.com/company/fasth-tel;Fasthotel Le Mans Nord Saint-Saturnin UN FH CONFORT
https://www.linkedin.com/company/hôtel-arles-plaza;Hotel Arles Plaza
https://www.linkedin.com/company/hôtel-du-golf-de-l;Hôtel du Golf de l'Ailette, The Originals Relais (Qualys-Hotel)
https://www.linkedin.com/company/hotel-du-port-nogent;HOTEL DU PORT - Nogent sur Marne
https://www.linkedin.com/company/orsohotels;Hotel Folie
https://www.linkedin.com/company/hôtel-inn-design;Hotel Inn Design - Laval
https://www.linkedin.com/company/hotel-la-villa-douce;Hotel La Villa Douce
https://www.linkedin.com/company/le-clocher-de-rodez;Hotel Le Clocher de Rodez
https://www.linkedin.com/company/best-western-plus-metz-technopôle;Hotel Metz Technopole - Best Western Plus
https://www.linkedin.com/company/hotels-sezz;Hotel Sezz Saint-tropez
https://www.linkedin.com/company/l-échappée-vosgienne;L’échappée vosgienne - Hotel - Restaurant - Gérardmer
https://www.linkedin.com/company/groupe-nemea;Nemea Appart'Hotel Cannes Palais
https://www.linkedin.com/company/8751403;Okko Hotels Bayonne Centre
https://www.linkedin.com/company/penta-hotels;Pentahotel
https://www.linkedin.com/company/relais-de-chambord;Relais De Chambord, a Small Luxury Hotel of the World
https://www.linkedin.com/company/so-paris-hotel;SO/ Paris Hotel
https://www.linkedin.com/company/sunweb-group;Sunweb Hotel Bar Restaurant Aiguille Lodge
https://www.linkedin.com/company/hotelio-france;Sure Hotel Biarritz Aeroport
https://www.linkedin.com/company/surehotelguerande;Sure Hotel by Best Western Guérande
https://www.linkedin.com/company/aquitaine-hospitality;Ténéo Apparthotel Bordeaux - Gare Saint Jean
https://www.linkedin.com/company/van-der-valk-pariscdg;The Atrium Hotel & Conference Centre, Paris CDG Airport by Penta
https://www.linkedin.com/company/theoriginalshotels;The Originals City Hotel Paray-le-Monial
https://www.linkedin.com/company/timhotel-sas;Timhotel Opéra Blanche Fontaine
https://www.linkedin.com/company/ultimacollection;Ultima Hotel Courchevel
https://www.linkedin.com/company/zenao-apparts;ZENAO Appart'Hotel Nevers - Résidence hôtelière Nevers
https://www.linkedin.com/company/zenitude-groupe;Zenitude Hôtel-Résidences - Swiss Apparthotels Ferney Voltaire
https://www.linkedin.com/company/all-suites;All Suites Appart Hôtel | Bassin d'Arcachon - Dune du Pilat
https://www.linkedin.com/company/appartcity;Appart'City Classic Bordeaux Aéroport Saint Jean d'Illac - Appart Hôtel
https://www.linkedin.com/company/baya-hôtel-spa-capbreton;Baya Hôtel
https://www.linkedin.com/company/contact-hôtel;Bel Hôtel
https://www.linkedin.com/company/belle-vue-hôtel;Belle Vue Hôtel
https://www.linkedin.com/company/bw-les-auréliades;Best Western Hôtel et Résidence Les Auréliades
https://www.linkedin.com/company/sévan-parc-hôtel-4-pertuis-luberon;Best Western Sévan Parc Hôtel
https://www.linkedin.com/company/the-originals-boutique-hotel-aultia;Boutique Hôtel Aultia Ault
https://www.linkedin.com/company/central-bordeaux;CENTRAL - Auberge de jeunesse & Hôtel Bordeaux
https://www.linkedin.com/company/le-central-by-santat;Central hôtel
https://www.linkedin.com/company/chalet-hotel-la-chemenaz;Chalet-Hôtel La Chemenaz
https://www.linkedin.com/company/chateauform;Château de Méry - L'Hôtel
https://www.linkedin.com/company/hostellerie-du-chateau-de-rochecotte;Château de Rochecotte Hôtel Restaurant
https://www.linkedin.com/company/château-léognan;Château Léognan - Hôtel & Domaine viticole
https://www.linkedin.com/company/deltour-hôtel-le-puy-en-velay;Deltour Hôtel le Puy en Velay Brives
https://www.linkedin.com/company/eau-thermale-avene-l-hôtel;Eau Thermale Avène l'hôtel
https://www.linkedin.com/company/hôtel-restaurant-écluse-34;Écluse 34 | Hôtel | Restaurant
https://www.linkedin.com/company/eurohotel-hamilton;Euro Hôtel Paris Créteil
https://www.linkedin.com/company/groupe-èhôtels-lyon;Fourvière Hôtel
https://www.linkedin.com/company/grand-hôtel-de-la-seine;Grand Hôtel de la Seine - Rouen
https://www.linkedin.com/company/grand-hôtel-spa-nuxe-serre-chevalier;Grand Hôtel Serre Chevalier
https://www.linkedin.com/company/hotel2m;Hôtel 2M, The Originals Relais
https://www.linkedin.com/company/hotelsbestwesternpremierbordeauxpauillac;Hôtel 4* des Vignes et des Anges
https://www.linkedin.com/company/akena-hotels;Hôtel Akena Bordeaux sud-La Brède
https://www.linkedin.com/company/hotel-annapurna;Hôtel Annapurna
https://www.linkedin.com/company/hôtel-beau-site-talloires;Hôtel Beau Site Talloires
https://www.linkedin.com/company/hôtel-beauregard;Hôtel Beauregard, The Originals Relais
https://www.linkedin.com/company/b-signature-hotels-resorts;Hôtel Bel Ami
https://www.linkedin.com/company/belaroia;Hôtel Belaroïa
https://www.linkedin.com/company/bestofbothhotel;Hôtel Best of both
https://www.linkedin.com/company/c2-hotel;Hôtel C2 - Marseille
https://www.linkedin.com/company/hotel-castle-domaine-de-coeurmandie;Hôtel Château - Domaine de Coeurmandie
https://www.linkedin.com/company/2lcollection;Hôtel Château de Fonscolombe - Relais & Châteaux
https://www.linkedin.com/company/destination-chateau-de-pourtales;Hôtel Château de Pourtalès
https://www.linkedin.com/company/mmv-clubs;Hôtel Club mmv les Bergers
https://www.linkedin.com/company/hotel-d;Hôtel d'Angleterre Grenoble Hyper-Centre
https://www.linkedin.com/company/hotel-de-diane;Hôtel de Diane
https://www.linkedin.com/company/hotel-de-la-marine-groix;Hôtel de la Marine
https://www.linkedin.com/company/saline-royale-darc-et-senans;Hôtel de la Saline royale
https://www.linkedin.com/company/groupe-de-panette;Hôtel de Panette
https://www.linkedin.com/company/domaine-de-roullet;Hôtel Domaine de Roullet
https://www.linkedin.com/company/hotel-don-cesar;Hôtel Don Cesar
https://www.linkedin.com/company/hotels-esprit-de-france;Hôtel d'Orsay
https://www.linkedin.com/company/dream-castle-hotel-fabulous-hotels-group;Hôtel Dream Castle
https://www.linkedin.com/company/hotel-du-collectionneur;Hôtel du Collectionneur
https://www.linkedin.com/company/hôtel-du-golf-lumbres;Hôtel du Golf
https://www.linkedin.com/company/najeti-hotelduparc;Hôtel du Parc
https://www.linkedin.com/company/hoteleste;Hôtel ESTÉ- Paris- 10e arrondissement
https://www.linkedin.com/company/18677753;Hôtel Famille Bourgeois - Sancerre
https://www.linkedin.com/company/hotel-felicien;Hôtel Félicien Paris 16e
https://www.linkedin.com/company/hotel-filigrane;Hôtel Filigrane
https://www.linkedin.com/company/hotel-ginette-;Hôtel Ginette à la Folie
https://www.linkedin.com/company/azureva;Hôtel Gorges du Tarn - AZUREVA La Malène
https://www.linkedin.com/company/grand-powers;Hôtel Grand Powers
https://www.linkedin.com/company/impérial-palace-annecy;Hôtel Impérial Palace Annecy
https://www.linkedin.com/company/hôtel-jeanne-jules;Hôtel Jeanne & Jules
https://www.linkedin.com/company/hôtel-kle-bw-signature-collection;Hôtel KLE, BW Signature Collection à Kaysersberg
https://www.linkedin.com/company/office-de-tourisme-menton-riviera-merveilles;Office de Tourisme - La Turbie
https://www.linkedin.com/company/wood-hotel-spa;Songe Spa Nature – WOOD Hotel & Spa
https://www.linkedin.com/company/spotyride34;Les activités nautiques avec SPOTYRIDE
https://www.linkedin.com/company/cliniquesaintjoseph;Clinique saint Joseph
https://www.linkedin.com/company/r;Centre de glisse Treffiagat - Rêves de mer
https://www.linkedin.com/company/cap-la-tranche-sur-mer-fitness-bien-être;Cap Fitness & Bien-être - La Tranche sur Mer
https://www.linkedin.com/company/fondation-cémavie;Résidence Bon Accueil
https://www.linkedin.com/company/office-de-tourisme-intercommunautaire-provence-verte-et-verdon;Château de Valbelle - Tourves
https://www.linkedin.com/company/pays-de-chantonnay;Base de Loisirs de Touchegray
https://www.linkedin.com/company/tournai;Piscine communale de l'Orient
https://www.linkedin.com/company/o-spare;O'SPARE
https://www.linkedin.com/company/alliance-dijon-natation;Alliance Dijon Natation
https://www.linkedin.com/company/musée-de-l-eau;Le Musée de l'eau
https://www.linkedin.com/company/natea-events;Nat&a - Natea - base de sports et loisirs - évènementiels variés
https://www.linkedin.com/company/office-tourisme-chamrousse;Office de Tourisme de Chamrousse - 1650
https://www.linkedin.com/company/alpe-d-huez;Office de Tourisme Alpe d'Huez
https://www.linkedin.com/company/le-château-de-faverges;Château de Faverges
https://www.linkedin.com/company/office-de-tourisme-communautaire-pays-des-sources-du-lac-d-annecy;Office de Tourisme Sources du lac d'Annecy - Faverges
https://www.linkedin.com/company/groupe-filieris;Centre de santé Filieris
https://www.linkedin.com/company/cercle-nautique-de-poissy;Cercle Nautique de Poissy
https://www.linkedin.com/company/oceanopolis;Océanopolis
https://www.linkedin.com/company/viessmannclimatesolutions;Viessmann Climate Solutions - Siège social France et agence Lorraine
https://www.linkedin.com/company/cc-vie-et-boulogne;Communauté de communes Vie et Boulogne
https://www.linkedin.com/company/office-de-tourisme-du-pays-du-haut-doubs;Office de Tourisme de Métabief
https://www.linkedin.com/company/syndicat-mixte-du-mont-d;Luge sur rails : la luge des Cimes
https://www.linkedin.com/company/7177194;Piscine Firmin Batisse
https://www.linkedin.com/company/les-terrasses-de-beauséjour;Les Terrasses de Beausejour
https://www.linkedin.com/company/42689780;Piscine à Bidache
https://www.linkedin.com/company/greenfolies;Green Folies Rambolitaine
https://www.linkedin.com/company/b-fun-park;B'Fun Park
https://www.linkedin.com/company/voile-grandest;Lac Messein
https://www.linkedin.com/company/centrekoel;CENTRE KOEL Poitiers - Epilation Laser - Cryolipolyse Soin Visage Détatouage
https://www.linkedin.com/company/singulierspluriel;Base de loisirs de L'Iton
https://www.linkedin.com/company/espass-podensac;ESPASS de Podensac
https://www.linkedin.com/company/cryo-soins-et-bien-être;CRYO SOINS ET BIEN-ETRE
https://www.linkedin.com/company/larochesuryonfr;Piscine Le Cap
https://www.linkedin.com/company/syndicat-mixte-de-la-de-loisirs-et-du-golf-de-jumieges-le-mesnil;Base de Loisirs Jumièges - Le Mesnil
https://www.linkedin.com/company/ville-d;Piscine du Pinsan
https://www.linkedin.com/company/e-llo;Centrale solaire de Llo
https://www.linkedin.com/company/visitlimousin;Office de Tourisme des Portes de Vassivière
https://www.linkedin.com/company/ar-ruskenn-centre-pluridisciplinaire-de-sante-integrative;Pôle Relaxation AR RUSKENN
https://www.linkedin.com/company/saint-brieuc-armor-agglomération;Piscine Goëlys
https://www.linkedin.com/company/association-hospitali;Centre Hospitalier Spécialisé CHS
https://www.linkedin.com/company/salondeprovence;Centre Nautique Municipal
https://www.linkedin.com/company/le-clod;Bar Brasserie Pizzeria Le Clodélice Lac de la Tricherie
https://www.linkedin.com/company/11298935;Centre Nautique de Brest
https://www.linkedin.com/company/mairie-de-b-gles;Bègles plage
https://www.linkedin.com/company/ville-bordeaux;Piscine Galin
https://www.linkedin.com/company/château-de-kergrist;Château de Kergrist
https://www.linkedin.com/company/arbrenciel;Arbr'en Ciel Evreux
https://www.linkedin.com/company/office-tourisme-lorient-bretagne-sud;Office de Tourisme du Pays de Plouay
https://www.linkedin.com/company/commune-de-mesanger;Plan d'eau du pont Cornouaille
https://www.linkedin.com/company/swim-garden;SWIM GARDEN Piscines & Spas - Everblue
https://www.linkedin.com/company/exp;Exp'Eau - Piscine & Spa
https://www.linkedin.com/company/speedparkfrance;Speed Park Brétigny
https://www.linkedin.com/company/groupe-sos-seniors;EHPAD Sainte Marie d'Etagnac (Groupe SOS Seniors)
https://www.linkedin.com/company/tourisme-loiret;Pont-Canal de Briare
https://www.linkedin.com/company/association-anne-boivent;EHPAD Saint Joseph de Louvigné (Asociation Anne Boivent)
https://www.linkedin.com/company/villedelouveciennes;Parc des 3 Grilles
https://www.linkedin.com/company/groupe-denis-materiaux;Denis Matériaux Le Breuil En Bessin
https://www.linkedin.com/company/destinationluberon;Office de Tourisme Destination Luberon | Lourmarin
https://www.linkedin.com/company/cooperativebiocoop;biocoop beg douar
https://www.linkedin.com/company/communaute-de-communes-cote-ouest-centre-manche;Base de Char à Voile - Paddle - Longe Côte - Kayak
https://www.linkedin.com/company/vm-experts-partenaires;VM Matériaux
https://www.linkedin.com/company/ccvusp;Communauté de communes Vallée de l'Ubaye Serre-Ponçon
https://www.linkedin.com/company/fondation-raymond-devos;Maison Musée & Fondation Raymond Devos
https://www.linkedin.com/company/coeur-essonne-agglomeration;Piscine Léo Lagrange
https://www.linkedin.com/company/ccplateaupicard;Communauté de Communes du Plateau Picard
https://www.linkedin.com/company/chateau-de-turenne;Château de Turenne
https://www.linkedin.com/company/groupe-lna-sante;L'Hôpital de proximité de Breteuil - Oise (60) | LNA Santé
https://www.linkedin.com/showcase/gedimat;Gedimat Larroque - Saint-Michel-Loubéjou
https://www.linkedin.com/company/commune-de-plesse;Etang de Buhel
https://www.linkedin.com/company/hydramat;Hydramat
https://www.linkedin.com/company/tremblais-cr;Tremblais créateur / l'esprit piscine
https://www.linkedin.com/company/esterel-aventures;Beach Club Agay - Estérel Aventures
https://www.linkedin.com/company/portededromardeche;Centre de Santé Porte de DrômArdèche
https://www.linkedin.com/company/troyes-la-champagne-tourisme;Troyes La Champagne Tourisme
https://www.linkedin.com/company/ussap-association;USSAP - EHPAD Le Pla du Moulin
https://www.linkedin.com/company/popcornlabyrinthe;Pop Corn Labyrinthe YVELINES (Jouars-Pontchartrain) - Labyrinthe Géant de Maïs
https://www.linkedin.com/company/ghef-77;Grand Hôpital de l'Est Francilien - Site de Marne-la-Vallée
https://www.linkedin.com/company/pôle-médical-marne-la-vallée;Pôle Médical Marne-la-Vallée
https://www.linkedin.com/company/paris-est-marne-bois;À la plage by Paris Est Marne et Bois
https://www.linkedin.com/company/château-de-jaulny;Château de Jaulny
https://www.linkedin.com/company/ville-de-neuilly-sur-marne;Piscine Plein Soleil
https://www.linkedin.com/company/metropolegrandnancy;Piscine de Laneuveville-devant-Nancy
https://www.linkedin.com/company/château-d-hardelot-centre-culturel-de-l-entente-cordiale;Château d'Hardelot
https://www.linkedin.com/company/communauté-de-communes-entr-allier-besbre-et-loire;MAISON AQUARIUM DU VAL DE BESBRE
https://www.linkedin.com/company/cryoterafrance;Cryotera - Pôle de Cryothérapie Caen
https://www.linkedin.com/company/ot-saint-cyprien;Jardin des plantes des Capellans
https://www.linkedin.com/company/montpellier-ville-metropole-et-ccas;Piscine Alex Jany
https://www.linkedin.com/company/ville-de-beaune;Parc de la Bouzaise
https://www.linkedin.com/company/rcra;groupe récréa
https://www.linkedin.com/company/caen-la-mer;Piscine du Chemin Vert
https://www.linkedin.com/company/accrocampsas;AccroCamp Caen | Accrobranche 14
https://www.linkedin.com/company/terre-d-estuaire;Terre d'Estuaire
https://www.linkedin.com/company/le-voyage-;Villa Cheminée
https://www.linkedin.com/company/kalapca-loisirs;Kalapca Loisirs : Location de Canoë sur le Célé et le Lot | Matériel de via-ferrata
https://www.linkedin.com/company/communautédecommunessommesudouest;Office de Tourisme de Conty
https://www.linkedin.com/company/parc-national-des-cevennes;Parc national des Cévennes
https://www.linkedin.com/company/77580749;PARC AVENTURE OISANS
https://www.linkedin.com/company/societe-d'equipement-des-contamines-montjoie-hauteluce-secmh;Parc du Chien Polaire
https://www.linkedin.com/company/village-vacances-le-duchet-cap-france;La Maison de Trémontagne
https://www.linkedin.com/company/conseil-g-n-ral-des-c-tes-d'armor;Château du Guildo
https://www.linkedin.com/company/29274663;Office de Tourisme Ouest Aveyron - bureau de Najac
https://www.linkedin.com/company/agglom;Piscine de Gauchy
https://www.linkedin.com/company/chlemansofficiel;Centre Hospitalier Saint Calais
https://www.linkedin.com/company/38076660;Body Minute Saint Brice sous foret.
https://www.linkedin.com/showcase/le-nessay;Spa Le Nessay
https://www.linkedin.com/company/morbihan-tourisme;Île d‘Houat
https://www.linkedin.com/company/musée-du-verre;Musée du Verre François Décorchemont
https://www.linkedin.com/company/ot-montfort-communauté;Aventur'O Lac - Loisirs et activités nautiques au Lac de Trémelin
https://www.linkedin.com/company/up2play;UP2PLAY Ibos-Tarbes
https://www.linkedin.com/company/ville-de-commentry;Piscine municipale
https://www.linkedin.com/showcase/smr-le-colombier-lamalou-les-bains;SMR Le Colombier
https://www.linkedin.com/company/apei-de-la-r;APEI - Parc Guy Weber
https://www.linkedin.com/company/552285;Office de tourisme de Saint-Aubin-sur-Mer (Calvados)
https://www.linkedin.com/company/damgan-la-roche-bernard-tourisme;Office de Tourisme de Muzillac
https://www.linkedin.com/company/serre-poncon;Office de Tourisme
https://www.linkedin.com/company/comit;Base nautique du parc interdépartemental de Choisy-le-Roi
https://www.linkedin.com/company/mileade;Village Club Miléade La Plagne
https://www.linkedin.com/company/ardèche-secrète;Office de Tourisme d'Antraigues-sur-Volane
https://www.linkedin.com/company/centre-hospitalier-albert;Centre Hospitalier d'Albert
https://www.linkedin.com/company/cfm-hta-normandie;CFM HTA NORMANDIE
https://www.linkedin.com/company/alunisson-massage;À l'Unisson - Massage bien-être
https://www.linkedin.com/company/supersaas-com;Aquabike Guadeloupe Saint Anne
https://www.linkedin.com/company/office-de-tourisme-intercommunal-de-l;Parc gonflable du colosse
https://www.linkedin.com/company/21243860;Akea Spa & Beauty
https://www.linkedin.com/company/akoya-hotel-spa-reunion;L'Orchidée Spa
https://www.linkedin.com/company/jura-sport-spa-resort;Centre de Loisirs (Jura Resort Sport & Spa)
https://www.linkedin.com/company/28776059;Fun Space
https://www.linkedin.com/company/otidea;Parc Animalier des Pyrénées
https://www.linkedin.com/company/hotel-sans-souci-wien;Sans Souci Spa
https://www.linkedin.com/company/arom-dee-thai-massage;AromDee Thaï massage
https://www.linkedin.com/company/gemeinde-bad-bellingen;Therme Balinea
https://www.linkedin.com/company/office-de-tourisme-nouvelle-normandie;Château Gaillard
https://www.linkedin.com/company/ville-de-montr-al;Centre aquatique de Rivière-des-Prairies
https://www.linkedin.com/company/annecy-aventure;Annecy Aventure
https://www.linkedin.com/company/ab-park-discovery-and-adventure;AB aqua park
https://www.linkedin.com/company/parque-de-la-costa;Aquafan
https://www.linkedin.com/company/office-de-tourisme-bayeux-intercom;Office de tourisme d'Arromanches
https://www.linkedin.com/company/château-d-arvieu;Le Château d'Arvieu
https://www.linkedin.com/company/in-terra-corsa;Parc Aventure Asco Vallée | Via ferrata et tyroliennes géantes
https://www.linkedin.com/company/les-lisieres-de-loise;Communauté de Communes des Lisières de l'Oise
https://www.linkedin.com/company/villedaubagne;Piscine Alain-Bernard
https://www.linkedin.com/company/richardsonfr;RICHARDSON Aubenas - Magasin et Libre-service
https://www.linkedin.com/company/ville-d-aubigny-sur-nère;Château des Stuarts
https://www.linkedin.com/company/office-tourisme-sauldre-et-sologne;Office de Tourisme Sauldre Sologne
https://www.linkedin.com/company/d;Domaine de Certes et Graveyron
https://www.linkedin.com/company/hotel-le-goyen;Restaurant Le Goyen | Audierne
https://www.linkedin.com/company/étoile-loisirs;Etoile Loisirs
https://www.linkedin.com/company/le-royaume-des-arbres;Le Royaume des Arbres Auriol
https://www.linkedin.com/company/centre-hospitalier-intercommunal-de-castres-mazamet;USLD - Centre Hospitalier Intercommunal Castres Mazamet
https://www.linkedin.com/company/office-de-tourisme-des-deux-rives;Office de Tourisme des Deux Rives - Bureau d'Auvillar
https://www.linkedin.com/company/office-de-tourisme-de-valmorel;Valmorel Tourisme
https://www.linkedin.com/company/valmorel-activités-outdoor;Valmorel Activités Outdoor
https://www.linkedin.com/company/epernay-agglo-champagne;Parc Vix
https://www.linkedin.com/company/societe-parrachee-vanoise;Base de Loisirs - Ô'Soi
https://www.linkedin.com/company/ville-d-avrille;Piscine municipale d'Avrillé
https://www.linkedin.com/company/clermont-auvergne-volcans;Clermont Auvergne Volcans - Bureau d'Aydat
https://www.linkedin.com/company/parcvolcans;Parc naturel régional des Volcans d'Auvergne
https://www.linkedin.com/company/departement-des-ardennes;Domaine des Ayvelles
https://www.linkedin.com/company/fondation-hopale;Centre Clair Séjour - Fondation Hopale
https://www.linkedin.com/company/coeurdeflandreagglo;Piscine Aquabelle
https://www.linkedin.com/company/101082491;Parc Charles De Gaulle
https://www.linkedin.com/company/best-western-hôtel-au-cheval-blanc-mulhouse;Restaurant Au Cheval Blanc
https://www.linkedin.com/company/les-grottes-de-la-balme;Les Grottes de La Balme
https://www.linkedin.com/company/dpva83;Piscine Caron à Bargemon
https://www.linkedin.com/company/communauté-de-communes-doubs-baumois-25;Piscine intercommunale
https://www.linkedin.com/company/destination-les-baux-de-provence;Office de Tourisme des Baux-de-Provence
https://www.linkedin.com/company/communauté-de-communes-du-bazadais;Communauté de Communes du Bazadais
https://www.linkedin.com/company/couesnon-mdb;Port miniature de Villecartier
https://www.linkedin.com/company/departementdelahautevienne;Étang de la Pouge
https://www.linkedin.com/company/ville-de-poitiers;Îlot Tison
https://www.linkedin.com/company/communaute-de-communes-du-grand-pic-saint-loup;Aire de jeux de l'Office de Tourisme
https://www.linkedin.com/company/le-pal;Alligator Baie
https://www.linkedin.com/company/aqua-pro-urba;Aqua Pro Urba (ex Vortex France)
https://www.linkedin.com/company/holme-pierrepoint-country-park;Aqua Splash
https://www.linkedin.com/company/groupe-aqualande-sa;Aqualande
https://www.linkedin.com/company/aquanatour;AquaNat'our
https://www.linkedin.com/company/calaisxxl;Aquarium de Calais ( cercle aquariophile du Calaisis)
https://www.linkedin.com/company/aquarium-de-lyon;Aquarium de Lyon
https://www.linkedin.com/company/etablissement-public-du-palais-de-la-porte-doree;Aquarium tropical
https://www.linkedin.com/company/aquatique-show;AQUATIQUE SHOW INTERNATIONAL
https://www.linkedin.com/company/grand-site-aven-d-orgnac;Aven d'Orgnac - Grand Site de France
https://www.linkedin.com/company/mairie-de-challes-les-eaux;Base de loisirs du plan d'eau de Challes-les-Eaux
https://www.linkedin.com/company/office-de-tourisme-de-moustiers-sainte-marie;Base de Loisirs La Cadeno
https://www.linkedin.com/company/basenautiquedeloeuilly-loeuillycanoëkayak;Base nautique de Loeuilly - Loeuilly canoe kayak
https://www.linkedin.com/company/stationdesrousses;Base nautique du Lac des Rousses
https://www.linkedin.com/company/base-nautique-du-parroud;Base nautique du Parroudé - Canoë kayak Paddle Torreilles
https://www.linkedin.com/company/12661765;Base nautique et de loisirs de Millocheau
https://www.linkedin.com/company/groupe-romanee;Camping Le Kervilor 4 étoiles - Romanée
https://www.linkedin.com/company/canoe-club-avranches;Canoë-Club d'Avranches - Stade nautique de l'Ecoparc - base de loisirs et terrains de kayak-polo
https://www.linkedin.com/company/canopyparc;Canopy Parc
https://www.linkedin.com/company/azur-canyoning;Canyoning Nice | Azur Canyoning
https://www.linkedin.com/company/ville-de-saint-étienne;Capitainerie du Port de St Victor
https://www.linkedin.com/company/communaute-de-communes-de-villedieu-intercom;Centre de loisirs
https://www.linkedin.com/company/valsdesaintongecommunaute;Centre de Loisirs de Tonnay-Boutonne
https://www.linkedin.com/company/villedeparis;Centre Sportif Jacqueline Auriol
https://www.linkedin.com/company/association-historique-la-diana;Château de Couzan
https://www.linkedin.com/showcase/chteau-de-pirou;Château fort de Pirou
https://www.linkedin.com/showcase/vosges-tourisme-communication;Colline de Sion
https://www.linkedin.com/company/ville-de-st-jean-sur-richelieu;Complexe sportif Claude-Raymond
https://www.linkedin.com/company/ville-du-poiré-sur-vie;Complexe sportif de l'Idonnière
https://www.linkedin.com/company/valdemarne;Domaine départemental des Marmousets
https://www.linkedin.com/company/ar-duen;Domaine de la Hardouinais
https://www.linkedin.com/company/edsun-loisirs;EDSUN
https://www.linkedin.com/company/departement-ille-et-vilaine;Espace naturel départemental du parc du château des Pères
https://www.linkedin.com/company/valberg;Espace Valberg Aventure
https://www.linkedin.com/company/11122547;Everblue - Roguet Piscine & Spa
https://www.linkedin.com/company/explora-parc;Explora Parc
https://www.linkedin.com/company/fontaine-conception;Fontaine Conception
https://www.linkedin.com/company/gites-de-france-alsace;Gîtes de France Alsace Bas-Rhin
https://www.linkedin.com/company/golfderougemontlechateau;Golf de Rougemont-le-Château
https://www.linkedin.com/company/grotte-de-la-verna;Grotte de La Verna (Accueil)
https://www.linkedin.com/company/hapik;HAPIK Salle d'escalade 100% fun - Espace climatisé
https://www.linkedin.com/company/tiktok;Ile Ô Splash
https://www.linkedin.com/company/irripiscine-by-irrijardin;Irripiscine by Irrijardin Phalsbourg
https://www.linkedin.com/company/jersey-develop-co;Jardins de la Mer
https://www.linkedin.com/company/jcp-vacances;JCP Vacances
https://www.linkedin.com/company/la-perle-du-verdon;La Perle du Verdon - Location de bateaux électriques - Lac d'Esparron
https://www.linkedin.com/company/jura-tourisme-attractivité;Le Grand Saut
https://www.linkedin.com/company/vallespir-tourisme;Les lacs de Saint Jean Pla de Corts
https://www.linkedin.com/company/pierre-fabre;Levézou - Association sportive Pierre Fabre
https://www.linkedin.com/company/ludykid;Ludykid
https://www.linkedin.com/company/piscines-magiline;MAGILINE EVREUX
https://www.linkedin.com/company/conseil-departemental-de-la-manche;Maison Jacques Prévert
https://www.linkedin.com/company/manoir-de-l-illusion-et-du-myst;Manoir de l'Illusion et du Mystérieux
https://www.linkedin.com/company/metropolis-bowling-laser;METROPOLIS FUN PARC - Trampoline Parc - Bowling - Laser Blade - Roller Dance - Billards & Arcade ??
https://www.linkedin.com/company/amo-mission-h2o;Mission H2o
https://www.linkedin.com/company/la-rosi-re-tourisme;Office de Tourisme de La Rosière
https://www.linkedin.com/company/11771809;Office de Tourisme de Thollon Les Mémises
https://www.linkedin.com/company/office-tourisme-rochefort-ocean;Office de Tourisme Rochefort Océan
https://www.linkedin.com/company/parc-animalier-la-barben;Parc Animalier de la Barben
https://www.linkedin.com/company/office-national-des-forets;Parc animalier de Roumare
https://www.linkedin.com/company/communaute-de-communes-du-liancourtois;Parc Chédeville
https://www.linkedin.com/company/villedupecq;Parc Corbière
https://www.linkedin.com/company/agglopvm;Parc de Noisiel
https://www.linkedin.com/company/office-de-tourisme-de-lisieux-normandie;Parc des Loisirs - Orbec
https://www.linkedin.com/company/ville-de-troyes;Parc des Moulins - Troyes
https://www.linkedin.com/company/104957556;Parc des Sports Plessis-Robinson
https://www.linkedin.com/company/villedesens;Parc du Moulin à Tan
https://www.linkedin.com/company/ville-de-saint-brice-sous-for-t;Parc Marie-Dominique Pfarr
https://www.linkedin.com/company/93661548;Parc naturel régional Oise-Pays de France
https://www.linkedin.com/company/parrot-world;Parrot World - Le parc animalier immersif
https://www.linkedin.com/company/destinationiledere;Phare des Baleineaux
https://www.linkedin.com/company/ville-de-saint-lambert;Piscine Émilie-Heymans
https://www.linkedin.com/company/alesagglomeration;Piscine de Cauvel
https://www.linkedin.com/company/ville-orvault;Piscine de la Cholière
https://www.linkedin.com/company/ville-du-havre;Piscine de la Mare Rouge
https://www.linkedin.com/company/saint-pourcain-sur-sioule;Piscine de la Moutte
https://www.linkedin.com/company/ville-de-saint-herblain;Piscine Ernest Renan
https://www.linkedin.com/company/redon-agglomeration;Piscine intercommunale de Peillac
https://www.linkedin.com/company/7935520;Piscine L'Archipel
https://www.linkedin.com/company/ville-de-marly-le-roi;Piscine Municipale Franck Esposito
https://www.linkedin.com/company/alliancepiscines;Piscines Alliance Expansion
https://www.linkedin.com/company/psl-international;Piscines Sports Loisirs international
https://www.linkedin.com/company/86371928;Piscines Vauban
https://www.linkedin.com/company/visit-corsica;Plage d'Isolella - Arinella di l’Isulella
https://www.linkedin.com/company/ville-de-cournon-d-auvergne;Plan d'Eau de Cournon-d'Auvergne
https://www.linkedin.com/company/plein-air-vacances;Plein Air Vacances by Sunreva
https://www.linkedin.com/company/domaine-du-rayol;Pointe du figuier
https://www.linkedin.com/company/revedepiscine;Rêve de Piscine
https://www.linkedin.com/company/kouver;Restaurant Le Bellevue
https://www.linkedin.com/company/rhodia-business-club;Rhodia Club Omnisports
https://www.linkedin.com/company/la-factory-reception;Salle de Réception LA FACTORY
https://www.linkedin.com/company/seaquarium-institut-marin;Seaquarium du Grau-du-Roi
https://www.linkedin.com/company/secur-e-o;SECUREO
https://www.linkedin.com/company/the-royal-parks;St James's Park
https://www.linkedin.com/company/isereattractivite;Terrain de Jeux du Parc des Lurons
https://www.linkedin.com/company/terre-mer-aventure;Terre-Mer Aventure
https://www.linkedin.com/company/office-de-tourisme-des-terres-d-auxois;Tour de l'Orle d'Or
https://www.linkedin.com/company/gravity-space;Trampoline Park Gravity Space® - Toulon La Seyne Sur Mer - Parc de loisirs - Anniversaire
https://www.linkedin.com/company/vagues-oc-anes;Vagues Océanes
https://www.linkedin.com/company/wonderful-land;Wonderful Land
https://www.linkedin.com/company/yatouland;Yatouland
https://www.linkedin.com/company/zoo-de-la-boissiere-du-dore;Zoo de La Boissière du Doré
https://www.linkedin.com/company/sitedupontdugard;Musée du Pont du Gard
https://www.linkedin.com/company/demeures-de-varennes;Restaurant La Table de Varennes
https://www.linkedin.com/company/ville-unieux;Salle Gaby Crepet
https://www.linkedin.com/company/ville-aubenas;Piscine Municipale d'Aubenas
https://www.linkedin.com/company/les-terres-de-nataé;Les Terres de Nataé
https://www.linkedin.com/company/lorient-agglomeration;Moulin des Princes
https://www.linkedin.com/company/ville-de-mulhouse;Parc Steinbach
https://www.linkedin.com/company/centre-hospitalier-de-pont-saint-esprit;Centre Hospitalier de Pont-Saint Esprit
https://www.linkedin.com/company/la-provence-occitane;Bureau d'Information Touristique de Pont-Saint-Esprit
https://www.linkedin.com/company/domaineducolombier;Domaine du Colombier
https://www.linkedin.com/company/magicfit;Magicfit Méré
https://www.linkedin.com/company/cpts-de-broceliande;CPTS de Brocéliande
https://www.linkedin.com/company/wake-park-plesse;Wake Park Plessé
https://www.linkedin.com/company/tarn-et-garonne-tourisme;Office de tourisme Bruniquel
https://www.linkedin.com/company/museelapiscine;La Piscine - Musée d'art et d'industrie André Diligent de Roubaix
https://www.linkedin.com/company/courlancy-sante;Urgences de la Polyclinique Reims-Bezannes
https://www.linkedin.com/company/dijon-ville-metropole;Piscine de la Fontaine d'Ouche
https://www.linkedin.com/company/pharmabella-pezilla;Naturopathe - Maryline
https://www.linkedin.com/company/office-de-tourisme-du-pays-de-gex-et-sa-station-monts-jura;La Catheline
https://www.linkedin.com/company/ville-de-valenciennes;Étang du Vignoble
https://www.linkedin.com/company/office-de-tourisme-pays-diois;Office de Tourisme du Pays Diois
https://www.linkedin.com/company/office-de-tourisme-du-dévoluy;Piscine municipale à La Joue du Loup
https://www.linkedin.com/company/sports-nature-devesset;Base nautique de Devesset
https://www.linkedin.com/company/swim-stars;Swim Stars | Betton
https://www.linkedin.com/company/gorges-du-haut-allier-offices-de-tourisme;Office de Tourisme Intercommunautaire des Gorges Allier
https://www.linkedin.com/company/habitation-saint-charles;Spa Les Alizés
https://www.linkedin.com/company/jardindevalombreuse;Jardin Botanique de Valombreuse
https://www.linkedin.com/company/office-de-tourisme-val-de-gray;Bureau d'information Touristique de Pesmes
https://www.linkedin.com/company/groupe-10-55;10·55 Belfort Bessoncourt | loisirs indoor & restaurant
https://www.linkedin.com/company/centre-hospitalier-de-denain;Centre Hospitalier de Denain
https://www.linkedin.com/company/office-de-tourisme-perros-guirec;Centre Nautique de Perros-Guirec (CNPG)
https://www.linkedin.com/company/citadelledebesancon;Citadelle de Besançon
https://www.linkedin.com/company/grand-besancon-metropole;Piscine La Fayette
https://www.linkedin.com/company/ville-d-annonay;Parc de Déomas
https://www.linkedin.com/showcase/portail-auto-entrepreneur;LOTUS THAI MASSAGE
https://www.linkedin.com/company/mairieperon;Salle Champ Fontaine
https://www.linkedin.com/company/49741901;Centre Hospitalier de Laval
https://www.linkedin.com/company/exalto-lyon-villeurbanne;Exalto Dardilly
https://www.linkedin.com/company/mairie-de-douai;Parc Charles Fenain
https://www.linkedin.com/company/virtualiavr;Virtualia
https://www.linkedin.com/company/ville-de-tours;Parcs Forestier de Larçay - Les Hâtes
https://www.linkedin.com/company/cap-découverte;Cap'Découverte
https://www.linkedin.com/company/communauté-de-communes-lapalisse;Espace aquatique du Pays de Lapalisse
https://www.linkedin.com/company/museum-national-d;Bassin aux Otaries
https://www.linkedin.com/company/medoc-atlantique;Hourtin - Office de Tourisme Médoc Atlantique
https://www.linkedin.com/company/vichy-communaut;Piscine de Saint-Yorre
https://www.linkedin.com/company/ehpad-residence-ty-noal;Maison de Retraite Résidence Ty Noal
https://www.linkedin.com/company/baw-sports;Baw Sports
https://www.linkedin.com/company/relax;Parc Naturiste plein air relax club Espace naturiste familiale
https://www.linkedin.com/company/breizhadrenaline;Breizh Adrénaline (Karaez Adrénaline) - Parc de Loisirs & Aventure
https://www.linkedin.com/company/fondation-bocke;Ehpad Mirambeau
https://www.linkedin.com/company/communauté-d-agglomération-du-grand-guéret;Parc Animalier des Monts de Guéret Les Loups de Chabrières
https://www.linkedin.com/company/groupe-coriance;Chelles Chaleur
https://www.linkedin.com/company/hôpital-de-houdan;Hôpital de Houdan
https://www.linkedin.com/company/75365609;Office de tourisme Landes Atlantique Sud Saint-Vincent-de-Tyrosse
https://www.linkedin.com/company/games-factory;Games Factory PARK QUETIGNY
https://www.linkedin.com/company/50193363;Zébulleparc
https://www.linkedin.com/company/strasbourg-eurometropole;Aire de jeux d'eau Oasis
https://www.linkedin.com/company/clermont-metropole;Stade Nautique Pierre-de-Coubertin
https://www.linkedin.com/company/94095780;La Cabane de Mytilus
https://www.linkedin.com/company/parc-de-branfere;Parc animalier et botanique de Branféré
https://www.linkedin.com/company/mairie-de-nogaro;Centre Hospitalier de Nogaro - U.S.L.D.
https://www.linkedin.com/company/cc-vexin-thelle;Plaine des Sports du Vexin-Thelle
https://www.linkedin.com/company/resalib;Eva Patrick
https://www.linkedin.com/company/spl-chambley-madine;Lac de Madine Site de Nonsard
https://www.linkedin.com/company/ville-de-corbas;Parc de Loisirs
https://www.linkedin.com/company/domaine-ecôtelia;Spa Les 5 Sens by EcÔtelia
https://www.linkedin.com/company/capi-agglo;Piscine CAPI Alice Milliat
https://www.linkedin.com/company/departementhauteloire;Les Narces de Chaudeyrolles
https://www.linkedin.com/company/281288;Base Nautique Éric Tabarly
https://www.linkedin.com/company/11748668;Parc de l'Europe
https://www.linkedin.com/company/aquarilis;Aquarilis Paris
https://www.linkedin.com/company/domaine-de-châtonnay;Domaine de Châtonnay
https://www.linkedin.com/company/cerza-parc-des-safaris;CERZA Parc des Safaris
https://www.linkedin.com/company/45333907;Office de Tourisme du Châtillonnais
https://www.linkedin.com/company/dombes-tourisme;Office de Tourisme - Dombes Tourisme
https://www.linkedin.com/company/46937535;Office de tourisme des Hautes Vallées - Bureau de Névache La Clarée
https://www.linkedin.com/company/parenth;Parenthèse Urbaine ? Maison de Beauté Massage Renata França
https://www.linkedin.com/company/fédération-nationale-andré-maginot-siège-paris;Résidence André Maginot
https://www.linkedin.com/company/ch-tel;Châtel Indoor Kids Park
https://www.linkedin.com/company/les-sommets-de-la-vallee;Parc aquatique Sommet Saint-Sauveur
https://www.linkedin.com/company/51028399;Parc naturel régional Périgord-Limousin
https://www.linkedin.com/company/grand-cognac;Piscine de Châteauneuf-sur-Charente - GRAND COGNAC
https://www.linkedin.com/company/oceanadventure;Ocean Adventure : Ecole de Surf Hendaye
https://www.linkedin.com/company/centre-de-l-arche-prh;Centre de l'Arche
https://www.linkedin.com/company/grand-patrimoine-de-loire-atlantique;Château de Châteaubriant
https://www.linkedin.com/company/domaine-de-la-ferrière-châteaubriant-44;Restaurant Domaine De La Ferrière - Châteaubriant
https://www.linkedin.com/company/103386409;Rondin Parc
https://www.linkedin.com/company/sisteronalpesprovencales;Plan d’eau de pigerolles
https://www.linkedin.com/company/fando-carquefou;FAN D'O Aquasports et Fitness Carquefou
https://www.linkedin.com/company/colisée-france;Colisée - EHPAD LE CASTELET NOTRE DAME
https://www.linkedin.com/company/groupeunivi;Résidence EHPAD Le Domaine de la Source UNIVI
https://www.linkedin.com/company/calendly;Jacuzzilib France - Location spa / jacuzzi
https://www.linkedin.com/company/ville-de-grenoble;Piscine Les Dauphins
https://www.linkedin.com/company/safari-de-thoiry;Wow Safari Thoiry
https://www.linkedin.com/company/sportica-gravelines;Sportica
https://www.linkedin.com/company/melloisenpoitou;Piscine d'été de Celles-sur-Belle
https://www.linkedin.com/company/parc-zoologique-d;Zoo d'Amnéville
https://www.linkedin.com/company/spl-moselle-nord-plaisance;Base de loisirs de Nautic'Ham
https://www.linkedin.com/company/walibibelgium;Aqualibi
https://www.linkedin.com/company/saint-nazaire-agglomeration-tourisme;Sous-marin Espadon
https://www.linkedin.com/company/11228874;Piscine de la Bouletterie
https://www.linkedin.com/company/les-bains-de-lavey-sa;Les Bains de Lavey
https://www.linkedin.com/company/parc-de-la-vallee;Parc de la Vallée
https://www.linkedin.com/company/l-hirondelle-centre-de-soins-pour-animaux-sauvages;L'hirondelle Centre de soins pour animaux sauvages
https://www.linkedin.com/company/fraispertuis-city;Fraispertuis-City
https://www.linkedin.com/company/somagaz;HPT-ATEX Organisme de formations
https://www.linkedin.com/company/lde;Atelier Javadhou
https://www.linkedin.com/company/département-de-la-charente;Centre de santé Départemental
https://www.linkedin.com/company/legresivaudan;Base de loisirs intercommunale - Lac de La Terrasse
https://www.linkedin.com/company/aftral;AFTRAL Angers
https://www.linkedin.com/company/cepie-concept;CEPIE CONCEPT
https://www.linkedin.com/company/smia;SMIA - centre de Saint-Sylvain-d'Anjou (Verrières-en-Anjou)
https://www.linkedin.com/company/wefit-club;Wefit.club Verrières-en-Anjou
https://www.linkedin.com/company/agglolenslievin;Parc des Cytises
https://www.linkedin.com/company/10162069;Esplanade Jean-Claude Asphe
https://www.linkedin.com/company/châteaubas;Château Bas
https://www.linkedin.com/company/33520180;Gliss'On
https://www.linkedin.com/company/l-orange-bleue-france;l'Orange bleue Wellness
https://www.linkedin.com/company/cal-com;La Calicée | Massages Bien-Être & Formation Reiki LaHoChi-Ashati
https://www.linkedin.com/company/termas-caldelas;Caldelas Spa
https://www.linkedin.com/company/termasdeluso;TERMAS DE LUSO
https://www.linkedin.com/company/sana-hotels;SAYANNA Wellness & Spa - EPIC SANA Lisboa
https://www.linkedin.com/company/68120751;TERRA HEAL · Massage & Holistic Spa Lisbon
https://www.linkedin.com/company/topspaconsultants;BSpa by Karin Herzog
https://www.linkedin.com/company/olissippo-hotels;Lapa Spa by Elemis (in Olissippo Lapa Palace)
https://www.linkedin.com/company/azorishotels;Restaurante Varanda da Horta
https://www.linkedin.com/company/corinthiahotels;The Spa by Corinthia Lisbon
https://www.linkedin.com/company/ap-hotels-and-resorts;Spa do Lago - Montargil
https://www.linkedin.com/company/gruposolverde;Hotel Solverde Spa & Wellness Center
https://www.linkedin.com/company/hoteldomgoncalo;Dom Gonçalo Hotel & Spa Fatima
https://www.linkedin.com/company/axishoteis;Axis Viana Business & SPA Hotel
https://www.linkedin.com/company/ridesurfresort;RIDE Surf Resort & Spa - Surfcamp - Hotel Peniche Portugal - Baleal
https://www.linkedin.com/company/acevi-hotels;Hotel Spa Acevi Val d'Aran
https://www.linkedin.com/company/hotels-la-villa;Hôtel & Spa La Villa Port d'Antibes
https://www.linkedin.com/company/belmar-spa-beach-resort;Belmar Spa & Beach Resort
https://www.linkedin.com/company/espace-thermal;Espace Thermal
https://www.linkedin.com/company/mondorf-domaine-thermal;Mondorf Domaine Thermal - Les Thermes
https://www.linkedin.com/company/bcw-hotels-resorts;Dorint Thermenhotel Freiburg
https://www.linkedin.com/company/thermisure;THERMISURE
https://www.linkedin.com/company/château-des-thermes;Le Château des Thermes
https://www.linkedin.com/company/dana-incorporated;Thermal Products France
https://www.linkedin.com/company/thelincehotelsresorts;The Lince Ecorkhotel Évora
https://www.linkedin.com/company/art-and-soul-group;Évora Olive Hotel
https://www.linkedin.com/company/hotel-aires-da-serra;Aires da Serra Hotel
https://www.linkedin.com/company/montebelo-hotels-;Montebelo Viseu Congress Hotel
https://www.linkedin.com/company/bensaudehotels;NEAT Hotel Avenida
https://www.linkedin.com/company/piamontehotels;Ribeira Collection Hotel by Piamonte Hotels
https://www.linkedin.com/company/ingoldhotel;In Gold Hotel & Spa
https://www.linkedin.com/company/vila-foz-hotel-spa;Vila Foz Hotel & Spa
https://www.linkedin.com/company/52082871;Benavente Vila Hotel
https://www.linkedin.com/company/onyria-golf-resorts;Onyria Quinta da Marinha Hotel
https://www.linkedin.com/company/editoryhotels;Hotel Flôr de Sal
https://www.linkedin.com/company/porto-bay-hotels-resorts;Hotel PortoBay Serra Golf
https://www.linkedin.com/company/grupo-pbh;VidaMar Resort Hotel Madeira
https://www.linkedin.com/company/boticas-hotel-art-spa;Boticas Hotel Art & Spa
https://www.linkedin.com/company/hoti-hoteis;Hotel Star inn Peniche
https://www.linkedin.com/company/mh-hotels;Hotel MH Peniche
https://www.linkedin.com/company/quinta-do-paral;Quinta do Paral - The Wine Hotel
https://www.linkedin.com/company/jupiterhotelgroup;Jupiter Albufeira Hotel - Family & Fun
https://www.linkedin.com/company/victor;Victor's Residenz-Hotel Schloss Berg
https://www.linkedin.com/company/tapnico;Monte Sereno | Luxury Villa Hotel
https://www.linkedin.com/company/relaisdesplateaux;Relais des Plateaux Hotel & Spa
https://www.linkedin.com/company/opensmjle;Hotel Palmenwald Schwarzwaldhof
https://www.linkedin.com/company/hotel-am-triller;Hotel Am Triller
https://www.linkedin.com/company/whitbread;Premier Inn Saarbrücken City Centre Hotel
https://www.linkedin.com/company/noemys-residences-hotels;Logis Hotel Noemys Morgon
https://www.linkedin.com/company/van-der-valk-congres-spa-hotel-mons;Van der Valk Hotel Mons Congrès & Spa
https://www.linkedin.com/company/astra-hotel-vevey;Astra Hotel Vevey 4* (Montreux Riviera Lavaux)
https://www.linkedin.com/company/eskale;Hôtel restaurant Human Hotel
https://www.linkedin.com/company/soho-boutique-hotels;Hotel ITC Sevilla by Soho Boutique
https://www.linkedin.com/company/monte-carlo-sbm---soci-t-des-bains-de-mer;Monte-Carlo Bay Hotel & Resort
https://www.linkedin.com/company/meili-selection;Hotel Seehof
https://www.linkedin.com/company/hôtel-restaurant-les-genêts;Hotel Les Genets
https://www.linkedin.com/company/arrecife-gran-hotel-spa;Arrecife Gran Hotel & Spa
https://www.linkedin.com/company/nextahotels;Hotel Oros
https://www.linkedin.com/company/hotelbordeauxbestwesternplusbayonneetcheona;Best Western Premier Hotel Bordeaux Bayonne Etche-Ona
https://www.linkedin.com/company/omid-saldanha-hotel;OMID Boutique Hotel
https://www.linkedin.com/company/lakegenevahotel;Lake Geneva Hotel
https://www.linkedin.com/company/eurostars-hotel-company;Hotel Exe Oviedo Centro
https://www.linkedin.com/company/mystoryhotels;MS Aparthotel
https://www.linkedin.com/company/oyo-rooms;Sunday Hotel Saarbruecken Sued
https://www.linkedin.com/company/wuau-surprising-hotels-andorra;Wuau! Hotel Galanthus & Spa
https://www.linkedin.com/company/boisdarlon;Hotel du Bois d'Arlon
https://www.linkedin.com/company/s-b-hoteles;Hotel SB Express Tarragona
https://www.linkedin.com/company/hotel-augusta-vallès;Hotel Augusta Vallès
https://www.linkedin.com/company/maritim;Maritim Hotel Köln
https://www.linkedin.com/company/44513219;Best Western The Hotel Versailles
https://www.linkedin.com/company/legere-hotelgroup;Légère Hotel Luxembourg
https://www.linkedin.com/company/van-der-valk-hotel-antwerpen;Van der Valk Hotel Antwerp
https://www.linkedin.com/company/grupo-mas-farre;Hotel MasMonzón
https://www.linkedin.com/company/windsor-hoteis;Windsor Martinique Copacabana Hotel
https://www.linkedin.com/company/all-accorlivelimitless;Hotel Mercure Han-sur-Lesse
https://www.linkedin.com/company/lodges-hotel-morges;Lodges Hotel Morges
https://www.linkedin.com/company/la-pagerie-martinique;La Pagerie - Tropical Garden Hotel
https://www.linkedin.com/company/abba-hotels;Hotel Babot
https://www.linkedin.com/company/one-shot-hotels;Hotel One Shot Aliados Goldsmith 12
https://www.linkedin.com/company/bwh-hotelgroup-ce;Best Western Hotel Trier City
https://www.linkedin.com/company/les-aubergistes-lyonnais;Chalet Hotel Gai Soleil
https://www.linkedin.com/company/gaia-hotel;GAIA Hotel Basel
https://www.linkedin.com/company/vinha-boutique-hotel;Vinha Boutique Hotel
https://www.linkedin.com/company/soko-hotels-pont-du-gard;Soko Hotels - Pont du Gard
https://www.linkedin.com/company/santamariabriones;Hotel Santa María Briones
https://www.linkedin.com/company/elba-hoteles;Elba Estepona Gran Hotel & Thalasso Spa
https://www.linkedin.com/company/amenitiz;LA KANTINE RESTAURANT-TRAITEUR - HOTEL LES VOYAGEURS
https://www.linkedin.com/company/hotel-costa-calero;Hotel Costa Calero Talaso & Spa
https://www.linkedin.com/company/capo-rosso---camilli-et-ollivier;Hotel Capo Rosso - Restaurant Le Neptune
https://www.linkedin.com/company/yomohotels;Hotel Yomo Cèntric
https://www.linkedin.com/company/van-der-valk-luxembourg;Van der Valk Hotel Luxembourg-Arlon
https://www.linkedin.com/company/hotel-aparthotel-alize-mouscron;Hotel & Aparthotel Alizé Mouscron
https://www.linkedin.com/company/hôteldeparis-bestwestern;Best Western Hotel de Paris
https://www.linkedin.com/company/easyhotel-limited;easyHotel Paris-Charles de Gaulle
https://www.linkedin.com/company/hoteldefrance;Hotel de France
https://www.linkedin.com/company/dolanhotels;Hotel Cristina
https://www.linkedin.com/company/pacheca-group;Quinta São José do Barrilário - Douro Wine Hotel & Spa
https://www.linkedin.com/company/boutique-hotel-vivenda-miranda;Boutique Hotel Vivenda Miranda
https://www.linkedin.com/company/olissippo-lapa-palace;Olissippo Lapa Palace Hotel
https://www.linkedin.com/company/ria-park-hotels;Ria Park Hotel & Spa
https://www.linkedin.com/company/hoteis-real-portugal;Grande Real Santa Eulalia Resort & Hotel Spa
https://www.linkedin.com/company/boa-hotels;Village Aparthotel by BOA
https://www.linkedin.com/company/18528180;TURIM Oporto Hotel
https://www.linkedin.com/company/ciprotur-hotel-group;Antillia Hotel
https://www.linkedin.com/company/neya-hotels;NEYA Lisboa Hotel
https://www.linkedin.com/company/roz-marine-thalasso-perros;Roz Marine Thalasso
https://www.linkedin.com/company/clevacances;Gite eco-responsable - accueil de groupes
https://www.linkedin.com/company/oléla;Camping Signol
https://www.linkedin.com/company/siblu;Mer et Soleil - Camping Siblu
https://www.linkedin.com/company/sas-camping-le-floride;Camping Le Floride - Ciela Village
https://www.linkedin.com/company/msvacances;Camping Club Les Tourterelles - MS Vacances
https://www.linkedin.com/company/clicochic;Camping Clicochic - Chancia
https://www.linkedin.com/company/l;L'Orangerie de Lanniron - camping Sunêlia
https://www.linkedin.com/company/s;Camping Acapulco - Village Club Sun Marina - 5 étoiles
https://www.linkedin.com/company/parkbridge;Camping Alouette | Camping VR et chalets Parkbridge
https://www.linkedin.com/company/camping-bretagne-le-cabellou-plage;Camping Bretagne Le Cabellou Plage 5 étoiles - Concarneau - Finistère
https://www.linkedin.com/company/holidu;Camping Coeur d'Ardèche - Mobilhome 7 personnes - Cottage Confort 29 m² . Lave vaisselle + TV 5/7 pers
https://www.linkedin.com/company/camping-le-gouffre-de-la-croix;Camping Gouffre de la Croix
https://www.linkedin.com/company/11188460;Camping La Beaumette
https://www.linkedin.com/company/yelloh-village;Camping Yelloh Village La Plaine
https://www.linkedin.com/company/campings-saint-jean-de-monts;Camping le Tropicana
https://www.linkedin.com/company/homair;Camping Homair - Parc des Roches
https://www.linkedin.com/company/boaz-concept;Aquaglide - Distributeur officiel
https://www.linkedin.com/company/aquatic-bezançon;Aquatic' Bezançon | Azay-sur-Indre
https://www.linkedin.com/company/destination-aquatique;Destination Aquatique : Portail des Etablissements de Bassins Aquatiques en France
https://www.linkedin.com/company/haute-provence-outdoor;HPO - Point départ Rafting et Rando Aqua
https://www.linkedin.com/company/museum-aquarium-de-nancy;Muséum-Aquarium de Nancy
https://www.linkedin.com/company/commune-de-autrans-meaudre-en-vercors;Piscine Aqualoisirs d'Autrans
https://www.linkedin.com/company/bartaccia-hotel;Bartaccia Hôtel
https://www.linkedin.com/company/bw-hotel-de-robien;Best Western Plus Hôtel de Robien
https://www.linkedin.com/company/chalet-royalp-hôtel-and-spa;Chalet RoyAlp Hôtel & Spa
https://www.linkedin.com/company/le-château-de-la-rozelle;Chateau de la Rozelle Hôtel
https://www.linkedin.com/company/chateau-du-theil;Château du Theil - Hôtel Restaurant
https://www.linkedin.com/company/epona-hotel;Epona Hôtel Sens
https://www.linkedin.com/company/beau-rivage-palace-lausanne;Hôtel Beau-Rivage Palace
https://www.linkedin.com/company/pole-hotelier-groupe-mace-hotel-boucan-canot-hotel-les-creoles;Hôtel Boucan Canot
https://www.linkedin.com/company/hotel-bristol-caen;Hôtel Bristol Caen
https://www.linkedin.com/company/hôtel-château-tilques;Hôtel Château Tilques
https://www.linkedin.com/company/cote-garonne-le-balcon-des-dames;Hôtel Coté Garonne - restaurant Le Balcon des Dames Tonneins
https://www.linkedin.com/company/85920797;Hôtel Dame des Arts
https://www.linkedin.com/company/hôtel-de-la-beauronne;Hôtel de la Beauronne
https://www.linkedin.com/company/la-sorelle-golf-hotel-restaurant;Hôtel de La Sorelle
https://www.linkedin.com/company/caronpiscines;PISCINES CARON
https://www.linkedin.com/company/generation-piscine;Piscinistes Associés-Génération Piscine Indre
https://www.linkedin.com/company/dreux-agglomeration;Plan d'eau de Mézières-Écluzelles
https://www.linkedin.com/company/kalyspa;POOLCO
https://www.linkedin.com/company/île-de-loisirs-le-port-aux-cerises;Port aux Cerises Espaces Nature Loisirs
https://www.linkedin.com/company/rs-piscines5335;RS PISCINES - PISCINES ET SPAS - 53 - 35
https://www.linkedin.com/company/ville-de-sainte-marie-la-mer;Sainte Marie La Mer
https://www.linkedin.com/company/42883592;Sapphire Spas Lyon - Showroom Lyon Est
https://www.linkedin.com/company/savpluslethillot;SAV PLUS - INDA - SAMO - JEDO - MEGIUS - KOLLER - HUBER - ALPI - SIREM
https://www.linkedin.com/company/sarl-pbe;SO EAU - Pisciniste
https://www.linkedin.com/company/94215696;Spas And Co
https://www.linkedin.com/company/le-sporting-vichy;Sporting Pool - Sporting Vichy
https://www.linkedin.com/company/mairie-de-drancy;Stade Nautique de Drancy
https://www.linkedin.com/company/ville-de-gap;Stade nautique de Fontreyne
https://www.linkedin.com/company/villedetoulon;Stade Nautique du Port Marchand
https://www.linkedin.com/company/lozere-tourisme;Via Ferrata du Malzieu
https://www.linkedin.com/company/walter-pool;Walter Pool
https://www.linkedin.com/company/agx-concept;WAT'BOX BY AGX CONCEPT
https://www.linkedin.com/company/elsan;?? Clinique Saint-Orens - ELSAN
https://www.linkedin.com/company/yoga-terre-happy;Yoga & Terre Happy
https://www.linkedin.com/company/vithalia;Vithalia
https://www.linkedin.com/company/33279202;Via Ferrata du Parc Thermal
https://www.linkedin.com/company/t-management-sas;TERRAPPINESS Coaching - Formation - Bilan de compétences
https://www.linkedin.com/company/oti-archipel-de-thau;Station Balnéaire de Frontignan-Plage
https://www.linkedin.com/company/echirolles;Stade Nautique d'Échirolles
https://www.linkedin.com/company/ville-d-ozoir-la-ferrière;Stade de la Verrerie
https://www.linkedin.com/company/croix-rouge-fran-aise;SOINS MEDICAUX ET DE READAPTATION AUGUSTA PRIAULT Croix-Rouge francaise
https://www.linkedin.com/company/louis-pasteur-sante;SMR Les Elieux
https://www.linkedin.com/company/104035045;Simon Guillemont – EARTH Sérénité & Vitalité
https://www.linkedin.com/company/klapty;Sentier du littoral par Ault
https://www.linkedin.com/company/satoriz;Satoriz
https://www.linkedin.com/company/hopitalprive-tzanck;Pôle de Soins de Suite et de Réadaptation Saint Basile
https://www.linkedin.com/company/departement-de-la-loire-atlantique;Plan d'eau de la Mine d'Abbaretz
https://www.linkedin.com/company/aube-en-champagne-tourisme;Plage de Mesnil Saint Père
https://www.linkedin.com/company/grimaud-tourisme;Plage de l'Escalet
https://www.linkedin.com/company/mairie-de-la-croix-valmer;Plage d’Héraclée
https://www.linkedin.com/company/sqy78;Piscine Salvador Allende
https://www.linkedin.com/company/station-isola-2000;Piscine municipale d'Isola 2000
https://www.linkedin.com/company/lemeesurseine;Piscine Municipale de Mée-sur-Seine
https://www.linkedin.com/company/ville-d-allauch;Piscine municipale Allauch
https://www.linkedin.com/company/ville-de-gaillac;Piscine Municipale (Ville de Gaillac)
https://www.linkedin.com/company/vienne-condrieu-agglomération;Piscine Lucien Millet
https://www.linkedin.com/company/communauté-de-communes-du-haut-poitou;Piscine intercommunale de Neuville
https://www.linkedin.com/company/valdedrome;Piscine intercommunale de Loriol-sur-Drôme
https://www.linkedin.com/company/arc-sud-bretagne;Piscine des Métairies
https://www.linkedin.com/company/aixenprovencetourism;Piscine de l'Oliveraie
https://www.linkedin.com/company/appointy-global;PINTHONG Thaï massage Aix-en-Provence
https://www.linkedin.com/company/giphar;PHARMACIE DES HALLES
https://www.linkedin.com/company/hellopharmacie;PHARMACIE CENTRALE - HELLO PHARMACIE
https://www.linkedin.com/company/passionbeautefrance;Passion Beauté Parfumerie Institut
https://www.linkedin.com/company/parc-oriental-de-maulevrier;Parc Oriental de Maulévrier
https://www.linkedin.com/company/parc-naturel-r;Parc Naturel Régional des Marais du Cotentin et du Bessin
https://www.linkedin.com/company/longjumeau;Parc Nativelle
https://www.linkedin.com/company/conservatoire-despaces-naturels-des-hauts-de-france;Parc des Bruyères
https://www.linkedin.com/company/ville-de-marseille;Parc de la Ravelle
https://www.linkedin.com/company/73213522;Origaïa
https://www.linkedin.com/company/moment-massage;Moment Massage
https://www.linkedin.com/company/cmaic;MIST Normandie Banneville-La-Campagne - Santé au Travail
https://www.linkedin.com/company/canva;Mauriciane Harmonie
https://www.linkedin.com/company/massagesmonde-entreprise;Massages Monde - Détente sportive et/ou holistique
https://www.linkedin.com/company/13048829;Maison du Parc
https://www.linkedin.com/company/100928393;Lunesens
https://www.linkedin.com/company/hammams-les-cent-ciels;Les Cent Ciels - Bains & Hammam
https://www.linkedin.com/company/thermsanit-groupe;LE GRAND BAIN - Groupe Therm Sanit
https://www.linkedin.com/company/paage-official;LATITUDES POSITIVES constellations familiales
https://www.linkedin.com/company/l-appart-fitness;L'Appart Fitness - salle de sport Vannes
https://www.linkedin.com/company/conservatoire-d-espaces-naturels-de-nouvelle-aquitaine;Landes et carrières de Guizengeard
https://www.linkedin.com/company/l'adapt;LADAPT Nord - Etablissement SMR - Les Abeilles
https://www.linkedin.com/company/semdesbauges-lesaillonsmargeriaz;L'AccroTyro des Géants : parcours d'accrobranche et tyroliennes
https://www.linkedin.com/company/la-pista-padel-club;La Pista Padel Club
https://www.linkedin.com/company/ville-de-neuilly-sur-seine;La Piscine Neuilly Multisports
https://www.linkedin.com/company/ville-de-brive;La Piscine Municipale de Brive la Gaillarde
https://www.linkedin.com/company/klafs-grand-est;Klafs Sauna
https://www.linkedin.com/company/enseigne-keep-cool;Keepcool Schweighouse
https://www.linkedin.com/company/ville-d-abbeville;Jardin d'Émonville
https://www.linkedin.com/company/monte-carlo-societe-des-bains-de-mer;INFRACAB'IN
https://www.linkedin.com/company/f-d-ration-hospitali-re-de-france;Hopital de nontron
https://www.linkedin.com/company/helyans;Helyans | Centre de Soins Médicaux et Réadaptation (SMR) Le Bodio
https://www.linkedin.com/company/ville-chatenaymalabry;Gymnase Pierre Bérégovoy
https://www.linkedin.com/company/greenhouse-sport-nutrition;Greenhouse Sport & Nutrition
https://www.linkedin.com/company/mediprix;GRANDE PHARMACIE AMBERIEU CENTRE MEDIPRIX
https://www.linkedin.com/company/grandbains;Grandbains Vienne (Reventin Vaugris)
https://www.linkedin.com/company/15158644;Golf du Château de Raray
https://www.linkedin.com/company/centre-sportif-espace-1000-sources;Espace 1000 Sources
https://www.linkedin.com/company/energiness-club;Energiness Ecommoy - Salle de sport et Centre de remise en forme
https://www.linkedin.com/company/elanciafrance;Elancia | ANDREZIEUX
https://www.linkedin.com/company/piau-engaly;EDENEO - Centre Balnéo
https://www.linkedin.com/company/domaine-du-golf-d-albon;Domaine Golf Albon
https://www.linkedin.com/company/derwellzentouch;Derwell zen touch
https://www.linkedin.com/company/mea-esthetique;Dépil Plus Rouen Isneauville
https://www.linkedin.com/company/cryodanjou-caen;Cryo Danjou - Cryothérapie Cryolipolyse Flottaison Caen
https://www.linkedin.com/company/villedelinas;Cosom de Linas
https://www.linkedin.com/company/ville-de-metz;Complexe Sportif Saint-Symphorien - Palais des sports
https://www.linkedin.com/company/28624985;"Clinique de réadaptation Midi-Gascogne - ""Au cœur de Beaumont"""
https://www.linkedin.com/company/isle-verte-sport-nature-hébergement;Centre Sportif Isle Verte de Soustons
https://www.linkedin.com/company/centre-roosevelt-argonay-aquaform;Centre Roosevelt Argonay
https://www.linkedin.com/company/communauté-d-agglomération-du-grand-sénonais;Centre nautique Pierre Toinot
https://www.linkedin.com/company/cc-bugey-sud;Centre Nautique Belley
https://www.linkedin.com/company/groupe-sos;Centre Médical La Source (Groupe SOS - Santé)
https://www.linkedin.com/company/centreheleneborel;Centre Hélène Borel
https://www.linkedin.com/company/sarl-centre-h2e;Centre H2E
https://www.linkedin.com/company/elan-retrouv-;Centre Gilbert Raby
https://www.linkedin.com/company/groupe-ahnac;Centre de Réadaptation Les Hautois
https://www.linkedin.com/company/communauté-de-communes-terre-d-auge;Centre de loisirs Mil'Couleurs - Terre d'Auge
https://www.linkedin.com/company/ville-de-fagnieres;centre de loisirs - CLSH Fagnières
https://www.linkedin.com/company/villeanglet;Centre Culturel et Sportif El Hogar - Direction des Sports
https://www.linkedin.com/company/carea-sport;CAREA ? Kiné du sport, Balnéothérapie et Ostéopathe à Paris 14
https://www.linkedin.com/company/pasori-reeducation;C.R.F. Pasori
https://www.linkedin.com/company/bodyaddiction;Body addiction Alençon
https://www.linkedin.com/company/be-oma;BeOMA - Centre d'Épilation Laser, Détatouage et médecine esthétique Biarritz
https://www.linkedin.com/company/grenoble-alpes-metropole;Base de loisirs du Bois Français
https://www.linkedin.com/company/saniteo;Balneo France
https://www.linkedin.com/company/anjou-sport-nature;Anjou Sport Nature - Combrée
https://www.linkedin.com/company/parc-d-attractions-le-fleury;Le Fleury
https://www.linkedin.com/company/ynao-head-spa;YNAO
https://www.linkedin.com/company/smartagenda-fr;LaserOstop - Guadeloupe - Centre anti tabac
https://www.linkedin.com/company/happybeauty;Happy Beauty Raizet - Institut de Beauté Guadeloupe
https://www.linkedin.com/company/cc-pays-des-achards;Communauté de Communes du Pays des Achards
https://www.linkedin.com/company/funparcbrumath;Fun Parc Brumath - Parc de loisirs
https://www.linkedin.com/company/enjoy-the-game;Enjoy the Game Gravelines
https://www.linkedin.com/company/zenora;Zenora - bien-être en entreprise
https://www.linkedin.com/company/centre-le-talisman;Centre le Talisman - location d'espaces professionnels - Niort
https://www.linkedin.com/company/direction-g-n-rale-des-finances-publiques;Centre des Finances publiques- Service de gestion comptable
https://www.linkedin.com/company/apollo-3s;Centre APOLLO 3S
https://www.linkedin.com/company/office-de-tourisme-lac-aiguebelette;Office de Tourisme Lac d'Aiguebelette
https://www.linkedin.com/company/jotform;Massage Mazamétain Relaxant
https://www.linkedin.com/company/billetweb;Glow center
https://www.linkedin.com/company/office-de-tourisme-de-la-grande-plagne;La Plagne - Montalbert | Office de Tourisme
https://www.linkedin.com/company/hopitalnovo95;Hôpital NOVO – Site d’Aincourt
https://www.linkedin.com/company/zoomarinealgarve;Aquasplash
https://www.linkedin.com/company/13993250;Parque Desportivo Municipal de Oliveira do Bairro
https://www.linkedin.com/company/53267705;DVD Group - Produtos de Cabelo Profissional
https://www.linkedin.com/company/sns24lx;Health Center
https://www.linkedin.com/company/munic;Termas de Amarante
https://www.linkedin.com/company/lpnatureza;Centro de Educação Ambiental Vale Gonçalinho
https://www.linkedin.com/company/decathlon-group;Decathlon Montijo
https://www.linkedin.com/company/theindependentecollective;Aura Spa
https://www.linkedin.com/company/estoril-wellness-center;Estoril Wellness Center
https://www.linkedin.com/company/holmes-place;Holmes Place Cascais
https://www.linkedin.com/company/oeiras-viva-e-m;Piscina Oceânica de Oeiras
https://www.linkedin.com/company/desmor-em-sa-;Complexo de Piscinas de Rio Maior
https://www.linkedin.com/company/solinca-health-;Solinca Viana Do Castelo
https://www.linkedin.com/company/bacalhôa-vinhos-de-portugal;Buddha Eden Garden of Peace
https://www.linkedin.com/company/termasdechaves;Termas de Chaves / Complexo Termal Aquae Salutem
https://www.linkedin.com/company/municipio-de-coimbra;Mondego Green Park
https://www.linkedin.com/company/placejoys;O Chafariz
https://www.linkedin.com/company/domaine-national-de-chambord;Château de Chambord
https://www.linkedin.com/company/la-cit-de-la-mer;La Cité de la Mer
https://www.linkedin.com/company/ouistreham-riva-bella;Centre d'Activités Nautiques de Ouistreham Riva-Bella
https://www.linkedin.com/company/25765517;AQUATEC Europe
https://www.linkedin.com/company/la-vallée-des-korrigans;La Vallée des Korrigans
https://www.linkedin.com/company/trampojump;Trampo Jump - Bruay-la-Buissière
https://www.linkedin.com/company/paris-country-club;Paris Country Club
https://www.linkedin.com/company/webzine-voyage;Plan d'eau de Sainte-Croix-Volvestre
https://www.linkedin.com/company/la-ferme-des-baleines;La Ferme des Baleines
https://www.linkedin.com/company/communauté-de-communes-du-pays-d;Centre Aquatique Jean Blanchet
https://www.linkedin.com/company/kingoland;Kingoland Parc d'Attractions
https://www.linkedin.com/company/100-loisirs26;100% Loisirs
https://www.linkedin.com/company/parc-de-la-coccinelle;Parc de La Coccinelle
https://www.linkedin.com/company/ght-armor-groupement-hospitalier-de-territoire;Centre Hospitalier de Lannion-Trestel - Centre de Rééducation et de Réadaptation de Trestel
https://www.linkedin.com/company/plopsa---studio-100;Plopsaqua De Panne
https://www.linkedin.com/company/mulhouse-alsace-agglom;Piscine de l'Illberg
https://www.linkedin.com/company/51512238;Jardin des Cinq Sens
https://www.linkedin.com/company/ville-de-yutz;Aéroparc Yutz
https://www.linkedin.com/company/equivalenza;Parfumerie Equivalenza Yffiniac
https://www.linkedin.com/company/crenolibre;A G massages bien être.
https://www.linkedin.com/company/gaiamadagascar;Le Centre de Gaïa
https://www.linkedin.com/company/ville-de-xertigny;Base de Loisirs des Woodies
https://www.linkedin.com/company/centre-oxyzen;Oxyzen
https://www.linkedin.com/company/powerful68;Institut Powerful
https://www.linkedin.com/company/xperiencepark;XPERIENCE PARK
https://www.linkedin.com/company/linkedin-com-sublim-garden;Sublim Garden - Pisciniste 68
https://www.linkedin.com/company/peintea;PEINTEA Wissous
https://www.linkedin.com/company/nausicaa-centre-national-de-la-mer;Nausicaa Centre National De La Mer
https://www.linkedin.com/company/villa-rené-lalique;Hotel Villa René Lalique
https://www.linkedin.com/company/autopcotedopale;Bureau d'Information Touristique de Wimereux
https://www.linkedin.com/company/crefo;CREFO Wimereux
https://www.linkedin.com/showcase/tohi-kéal-sensory-head-spa;Tohi Kéal - Sensory Head Spa
https://www.linkedin.com/company/les-grandes-sources-de-wattwiller;Les Grandes Sources de Wattwiller
https://www.linkedin.com/company/ght-coeur-grand-est;Centre hospitalier de Wassy - EHPAD Saint-Charles
https://www.linkedin.com/company/chausson-materiaux;Chausson Matériaux
https://www.linkedin.com/company/regenair;REGENAIR - Centre esthétique et épilation laser à Marcq-en-Barœul
https://www.linkedin.com/company/ville-de-marcq-en-baroeul;La Ferme aux Oies
https://www.linkedin.com/company/93350231;SoSweet
https://www.linkedin.com/company/dometviesiege;DOMetVIE Haut-Rhin Sud
https://www.linkedin.com/company/dock-79-parc-de-loisirs;Dock 79 - parc de loisirs multi-activités
https://www.linkedin.com/company/botanic;botanic Vivier-au-Court
https://www.linkedin.com/company/ville-de-saint-yrieix-sur-charente;Plan d'Eau de La Grande Prairie
https://www.linkedin.com/company/stephaniecastan-massage;Stéphanie Castan Massage Bien-être et Massage Assis
https://www.linkedin.com/company/bni-grand-poitiers-envol;A Contre-Courant - Carole COURANT - Centre Bien Être
https://www.linkedin.com/company/tourisme-en-haut-poitou;Tourisme en Haut-Poitou - Vouillé
https://www.linkedin.com/company/château-du-clos-de-vougeot;Château du Clos de Vougeot
https://www.linkedin.com/company/vaniala-naturalspa;Vaniala Spa Mandrosoa Ivato
https://www.linkedin.com/company/pays-voironnais;Piscine de Coublevie
https://www.linkedin.com/company/85098210;Détente & Harmonie
https://www.linkedin.com/company/11798397;Centre Sportif du Renon
https://www.linkedin.com/company/boudewijn-seapark;Bobo’s AquaSplash
https://www.linkedin.com/company/artisansartipole;ARTIPOLE BAIN et CARRELAGE - VOIVRES
https://www.linkedin.com/company/plateforme-alliance-pr;Alliance PR
https://www.linkedin.com/company/massodeep;massodeep massage bien-être
https://www.linkedin.com/company/fédération-française-de-massage-bien-etre;Liberyl Bien-Être
https://www.linkedin.com/company/cc-chavanon-combrailles-et-volcans;Maison archéologique des Combrailles
https://www.linkedin.com/company/chs-de-la-savoie;Centre Médico Psychologique (CMP) Adultes
https://www.linkedin.com/company/veolia-assainissement-maintenance;SARP CENTRE EST CHAMBERY
https://www.linkedin.com/company/hôtel-restaurant-le-caballin;Le Caballin
https://www.linkedin.com/company/edf;Centrale hydroélectrique
https://www.linkedin.com/company/commune-de-viviers;Piscine de Viviers
https://www.linkedin.com/company/blockoutofficiel;Block'Out Vitrolles
https://www.linkedin.com/company/office-de-tourisme-du-pays-de-vitré;Office de Tourisme du Pays de Vitré
https://www.linkedin.com/company/plantes-;MANUFACTURE & INSTITUT AGAPÉ
https://www.linkedin.com/company/arbo-concept-piscines-magiline;Arbo Concept - Piscines Magiline Blois
https://www.linkedin.com/company/loisirs-loire-valley;Loisirs Loire Valley
https://www.linkedin.com/company/physio-extra;PhysioExtra Vimont
https://www.linkedin.com/company/vigisante;CHSLD Vigi L'Orchidée blanche
https://www.linkedin.com/company/la-clinique-du-monde;La Clinique du Monde
https://www.linkedin.com/company/pre-bocage-intercom;Pôle de Santé Intercommunal de Villers-Bocage
https://www.linkedin.com/company/adh-paysages-paysagiste-et-pisciniste;ADH Piscines & Paysages Vendôme
https://www.linkedin.com/company/communaute-emmaus-de-la-mayenne;Emmaüs de la Mayenne et du Castelbriantais
https://www.linkedin.com/company/nomad-et-sens;Nomad & Sens
https://www.linkedin.com/company/11415695;Maman et Moi Massage
https://www.linkedin.com/company/cap-natura;CAP NATURA - Centre de Bien-Être Lyon
https://www.linkedin.com/company/etablissement-public-du-parc-et-de-la-grande-halle-de-la-villette;La Villette
https://www.linkedin.com/company/val-de-garonne-tourisme;Office de Tourisme du Val de Garonne
https://www.linkedin.com/company/lacourneuve;Centre Sportif et Piscine Béatrice Hess
https://www.linkedin.com/company/mairie-de-villetaneuse;Parc Carnot
https://www.linkedin.com/company/roseup-association;Maison RoseUp Paris
https://www.linkedin.com/company/inDeauville;Villers-sur-mer Tourisme
https://www.linkedin.com/company/afpa;Afpa - Centre de Creil
https://www.linkedin.com/company/giropharm;Pharmacie Greco
https://www.linkedin.com/company/salagoucoeurdherault;Centre Aquatique du Clermontais
https://www.linkedin.com/company/societe-du-parc-jean-drapeau;Complexe aquatique du parc Jean-Drapeau
https://www.linkedin.com/company/office-de-tourisme-de-montpellier;Plage naturelle de Maguelone
https://www.linkedin.com/company/rochersdemaguelone;Les Rochers de Maguelone
https://www.linkedin.com/company/hostellerie-du-chapeau-rouge;Espace Bien-être Chapeau Rouge
https://www.linkedin.com/company/93079986;Anne-Cécile Aguirre - Prémices Thérapies - Drainage Lymphatique Renata Franca - Massage - Sophrologie - Val de Marne
https://www.linkedin.com/company/89601637;Anyma - Centre de bien-être
https://www.linkedin.com/company/pyrenees-orientales-tourisme-agence-de-developpement-touristique;Lac de Villeneuve-de-la-Raho
https://www.linkedin.com/company/vital;Centre de Soins Vitaléo
https://www.linkedin.com/company/reseau31;Réseau31 | Centre d'exploitation de Villemur-sur-Tarn (SMEA)
https://www.linkedin.com/company/10587302;Onet Technologies Formation
https://www.linkedin.com/company/centre-hospitalier-de-villefranche-de-rouergue;Centre Hospitalier
https://www.linkedin.com/company/sauna-dôme;Holicare
https://www.linkedin.com/company/robine-energies-bien-etre;Robine Energies & Bien-être
https://www.linkedin.com/company/eauxdevienne;Centre Eaux de Vienne - Siveer
https://www.linkedin.com/company/lespritpiscine;Jardinerie Berjamin
https://www.linkedin.com/company/centre-hospitalier-de-saumur;Centre Hospitalier de Saumur Longué-Jumelles
https://www.linkedin.com/company/agglopolys;Pataugeoire du Parc des Mées
https://www.linkedin.com/company/villelagrand;Parc des Ecureuils
https://www.linkedin.com/company/domaine-de-vieux-mareuil-quiet-luxury-group;Domaine de Vieux Mareuil
https://www.linkedin.com/company/sacher-hotels-betriebsgesellschaft-mbh;Sacher Boutique Spa
https://www.linkedin.com/company/city-of-vienna;Floridsdorfer Wasserpark
https://www.linkedin.com/company/massagesotop;Massages O Top
https://www.linkedin.com/company/chateau-de-la-rosemontoise;Château de la Rosemontoise
https://www.linkedin.com/company/hoteldeshorlogers;Hôtel des Horlogers Le Spa by Alpeor
https://www.linkedin.com/company/naturalparc;Natural'Parc Zoo-Attractions
https://www.linkedin.com/company/mercier-paysage;Mercier Paysage
https://www.linkedin.com/company/compiegne-et-son-agglo;Parc de Loisirs des Bords de l'Oise
https://www.linkedin.com/company/office-de-tourisme-de-vendays-montalivet;Office de tourisme de Vendays-Montalivet
https://www.linkedin.com/company/genevapoloclub;Russian Banya
https://www.linkedin.com/company/ls-etampes-ucpa;Île de Loisirs Étampes
https://www.linkedin.com/company/pays-de-blain-communaute;Centre Aquatique Canal Forêt
https://www.linkedin.com/company/destination-royan-atlantique;Office de Tourisme Vaux-sur-Mer
https://www.linkedin.com/company/centre-hospitalier-rhumatologique-duriage;Centre Hospitalier Rhumatologique d'Uriage
https://www.linkedin.com/company/grenoble-alpes;Serenity Suite Uriage
https://www.linkedin.com/company/urlr;Studio 104
https://www.linkedin.com/company/mairie-de-varces-allières-et-risset;Parc Beylier
https://www.linkedin.com/company/institut-de-kinesitherapie-paris;IK Kiné Balnéothérapie Vanves - Jean Royer
https://www.linkedin.com/company/celtaventures;Celt'Aventures
https://www.linkedin.com/company/7208793;Jardin d'Eau
https://www.linkedin.com/company/grotte-chauvet-2-ardèche;Grotte Chauvet 2 - Ardèche
https://www.linkedin.com/company/corsica-campings;Camping Corse Corsica Camping chaine de campings
https://www.linkedin.com/company/ile-de-loisirs-de-creteil;Île de Loisirs de Créteil
https://www.linkedin.com/company/ville-de-limeil-brevannes;Piscine des Dauphins
https://www.linkedin.com/company/chateau-et-parc-de-valencay;Château de Valençay
https://www.linkedin.com/company/aventurefloreval;Parc Aventure Floreval
https://www.linkedin.com/company/vaison-ventoux-provence;Office de Tourisme Vaison Ventoux Provence
https://www.linkedin.com/company/vulcainenergies;M&C Vulcain Chauffage
https://www.linkedin.com/company/hopitaux-de-correze-ussel;Centre Hospitalier de Haute-Corrèze
https://www.linkedin.com/company/la-fantaisie-paris;Hôtel La Fantaisie
https://www.linkedin.com/company/hôtel-larencluse;Hôtel La Rencluse
https://www.linkedin.com/company/hôtel-la-tour-des-anglais-mayenne;Hôtel la Tour des Anglais
https://www.linkedin.com/company/hôtel-lancaster-paris;Hôtel Lancaster Paris Champs Elysées
https://www.linkedin.com/company/h-tel-le-belmont;Hôtel Le Belmont
https://www.linkedin.com/company/diana-hotels-collection;Hôtel Le Bugatti
https://www.linkedin.com/company/hôtel-le-cardinal-paris;Hôtel Le Cardinal Paris
https://www.linkedin.com/company/hotel-le-cep;Hôtel le Cep
https://www.linkedin.com/company/5091156;Hôtel Le Château de Sable
https://www.linkedin.com/company/11362877;Hôtel Le Domaine Des Vignes
https://www.linkedin.com/company/le-green-des-impressionnistes;Hôtel Le Green des Impressionnistes
https://www.linkedin.com/company/hotel-le-lavoisier;Hôtel Le Lavoisier
https://www.linkedin.com/company/hôtel-le-mas-du-colombier;Hôtel Le Mas Du Colombier
https://www.linkedin.com/company/le-petit-letraz;Hôtel Le Petit Létraz
https://www.linkedin.com/company/hôtel-le-petit-perier;Hôtel Le Petit Perier - 3 étoiles - Laval
https://www.linkedin.com/company/hotel-le-pradey;Hôtel Le Pradey - Paris - 1e arrondissement
https://www.linkedin.com/company/hôtel-restaurants-le-provencal;Hôtel Le Provençal Giens
https://www.linkedin.com/company/le-refuge-des-sources;Hôtel Le Refuge des Sources
https://www.linkedin.com/company/hôtel-restaurant-le-régina-43;Hôtel Le Régina - Le Puy en Velay
https://www.linkedin.com/company/agilhor;Hôtel Le Rocher Du Cerf
https://www.linkedin.com/company/spl-de-développement-touristique-de-la-vallée-de-la-sarthe;Hôtel Le Saint Martin
https://www.linkedin.com/company/le-val-moret;Hôtel le Val Moret
https://www.linkedin.com/company/hotel-elysee-val-europe;Hôtel l'Élysée Val d'Europe
https://www.linkedin.com/company/79904257;Hôtel les Alizés
https://www.linkedin.com/company/les-jardins-de-deauville-hotel;Hôtel Les Jardins de Deauville
https://www.linkedin.com/company/likedincom-hotel-les-peupliers-courchevel;Hôtel Les Peupliers
https://www.linkedin.com/company/les-villas-d;Hôtel Les Villas d'Arromanches
https://www.linkedin.com/company/hotel-l-helios-spa;Hôtel L'Hélios
https://www.linkedin.com/company/lily-of-the-valley-hotel;Hôtel Lily of the Valley
https://www.linkedin.com/company/societe-des-hotels-litteraires;Hôtel Littéraire Stendhal
https://www.linkedin.com/company/hotel-locomo;Hôtel Locomo - Paris Gare de Lyon Bastille
https://www.linkedin.com/company/hotel-l-ormaie;Hôtel L'Ormaie
https://www.linkedin.com/company/lou-calen-retreat;Hôtel Lou Calen
https://www.linkedin.com/company/hôtel-lyon-métropole-spa;Hôtel Lyon Métropole by Arteloge
https://www.linkedin.com/company/emeraude-hotels;Hôtel Marais HÔme
https://www.linkedin.com/company/hôtel-national-des-arts-métiers;Hôtel National des Arts et Métiers
https://www.linkedin.com/company/ostoria;Hôtel OSTORIA BW Signature Collection by BEST WESTERN Périgueux
https://www.linkedin.com/company/hotelparcdulandreau;Hôtel Parc du Landreau
https://www.linkedin.com/company/hôtel-brasserie-chassal-molinges;Hôtel Restaurant Akena Molinges - La Brocatelle
https://www.linkedin.com/company/hôtel-restaurant-bel-air-crevin;Hôtel Restaurant Bel Air Crevin - Axe Rennes Nantes, N137
https://www.linkedin.com/company/hôtel-restaurant-le-mitigana;Hôtel Restaurant Le Mitigana
https://www.linkedin.com/company/les-boissi;Hôtel Restaurant Les Boissières
https://www.linkedin.com/company/lodgesdulac;Hôtel Restaurant Les Lodges du Lac
https://www.linkedin.com/company/neho-group;Hôtel Roi Soleil Prestige Plaisir
https://www.linkedin.com/company/royal-riviera;Hôtel Royal-Riviera
https://www.linkedin.com/company/hôtel-saint-louis-aigues-mortes-camargue;Hôtel Saint Louis
https://www.linkedin.com/company/hôtel-saint-martin-belleville;Hôtel Saint Martin
https://www.linkedin.com/company/108039276;Hôtel Saint-Georges - Relais & Châteaux
https://www.linkedin.com/company/hotel-sedrez;Hôtel Sedrez
https://www.linkedin.com/company/hôtel-elysée-gare-de-lyon;Hôtel Sleeping Belle Paris - Paris Gare de Lyon Bastille
https://www.linkedin.com/company/hotel-toujours;Hôtel Toujours - 4 étoiles - Paris 16e arrondissement
https://www.linkedin.com/company/hotel-restaurant-val-vignes-4;Hôtel Val-Vignes Colmar Haut-Koenigsbourg,The Originals Relais
https://www.linkedin.com/company/hotel-villa-colette;Hôtel Villa Colette
https://www.linkedin.com/company/villa-navarre;Hôtel Villa Navarre
https://www.linkedin.com/company/kube-saint-tropez;Kube Saint-Tropez Hôtel
https://www.linkedin.com/company/la-coudraie-77;La Coudraie - Hôtel Val d'Europe
https://www.linkedin.com/company/lanauve;La Nauve, Hôtel & Jardin
https://www.linkedin.com/company/la-villa-haussmann;La Villa Haussmann Hôtel Paris
https://www.linkedin.com/company/langley-travel;Langley Hôtel Tango
https://www.linkedin.com/company/86963338;Le C Boutique Hôtel 4*
https://www.linkedin.com/company/le-petit-nice-passedat;Le Petit Nice Passedat - Hôtel 5 étoiles Relais & Châteaux à Marseille
https://www.linkedin.com/company/les-jardins-de-l-anjou;Les Jardins de l'Anjou - Domaine hôtelier et restaurant
https://www.linkedin.com/company/chaine-thermale-du-soleil;Les Pyrénées, Le Grand Hôtel & Le Château
https://www.linkedin.com/company/domaine-les-falaises;Logis Hôtel Domaine les Falaises
https://www.linkedin.com/company/maisons-du-monde-hôtel-suites;Maisons du Monde Hôtel & Suites - Nantes
https://www.linkedin.com/company/marina-baie-des-anges-hôtel;Marina Baie des Anges Hôtel, Curio Collection by Hilton
https://www.linkedin.com/company/87106782;Padam hôtel 4*
https://www.linkedin.com/company/ville-de-chilly-mazarin;Parc de l'hôtel de ville Chilly-Mazarin
https://www.linkedin.com/company/parchotelcarvin;Parc-Hôtel - Hôtel & Restaurant
https://www.linkedin.com/company/planblivingplaces;PlanB Living Chamonix - Hôtel
https://www.linkedin.com/company/stella-management;"Résidence Seniors Stella ""Les Berges de Seine"" / Zenao Appart'hôtel - Troyes"
https://www.linkedin.com/company/sangha-hotels;Sangha Toulouse Hôtel Bar & Rooftop
https://www.linkedin.com/company/shana-hôtel-résidence;Shana Hôtel et Résidence, The Originals Relais
https://www.linkedin.com/company/sure-hotel-chateauroux;Sure Hôtel by Best Western
https://www.linkedin.com/company/the-originals-access-hotel-innostar-toulouse-sud-labège;The Originals Access, Hôtel Innostar
https://www.linkedin.com/company/51668657;The Originals Boutique, Hôtel Maison Montmartre, Paris
https://www.linkedin.com/company/hotel-alteora-site-du-futuroscope;The Originals City Hôtel Alteora Futuroscope
https://www.linkedin.com/company/the-originals-city-hôtel-anaiade;The Originals City, Hôtel Anaïade, Saint-Nazaire Pornichet
https://www.linkedin.com/company/too-hotel-paris;TOO Hôtel Paris
https://www.linkedin.com/company/tuigroup;TUI Club Marmara Hôtel Le Grand Bleu
https://www.linkedin.com/company/ultimate-provence-vineyard;Ultimate Provence | Hôtel-Vignoble et Restaurant
https://www.linkedin.com/company/villa-saint-ange;Villa Saint-Ange, Hôtel de Luxe à Aix-en-Provence
https://www.linkedin.com/company/2881646;La Maison Pinot Noir - Gites et appartements
https://www.linkedin.com/company/auberge-alpina;Auberge Alpina
https://www.linkedin.com/company/86019761;Auberge d'Aillon et d'Ailleurs
https://www.linkedin.com/company/federationuniedesaubergesdejeunesse;Auberge de Jeunesse HI Boulogne sur Mer
https://www.linkedin.com/company/les-maisons-de-montagne;Auberge des Montagnes
https://www.linkedin.com/company/auberge-collection;Domaine des Etangs, Auberge Collection
https://www.linkedin.com/company/18364247;Villa Primerose Chambres d'Hôtes de Charme
https://www.linkedin.com/company/les-hauteurs-du-luberon;Maison d'hôtes - Les Hauteurs du Luberon
https://www.linkedin.com/company/111403414;MAISON ARGENSON, Chambre d'hôte de charme Centre Bergerac
https://www.linkedin.com/company/l-escapade-nature-et-gourmande;L'Escapade Nature et Gourmande - Gîtes et chambres d'hôtes proche Toulouse
https://www.linkedin.com/company/la-massonnière-gîtes-et-jardins-de-prestige;La Massonnière - chambres d'hôtes, gîte, mariage et séminaire
https://www.linkedin.com/company/chez-bacchus-chambres-d-hôtes;Chez Bacchus : Gîte, Chambres et Table d'hôtes
https://www.linkedin.com/company/89331597;Chambres d'hôtes L'Instant Suspendu
https://www.linkedin.com/company/pays-charolais-brionnais;Chambre d'hôtes “Il était une fois” dans la Maison Sévigné
https://www.linkedin.com/company/lavorel-hotels;Spa Sothys au Grand Pavillon Chantilly
https://www.linkedin.com/company/alibaba-com;Bulle D'un Soir Alsace
https://www.linkedin.com/company/les-jardins-de-coppélia;"Spa ""Fée-moi Rêver"" by Garancia"
https://www.linkedin.com/company/89194558;Le Nature Spa
https://www.linkedin.com/company/be-well-france;Maple Spa - Piscine Atlantique
https://www.linkedin.com/company/lecasablancahotel;Jasmin'Spa
https://www.linkedin.com/company/grammeet;MISK HOUSE Wellness & Beauty | Hammam Massage and Spa
https://www.linkedin.com/company/benissym-spa-tanger;Tanger Massage Spa Hammam Beniss
https://www.linkedin.com/company/the-source-marrakech;The Spa by The Source Marrakech
https://www.linkedin.com/company/le-chateau-de-dompierre;Château de Dompierre
https://www.linkedin.com/company/maisondubonheurlure;Maison du Bonheur Lure
https://www.linkedin.com/company/dakhla-club;DC LUXURY THERMES SPA de Dakhla I Centre holistique de thalassothérapie
https://www.linkedin.com/company/aquatika66;Aquatika Piscine & Spa - Argelès-sur-mer
https://www.linkedin.com/company/hydrotech-piscine-spa;HydroTech Piscine & Spa France
https://www.linkedin.com/company/sarl-de-boislaville-paysage;Spa et spa de nage - Waterwave - Angers Saumur
https://www.linkedin.com/company/hymeo;Constructeur de piscine & spa à Mauguio - Hymeo Piscines BDH
https://www.linkedin.com/company/o-sea;O'Sea Piscine & Spa - Spécialiste en Recherche de fuite
https://www.linkedin.com/company/côté-spa-narbonne;Côté SPA Narbonne
https://www.linkedin.com/company/gentlemen-spa-piscine;Gentlemen Spa Piscine - Entretien Maintenance Piscines et Spas
https://www.linkedin.com/company/riad-mayfez-suites-spa;Riad Mayfez Suites & Spa Fes - Luxury Hotel Fez
https://www.linkedin.com/company/555-hotel-clubbing;555 Hotel Clubbing
https://www.linkedin.com/company/mogador-hôtels-;Grand Mogador Hotel
https://www.linkedin.com/company/hotel-golf-essaouira;Hotel Le Golf D’Essaouira & Spa
https://www.linkedin.com/company/7eme-avenue-hotels;L'Escale Hotel & Spa
https://www.linkedin.com/company/hotel-oum-palace-spa;New Hotel Piscine wellness & Spa
https://www.linkedin.com/company/nobu-hotel-marrakech;Nobu Hotel Marrakech
https://www.linkedin.com/company/stay-hotels;Grande Hotel de Paris
https://www.linkedin.com/company/complexe-la-maison-rouge;LA MAISON ROUGE Hôtel Restaurant Séminaires & Spa
https://www.linkedin.com/company/hôtel-de-la-porte-saint-malo;Demeures & Châteaux - Hôtel de la Porte Saint-Malo - DINAN
https://www.linkedin.com/company/grand-hotel-du-palais-royal;Grand Hôtel du Palais Royal
https://www.linkedin.com/company/hotel-saint-etienne-caen;Hôtel Saint Etienne
https://www.linkedin.com/company/naéco-hostels;Naéco Baie d'Audierne Hôtel & Camping
https://www.linkedin.com/company/boutique-hotel-le-central;Le Central Boutique-Hôtel - Beaune Centre
https://www.linkedin.com/company/unisotel;Eklo Hôtels Le Mans
https://www.linkedin.com/company/hobou;Hôbou - Anciennement Hôtel Acanthe
https://www.linkedin.com/company/vyv3cda;Hôtel Home du Buisson
https://www.linkedin.com/company/adonis-hôtels-;Adonis Hôtels & Résidences
https://www.linkedin.com/company/10631010;Hôtel VTF L'Ouka
https://www.linkedin.com/company/nautica-h;Hôtel le Nautica | Perros-Guirec
https://www.linkedin.com/company/altitude-résidences;Chalet Hôtel Turquoise by Altitude Résidences
https://www.linkedin.com/company/vacances-bleues-affaires;Hôtel & Résidence 3 étoiles Orhoïtza - Hendaye - Vacances Bleues
https://www.linkedin.com/company/18069738;Hôtel Casablanca Suites & Spa
https://www.linkedin.com/company/mamounia;Hôtel La Mamounia
https://www.linkedin.com/company/hotel-prestige-agadir;Prestige Agadir Hôtel & SPA
https://www.linkedin.com/company/story-rabat;STORY Rabat Boutique Hôtel & Spa
https://www.linkedin.com/company/hotel-atlas-day;Hôtel Atlas Day
https://www.linkedin.com/company/hotel-le-royal-luxembourg;Hôtel El Minzah
https://www.linkedin.com/company/68155335;Camping / Village de Vacances Domaine du Mas de Saboth
https://www.linkedin.com/company/atc-routes-du-monde;Camping ATC Routes du Monde
https://www.linkedin.com/company/campspace;camping chez l'habitant
https://www.linkedin.com/company/domaine-les-acacias;Camping Des Acacias Tours
https://www.linkedin.com/company/park4night;Camping et camping-car du Moulin d'Erloy
https://www.linkedin.com/company/camping-ile-de-boulancourt;Camping Ile de Boulancourt - Ecologique en Forêt de Fontainebleau
https://www.linkedin.com/company/91527233;Camping La Rivière Dorée - Seine et Marne
https://www.linkedin.com/company/camping-le-florida1;Camping Le Florida
https://www.linkedin.com/company/groupe-hueber-assurances;Résidence Andurans - Camping Les 3 Vallées
https://www.linkedin.com/company/vacances-ulvf;Vacances ULVF Camping O'aka
https://www.linkedin.com/company/le-ranc-davaine;Yelloh! Village - Ranc Davaine | Camping Ardèche
https://www.linkedin.com/company/odesia-vacances;Yelloh Village Camping Fayolan
https://www.linkedin.com/company/zecamping;ZEcamping
https://www.linkedin.com/company/bienvenue-a-la-ferme-france;Camping a la Ferme le Verger
https://www.linkedin.com/company/resort-camping-val-de-braye;Resort & Camping du Val De Braye
https://www.linkedin.com/company/ville-de-montbard;Camping Municipal
https://www.linkedin.com/company/camping-xtrem-village;Camping X'TREM VILLAGE
https://www.linkedin.com/company/domaine-de-l-oiselire;Camping Domaine de l'Oiselière
https://www.linkedin.com/company/vap-campings-g;Camping du Lac VAP!
https://www.linkedin.com/company/camping-sun-ocean;Camping Maeva Escapades Sun Océan
https://www.linkedin.com/company/artes-tourisme;Camping La Dune
https://www.linkedin.com/company/cualencon;Camping de Gueramé
https://www.linkedin.com/company/vignamaggiore;Camping Vigna Maggiore
https://www.linkedin.com/company/28848903;Camping municipal de la réole
https://www.linkedin.com/company/26184728;Camping l'Océan Breton
https://www.linkedin.com/company/camping-la-tamarissière;Camping Tamarissière Agde
https://www.linkedin.com/company/stüga-écolodges-d-altitude;Camping du Glaisy - Stüga Bivouac
https://www.linkedin.com/company/normandie-tourisme;Camping Des Forges
https://www.linkedin.com/company/campings-libert-;Camping Liberté Landrellec
https://www.linkedin.com/company/la-route-des-pingouins;Gîte et Camping Le Village des Pingouins
https://www.linkedin.com/company/breizh-tandem;Camping Aquarev
https://www.linkedin.com/company/vire-normandie;Camping Municipal de Vire
https://www.linkedin.com/company/102444970;Camping & Gîtes l'AFFENAGE Vallée de l'Hérault
https://www.linkedin.com/company/ceveo;Village de vacances & Camping Cévéo de Mimizan Plage
https://www.linkedin.com/company/office-de-tourisme-de-belle-ile-en-mer;Camping Municipal Port Andro
https://www.linkedin.com/company/skylink;Costamar hammam and spa
https://www.linkedin.com/company/green-sports-park;Magnolia Luxury Spa
https://www.linkedin.com/company/ccpaysdecruseilles;Centre Nautique de l'Espace Bernard Pellarin
https://www.linkedin.com/company/prestalis;Prestalis
https://www.linkedin.com/company/86345584;L'Aquarelle
https://www.linkedin.com/company/28465817;L’Argalyde Wellness & Cycling
https://www.linkedin.com/company/terapeya;Terapeya - Centre bien-être & remise en forme | Rambouillet, Yvelines (78)
https://www.linkedin.com/company/osmosya;OSMOSYA - CENTRE DE BIEN–ÊTRE PAR FLOTTAISON
https://www.linkedin.com/company/miracle-aesthetic-clinic;NAYA Massage bien-être Eveil psycho-corporel. Soin énergétique Reiki
https://www.linkedin.com/company/naturorel;NATUR'OREL - Naturopathe - Praticienne Bien Etre - Massages
https://www.linkedin.com/company/isanature-grisolles;Nature & Moi- salon de thé- centre bien-être et énergétique- vente de produits naturels
https://www.linkedin.com/company/solocal-groupe;L'institut Bien-Être
https://www.linkedin.com/company/ligneetendorphines;Ligne et Endorphines : Cryothérapie - Remise en Forme - Beauté - Bien-être - Issy-les-Moulineaux - Paris
https://www.linkedin.com/company/domaine-jean-got;Domaine Jean Got : Gîtes, chambres insolites et bien-être proche de Saint-Émilion
https://www.linkedin.com/company/cocon-flottaison;Cocon - Centre de bien-être (Flottaison en isolation sensorielle & Massage)
https://www.linkedin.com/company/bien-être-et-piscines-gourmanel;COCKTAIL - Bien-Etre et Piscines Gourmanel
https://www.linkedin.com/company/108038498;Centre Meta MorphOze- Centre de bien-être et de développement aux Portes de Poitiers
https://www.linkedin.com/company/cap-vitalité;Cap Vitalité Votre Destination Bien Etre et Beauté
https://www.linkedin.com/company/body-area;BODY AREA - Massage - Bien-être - Bretagne
https://www.linkedin.com/company/bien-trepourvous;BIEN-ÊTRE POUR VOUS - Massage et hypnothérapie
https://www.linkedin.com/company/glaads;Univers Massage
https://www.linkedin.com/company/institut-bien-être-o-blue;Institut O'Blue
https://www.linkedin.com/showcase/cuttly-url-shortener;Institut De Beauté Aude
https://www.linkedin.com/company/une-porte-s-ouvre;Institut de beauté Arras : Une porte s'ouvre
https://www.linkedin.com/company/iconique-beaut;ICONIQUE Beauté sur-mesure
https://www.linkedin.com/company/lnkbio;Glowiya Studio
https://www.linkedin.com/company/estheticcenter-institutdebeaute;Esthetic Center
https://www.linkedin.com/company/energie-transfert-thermique;ETT - Energie Transfert Thermique
https://www.linkedin.com/company/robcom-sas;Aquafit
https://www.linkedin.com/company/aqua-jet-pornichet-sarl;AquaJet Pornichet Baie de La Baule et Le Pouliguen 44
https://www.linkedin.com/company/aqualmi-piscine;Aqualmi Piscine Chalons
https://www.linkedin.com/company/carre-bleu-international;AQUAPREMIUM CARRÉ BLEU
https://www.linkedin.com/company/aqua-dream;Aqua Dream Mont-Blanc
https://www.linkedin.com/company/aqua-33;Aqua 33
https://www.linkedin.com/company/eldo;Aquatech 77
https://www.linkedin.com/company/aqua-soft-piscines-spas;AQUA SOFT Piscines et Spas
https://www.linkedin.com/company/terrederencontres;Pôle aquatique du Pays de Luxeuil
https://www.linkedin.com/company/28919637;Aqua Secure Piscine
https://www.linkedin.com/company/107384576;AQUAWELLNESS
https://www.linkedin.com/company/aqua-fermetures;Aqua Fermetures & Liners
https://www.linkedin.com/company/aquatechnique;Aquatechnique Albi
https://www.linkedin.com/company/aquaterra-piscines-et-paysages;AQUA TERRA constructeur de Paysages et piscines
https://www.linkedin.com/company/aqualux-international;AQUALUX - CF GROUP
https://www.linkedin.com/company/communauté-d-agglomération-mont-saint-michel-normandie;Piscine Aqua baie
https://www.linkedin.com/company/europ-event;Aqua Event
https://www.linkedin.com/company/my-aquabike;My Aquabike l Chennevières-Sur-Marne
https://www.linkedin.com/company/ville-levallois;Centre Aquatique de Levallois
https://www.linkedin.com/company/aqualyspaysages;Aqualys Paysages
https://www.linkedin.com/company/aqua-protect-piscines;Aqua Protect
https://www.linkedin.com/company/kinedofrance;Aquaproduction / Kinedo
https://www.linkedin.com/company/piscines-aquadiscount;Aquadiscount
https://www.linkedin.com/company/villedevitry;Centre aquatique de Vitry-sur-Seine
https://www.linkedin.com/company/aquatiris;Aquatiris Ardèche Nord
https://www.linkedin.com/company/aqu-adduction;AQUADDUCTION Alès | Vente & réparation de pompes à eau
https://www.linkedin.com/company/valdisere;Centre Aquasportif Val d'Isère
https://www.linkedin.com/company/communaute-de-communes-de-moret-seine-et-loing;Centre Aquatique du Grand Jardin
https://www.linkedin.com/company/aqua-terra-creation;Aqua Terra Création
https://www.linkedin.com/company/communaute-de-communes-du-mont-des-avaloirs;Piscine Aqualud André Morin
https://www.linkedin.com/company/aquascene;Aqua Scène
https://www.linkedin.com/company/pornic-agglo-pays-de-retz;Aquacentre
https://www.linkedin.com/company/loireforezagglo;Piscine Aqualude
https://www.linkedin.com/company/grand-nancy-aquatique-club;Grand Nancy Aquatique Club
https://www.linkedin.com/company/aquaticplay;Aquaticplay
https://www.linkedin.com/company/aquaclean;AQUA CLEAN
https://www.linkedin.com/company/aquastory-la-rochelle;AquaStory La Rochelle
https://www.linkedin.com/company/idex-groupe;Aquaservices
https://www.linkedin.com/company/waterform;Waterform - Formations & Vente d'équipements aquafitness - La Santé par le sport
https://www.linkedin.com/company/gites-de-france-ardèche;L’envol des papillons Gite de charme en Ardèche avec Piscine Intérieure Sauna Jacuzzi
https://www.linkedin.com/company/ferme-du-poirier;FERME DU POIRIER - Gîte & Hébergement
https://www.linkedin.com/company/domaine-coeur-de-brenne;Domaine Coeur de Brenne | Gîte
https://www.linkedin.com/company/mas-d-escampette;Gîtes Mas d'escampette
https://www.linkedin.com/company/la-boubée;Gîte la Boubée
https://www.linkedin.com/company/gite-chateau-du-colombier;Gîte Château du Colombier
https://www.linkedin.com/company/villeurbanne-natation;Villeurbanne Natation
https://www.linkedin.com/company/aboral-piscines;2D-CONSTRUCTIONS
https://www.linkedin.com/company/abri-d-ô;Abri d'Ô
https://www.linkedin.com/company/adonis-paysages;Adonis Piscines
https://www.linkedin.com/company/aqwa-itineris-france;Aqwa Itineris France
https://www.linkedin.com/company/archipel-du-vincin;Archipel du Vincin
https://www.linkedin.com/company/inse27;Baignade biologique
https://www.linkedin.com/company/ville-tergnier;Base de Loisirs de la Frette
https://www.linkedin.com/company/bpa-laceguzon;Base de Plein Air Lac Eguzon
https://www.linkedin.com/company/8-milles-nautic;Base nautique de Granville - 8 Milles Nautic
https://www.linkedin.com/company/68132179;Bassin d’été de l’île du faubourg de Loire
https://www.linkedin.com/company/69730286;Bassin d'apprentissage
https://www.linkedin.com/company/communauté-de-communes-des-portes-du-luxembourg;Camourau
https://www.linkedin.com/company/camtpiscine;CAMT (Compagnie Azuréenne de Maintenance Technique)
https://www.linkedin.com/company/mairie-de-bourg-saint-maurice---les-arcs;Centre Nautique
https://www.linkedin.com/company/cc-intercom-bernay-terres-de-normandie;Centre Nautique André Perrée
https://www.linkedin.com/company/communauté-d-agglomération-sarreguemines-confluences;Centre Nautique et Espace Détente (Communauté d'Agglomération Sarreguemines Confluences)
https://www.linkedin.com/company/ville-de-villeurbanne;Centre Nautique Etienne Gagnaire
https://www.linkedin.com/company/cdc-vierzon-sologne-berry;Centre nautique intercommunal à Graçay
https://www.linkedin.com/company/mairie-de-saran;Centre nautique La Grande Planche
https://www.linkedin.com/company/mairie-aubervilliers;Centre nautique Marlène Peratou
https://www.linkedin.com/company/ville-de-saint-priest;Centre Nautique Pierre Mendès-France
https://www.linkedin.com/company/mairie-de-saint-chamond;Centre Nautique Roger Couderc
https://www.linkedin.com/company/livrygargan93;Centre nautique Roger-Lebas
https://www.linkedin.com/company/mairie-de-saint-maur-des-foss-s;Centre Sportif Pierre Brossolette
https://www.linkedin.com/company/club-nautique-havrais-1932;Club Nautique Havrais
https://www.linkedin.com/company/groupecomsports;COM.SPORTS
https://www.linkedin.com/company/communaut-d-agglom-ration-saint-avold-synergie;Complexe Nautique de Saint-Avold
https://www.linkedin.com/company/savigny-sur-orge;Complexe Sportif David Douillet de Savigny
https://www.linkedin.com/company/101123260;Concept Water - Ozéo Perpignan
https://www.linkedin.com/company/confort-plein-air-63;Confort Plein Air- Chappes (63)
https://www.linkedin.com/company/cpie-du-haut-doubs;CPIE Haut Doubs
https://www.linkedin.com/company/david-lloyd-leisure;David Lloyd Veigy
https://www.linkedin.com/company/eau-et-plaisir;Eau & Plaisir DAX
https://www.linkedin.com/company/espace-aubade;Espace Aubade Longosanit Longwy
https://www.linkedin.com/company/ville-de-sablé-sur-sarthe;Espace Henri Royer
https://www.linkedin.com/company/communaute-de-communes-maine-saosnois;Espace Jeunesse Mamers
https://www.linkedin.com/company/legrandchalon;Espace Nautique du Grand Chalon
https://www.linkedin.com/company/planizen;FATIMA ZAHRA BEAUTY
https://www.linkedin.com/company/gameparc;Game Parc
https://www.linkedin.com/company/104224971;Grand étang
https://www.linkedin.com/company/gymnasia-fr;Gymnasia Tournefeuille
https://www.linkedin.com/company/france-herboristerie;Herboristerie France Herboristerie - Verveine-Menthe
https://www.linkedin.com/company/hot-tubs-in-france;Hot Tubs in France
https://www.linkedin.com/company/le-m-l-académie-du-mouvement;L’Académie du Mouvement : Salle de sport Saint-Maur-des-Fossés
https://www.linkedin.com/company/la-boite-à-piscines-et-spas;LA BOITE A PISCINES ET SPAS (SHOWROOM SPAS SUR RDV)
https://www.linkedin.com/company/lamballe-terremer;La Piscine
https://www.linkedin.com/company/44810277;LA PISCINE !
https://www.linkedin.com/company/les-arcs-bourg-saint-maurice-tourisme;LA PISCINE 1800
https://www.linkedin.com/company/sarl-lab-eau-piscines-et-entretien;Lab&Eau piscines et entretien
https://www.linkedin.com/company/lambianceexterieure;L'AMBIANCE EXTERIEURE - Piscine - Aménagement extérieur - Spa
https://www.linkedin.com/company/communauté-de-communes-caux-austreberthe;Les Bains de l'Austreberthe
https://www.linkedin.com/company/communautedagglomerationvaldyerresvaldeseine;Les Vagues de la Concorde
https://www.linkedin.com/company/l-olympide;L'Olympide Recherche de fuite piscine
https://www.linkedin.com/company/lyatera;Lyatera
https://www.linkedin.com/company/ma-piscine-mobile;MA PISCINE MOBILE
https://www.linkedin.com/company/cbdeau;Magasin de CBD Moyeuvre Grande cbd'eau
https://www.linkedin.com/company/sagory-paysage-piscines-spas;Nymfé’Ô Dinan
https://www.linkedin.com/company/ville-de-puteaux;Palais des Sports de Puteaux
https://www.linkedin.com/company/nanterre-92-basketball;Palais des Sports Maurice Thorez
https://www.linkedin.com/company/ville-de-la-farlede;Parc de la biodiversité
https://www.linkedin.com/company/ville-de-loos;Parc de Loisirs et de Nature de Loos
https://www.linkedin.com/company/ville-de-kingersheim;Parc du Bramont
https://www.linkedin.com/company/ville-de-la-roche-sur-foron;Parc du Château de l'Échelle
https://www.linkedin.com/company/ville-du-taillan-médoc;Parc du Presbytère
https://www.linkedin.com/company/mairie-de-montreuil;Parc Montreau
https://www.linkedin.com/company/mairie-de-la-talaudiere;Parc municipal de La Talaudière
https://www.linkedin.com/company/patrice-piscines;PATRICE PISCINES Saint Cyr sur Mer
https://www.linkedin.com/company/pcfr-sas;PCFR SAS
https://www.linkedin.com/company/guide-piscine;Piscine
https://www.linkedin.com/company/sud-retz-atlantique;Piscine à Legé
https://www.linkedin.com/company/mairie-de-val-de-reuil;Piscine Alice Milliat de Val-de-Reuil
https://www.linkedin.com/company/mairie-de-villeneuve-la-garenne;Piscine Alice-Milliat
https://www.linkedin.com/company/communauté-de-communes-ambert-livradois-forez;Piscine Ambert Livradois Forez
https://www.linkedin.com/company/ville-de-guyancourt;Piscine Andrée-Pierre Vienot
https://www.linkedin.com/company/guingamp-paimpol-agglomération;Piscine Ar Poull Neuial
https://www.linkedin.com/company/communauté-de-communes-de-la-picardie-verte-ccpv;Piscine Atlantis
https://www.linkedin.com/company/communauté-de-communes-du-haut-béarn;Piscine Barétous Haut-Béarn
https://www.linkedin.com/company/villeneuve-lez-avignon;Piscine Camille Muffat
https://www.linkedin.com/company/communauté-de-communes-campagne-de-caux;Piscine Campagne de Caux
https://www.linkedin.com/company/communauté-de-communes-cœur-de-loire;Piscine communautaire
https://www.linkedin.com/company/10987853;Piscine communautaire d'Arques
https://www.linkedin.com/company/de-l-oust-à-brocéliande-communauté;Piscine Communautaire de Guer
https://www.linkedin.com/company/ccvc-vall;Piscine communautaire de Nieuil l'Espoir
https://www.linkedin.com/company/communaute-de-communes-val-de-cher-controis;Piscine communautaire de Saint-Aignan
https://www.linkedin.com/company/communauté-de-communes-de-bruyères-vallons-des-vosges;Piscine Communautaire Roger Mercier
https://www.linkedin.com/company/communauté-de-communes-du-clunisois;Piscine Daniel Decerle – La Guiche
https://www.linkedin.com/company/communaute-de-communes-val'aigo;Piscine de Bernadou
https://www.linkedin.com/company/rennes-m-tropole;Piscine de Bréquigny
https://www.linkedin.com/company/ville-cesson-sevigne;Piscine de Cesson-Sévigné
https://www.linkedin.com/company/ville-de-coutances;Piscine de Coutances
https://www.linkedin.com/company/cc-communaute-de-communes-sundgau;Piscine de Ferrette
https://www.linkedin.com/company/communauté-de-commune-des-monts-du-lyonnais;Piscine de Hurongues - Communauté de communes des Monts du Lyonnais
https://www.linkedin.com/company/morlaix-attractivite;Piscine de la Boissière
https://www.linkedin.com/company/terres-de-montaigu;Piscine de la Bretonnière
https://www.linkedin.com/company/communauteagglopaysdefontainebleau;Piscine de la Faisanderie (consulter le site internet pour les horaires en direct)
https://www.linkedin.com/company/communaute-de-communes-des-bastides-dordogne-perigord;Piscine de la Guillou
https://www.linkedin.com/company/nageurs-com;Piscine de l'École Polytechnique
https://www.linkedin.com/company/ploermelcommunaute;Piscine de Mauron
https://www.linkedin.com/company/91516363;Piscine de Mauvezin
https://www.linkedin.com/company/ax-3-domaines;Piscine De Plein Air - Bonascre
https://www.linkedin.com/company/communauté-de-communes-du-pays-d'ancenis;Piscine de Plein Air Intercommunale de la Charbonnière
https://www.linkedin.com/company/communauté-de-communes-du-pithiverais-gâtinais;Piscine de Puiseaux
https://www.linkedin.com/company/102706745;Piscine de Revin
https://www.linkedin.com/company/commune-de-sevremoine;Piscine de Sèvremoine - Espace Nage&Ô
https://www.linkedin.com/company/ville-de-somain;Piscine de Somain
https://www.linkedin.com/company/commune-de-ville-davray;Piscine de Ville-d'Avray
https://www.linkedin.com/company/mairie-de-villemomble;Piscine de Villemomble
https://www.linkedin.com/company/vienne-condrieu-tourisme;Piscine de Villette-de-Vienne
https://www.linkedin.com/company/communauté-de-communes-coeur-de-beauce;Piscine de Voves
https://www.linkedin.com/company/rouen;Piscine Denis Diderot
https://www.linkedin.com/company/porteseureliennesidf;Piscine d'Epernon
https://www.linkedin.com/company/ville-de-fleury-les-aubrais;Piscine des Jacobins (piscine Baptiste-Lhommelet)
https://www.linkedin.com/company/ville-des-ulis;Piscine des Ulis
https://www.linkedin.com/company/ville-d-irigny;Piscine d'Irigny
https://www.linkedin.com/company/ville-du-chesnay-rocquencourt;Piscine du Chesnay
https://www.linkedin.com/company/le-corbier-les-sybelles;Piscine du Corbier
https://www.linkedin.com/company/ville-de-mauges-sur-loire;Piscine du Mont Glonne
https://www.linkedin.com/company/ville-de-nanterre;Piscine du Palais des sports Maurice-Thorez
https://www.linkedin.com/company/73893777;Piscine du Pays de l'Ourcq
https://www.linkedin.com/company/calameo;Piscine extérieure Nakache
https://www.linkedin.com/company/communauté-de-communes-de-l-ouest-vosgien-ccov;Piscine Gabriel Bodenreider
https://www.linkedin.com/company/ville-de-trévoux;Piscine Gabriel Mercier
https://www.linkedin.com/company/ville-de-pontarlier;Piscine Georges Cuinet
https://www.linkedin.com/company/communauté-urbaine-d-arras;Piscine Georges Daullé
https://www.linkedin.com/company/communauté-de-communes-thann-cernay;Piscine intercommunale - Cernay
https://www.linkedin.com/company/communauté-de-communes-des-rives-de-moselle;"Piscine Intercommunale ""Plein Soleil"" de Maizières-Lès-Metz"
https://www.linkedin.com/company/communaute-de-communes-du-nord-est-bearn;Piscine Intercommunale Arrosès
https://www.linkedin.com/company/bassin-de-pompey;Piscine Intercommunale Charles Kaufmann
https://www.linkedin.com/company/caese;Piscine Intercommunale d'Angerville
https://www.linkedin.com/company/communauté-de-communes-saône-beaujolais;Piscine intercommunale de Belleville
https://www.linkedin.com/company/communaut-de-communes-haute-maurienne-vanoise;Piscine intercommunale de Modane
https://www.linkedin.com/company/cc-de-gevrey-chambertin-et-de-nuits-saint-georges;Piscine Intercommunale de Nuits-Saint-Georges
https://www.linkedin.com/company/communauté-de-communes-sud-gironde;Piscine intercommunale de Villandraut
https://www.linkedin.com/company/evreux-portes-de-normandie;Piscine Jean Bouin
https://www.linkedin.com/company/rochefortocean-territoire;Piscine Jean Langet
https://www.linkedin.com/company/communauté-de-communes-du-pays-de-la-châtaigneraie;Piscine la Chataigneraie
https://www.linkedin.com/company/ville-saint-jean-de-braye;Piscine L'Õbraysie
https://www.linkedin.com/company/communaute-de-communes-adour-madiran;Piscine Louis Fourcade
https://www.linkedin.com/company/ville-de-raismes;Piscine Louis Poncet
https://www.linkedin.com/company/mairiedermont;Piscine Marcellin Berthelot-ERMONT
https://www.linkedin.com/company/communaute-d-agglomeration-plaine-vallee;Piscine Maurice Gigoi
https://www.linkedin.com/company/molitor-paris;Piscine Molitor
https://www.linkedin.com/company/eurometropolemetz;Piscine Municipale Ars-sur-Moselle
https://www.linkedin.com/company/90648766;Piscine Municipale Courseulles-sur-Mer
https://www.linkedin.com/company/92639076;Piscine municipale de Cluny
https://www.linkedin.com/company/ville-de-die;Piscine Municipale de Die
https://www.linkedin.com/company/ville-de-gex;Piscine Municipale de Gex
https://www.linkedin.com/company/ville-de-houilles;Piscine Municipale de Houilles
https://www.linkedin.com/company/ville-de-la-madeleine;Piscine Municipale de La Madeleine
https://www.linkedin.com/company/commune-de-lagnieu;Piscine municipale de Lagnieu
https://www.linkedin.com/company/ville-de-saint-pierre-des-corps;Piscine Municipale de Saint-Pierre-des-Corps
https://www.linkedin.com/company/mairie-de-thônes;Piscine municipale de Thônes
https://www.linkedin.com/company/mairie-de-saint-cloud;Piscine Municipale des Tourneroches
https://www.linkedin.com/company/mairie-vaison-la-romaine;Piscine municipale d'été de Vaison-la-Romaine
https://www.linkedin.com/company/ville-ivry-sur-seine;Piscine Municipale d'?vry-Sur-Seine
https://www.linkedin.com/company/ville-orly;Piscine Municipale d'Orly
https://www.linkedin.com/company/commune-de-meung-sur-loire;Piscine municipale extérieure
https://www.linkedin.com/company/ville-de-floirac;Piscine municipale Extérieure André Granjeon
https://www.linkedin.com/company/villetrappes;Piscine municipale Jacques Monquaut
https://www.linkedin.com/company/vaulx-en-velin;Piscine Municipale Jean Gelet
https://www.linkedin.com/company/communauté-de-communes-des-hauts-du-perche;Piscine municipale Jean-Marc de Chastenet
https://www.linkedin.com/company/ville-de-voiron;Piscine Municipale Les Dauphins du parc
https://www.linkedin.com/company/ville-de-tullins;Piscine municipale Tullins
https://www.linkedin.com/company/paysdesecrins;Piscine municipale Vallouise-Pelvoux
https://www.linkedin.com/company/50802335;Piscine Olympique Municipale
https://www.linkedin.com/company/communauté-de-communes-pays-haut-val-d-alzette;Piscine Pierre de Coubertin
https://www.linkedin.com/company/communaute-de-communes-alsace-rhin-brisach;Piscine Sirénia
https://www.linkedin.com/company/120294050;Hôtel & Spa des Beaux Arts
https://www.linkedin.com/company/40862585;Hôtel Spa Saint Paul - Restaurant l'Anse Rouge
https://www.linkedin.com/company/105775369;Hôtel Spa**** Le Moulin de La Wantzenau
https://www.linkedin.com/company/48271476;Hôtel Spa Du Béryl
https://www.linkedin.com/company/98170241;Hôtel-Spa Bar & Restaurant Les Escondus***
https://www.linkedin.com/company/48642881;Hôtel & Spa Almoria - Deauville
https://www.linkedin.com/company/50989692;Hôtel Spa Thermalia
https://www.linkedin.com/company/26703588;HOTEL & SPA DE CHASSIEU
https://www.linkedin.com/company/75307340;hotel-spa-honfleur
https://www.linkedin.com/company/51424064;Hotel & Spa Le Pigonnet
https://www.linkedin.com/company/108467923;Hotel la Villa Dune
https://www.linkedin.com/company/26302799;HOTEL GUANAHANI & SPA
https://www.linkedin.com/company/26857005;HOTEL LE CLOS DU COLOMBIER 1817
https://www.linkedin.com/company/45308414;Best Western Lafayette Hotel & Spa
https://www.linkedin.com/company/75186580;Hôtel et SPA Victor Hugo
https://www.linkedin.com/company/50798472;Hôtel Mercure Cote Ouest les Sables d’Olonne Thalasso et Spa
https://www.linkedin.com/company/10527762;Le Tsuba Hotel Paris
https://www.linkedin.com/company/50153705;Hôtel Relai et Spa
https://www.linkedin.com/company/26960370;HOTEL PHOEBUS GARDEN & SPA
https://www.linkedin.com/company/49482186;Hôtel Sunset Resort & Spa
https://www.linkedin.com/company/26371310;TI AL LANNEC Hotel **** Restaurant & Spa
https://www.linkedin.com/company/44856691;LE COCOTEL DE SAINT-FRANCOIS HOTEL SPA & GOLF RESORT
https://www.linkedin.com/company/10831050;Groupe Coté Sun Hôtels
https://www.linkedin.com/company/18921878;NOVOTEL Avignon centre
https://www.linkedin.com/company/103618952;Domaine de Rochebois
https://www.linkedin.com/company/105116287;Abbaye des Capucins - Dali Hôtel ****
https://www.linkedin.com/company/101493997;Bartaccia Hotel****
https://www.linkedin.com/company/84438782;Hôtel & Spa le Belvédère
https://www.linkedin.com/company/83828404;Hôtel & Spa Saint-Jacques
https://www.linkedin.com/company/93177595;Hôtel Spa Restaurant
https://www.linkedin.com/company/84411828;Hotel Château du Grand-Lucé
https://www.linkedin.com/company/10478392;EKOBO
https://www.linkedin.com/company/24426515;Digital Mate
https://www.linkedin.com/company/92852167;La malouinière des longchamps Hôtel spa
https://www.linkedin.com/company/75257026;Hotel 16 I 150 Montagne et Spa
https://www.linkedin.com/company/89672846;SABLE GROUPE
https://www.linkedin.com/company/465767;Sebastien Segers Architecte DPLG
https://www.linkedin.com/company/11168251;Aquamotion Courchevel
https://www.linkedin.com/company/106488907;DailyBird
https://www.linkedin.com/company/46611517;Le Parc Hôtel
https://www.linkedin.com/company/5324269;IKON
https://www.linkedin.com/company/3334633;Zaptravel
https://www.linkedin.com/company/108939646;Groupe OLCM Holding
https://www.linkedin.com/company/5050766;Atelier LaPaz - LaPaz Group
https://www.linkedin.com/company/70438754;LA.M Studio
https://www.linkedin.com/company/77582176;LuciaMar Wellness Boutique Hotel
https://www.linkedin.com/company/25287245;iDeosoft
https://www.linkedin.com/company/113245198;Hedi Hamadache
https://www.linkedin.com/company/146108008;Europe Haguenau
https://www.linkedin.com/company/97937925;Les Balcons de l'Espérance
https://www.linkedin.com/company/130414547;Loofah-tex
https://www.linkedin.com/company/45242676;Best Western Plus Hotel Design & Spa Bassin d’Arcachon
https://www.linkedin.com/company/50440361;Le Spa by La Cloche
https://www.linkedin.com/company/44987161;Le Brittany & Spa
https://www.linkedin.com/company/2364194;Chalet Matsuzaka
https://www.linkedin.com/company/92862119;ATIMERIA SPA
https://www.linkedin.com/company/10220571;Les Estives du Sancy Suites & Spa
https://www.linkedin.com/company/1696036;GB AXIS
https://www.linkedin.com/company/75366922;Les Maisons du Pont
https://www.linkedin.com/company/49978523;SAS ABBAYE DES CAPUCINS
https://www.linkedin.com/company/48049756;Best Western Plus Celtique Spa
https://www.linkedin.com/company/75326177;HÔTEL&SPA LES BARTAVELLES
https://www.linkedin.com/company/74818824;Wellness Consulting
https://www.linkedin.com/company/18691572;Wellness Prévention
https://www.linkedin.com/company/30091236;Wellness Focus
https://www.linkedin.com/company/42091339;Wellness Solution
https://www.linkedin.com/company/79878296;Wellness Home Designs
https://www.linkedin.com/company/9446059;Wellness Management
https://www.linkedin.com/company/99981532;Wellness Distribution France
https://www.linkedin.com/company/11073928;WELLNESS VALUES
https://www.linkedin.com/company/99262259;Wellness Deal Flow
https://www.linkedin.com/company/77583351;WELLNESS COACHING -Centre de Coaching Sportif et de Bien Etre
https://www.linkedin.com/company/76109143;Wellness Wave
https://www.linkedin.com/company/103201150;Wellness Harmony
https://www.linkedin.com/company/77713113;Bonvie Wellness
https://www.linkedin.com/company/38138329;Sommum Wellness
https://www.linkedin.com/company/142403910;Casafina Wellness
https://www.linkedin.com/company/11712916;Change for Wellness
https://www.linkedin.com/company/99961019;Corsica Wellness
https://www.linkedin.com/company/106224231;Workplace Health & Wellness
https://www.linkedin.com/company/48219825;Villa Wellness
https://www.linkedin.com/company/26308527;MAESTRO WELLNESS
https://www.linkedin.com/company/25953376;BEAUTY WELLNESS AND MORE
https://www.linkedin.com/company/83787291;MON WELLNESS STUDIO
https://www.linkedin.com/company/84473483;SPAS & WELLNESS
https://www.linkedin.com/company/51115484;Espace Wellness
https://www.linkedin.com/company/50217055;CONCEPT WELLNESS
https://www.linkedin.com/company/45545146;NATURO WELLNESS
https://www.linkedin.com/company/26368773;OCEAN WELLNESS
https://www.linkedin.com/company/25476565;ASAHI CALPIS WELLNESS CO LTD
https://www.linkedin.com/company/108279502;Wellnest Society
https://www.linkedin.com/company/26924082;MONDERNA HEALTH & WELLNESS
https://www.linkedin.com/company/83807871;Body Soul Wellness
https://www.linkedin.com/company/51356820;ASSISTANCE TECHNIQUE WELLNESS
https://www.linkedin.com/company/48967511;MESHYANTARA : L'ESCALE WELLNESS & FORM
https://www.linkedin.com/company/98154613;Sybil
https://www.linkedin.com/company/19114902;Azur Pool Concept
https://www.linkedin.com/company/25079989;Exclusive Fit
https://www.linkedin.com/company/86303822;35 RIVE GAUCHE
https://www.linkedin.com/company/84523339;FTP services
https://www.linkedin.com/company/106315561;MJSculpt
https://www.linkedin.com/company/146218162;Talita Avila Protocol
https://www.linkedin.com/company/19037777;Séquence coaching club Dancale
https://www.linkedin.com/company/119643979;Impact Paris
https://www.linkedin.com/company/100320870;Scultòrea Studio
https://www.linkedin.com/company/64746069;TEAMCITY PARTNERS
https://www.linkedin.com/company/237225;Vitaelin Nutraceuticals
https://www.linkedin.com/company/14384923;Oliceo
https://www.linkedin.com/company/54321367;Libra & Co
https://www.linkedin.com/company/38092598;Natura Emporium
https://www.linkedin.com/company/25702094;GLOBAL PROJECT & SPA ADVISORY
https://www.linkedin.com/company/49661800;HAMMAM PACHA
https://www.linkedin.com/company/25284863;HAMMAM CAFE
https://www.linkedin.com/company/26306108;HAMMAM LE PALAIS D'ORIENT
https://www.linkedin.com/company/26714347;HAMMAM KAFANE
https://www.linkedin.com/company/75351945;Hammam Perles d'Orient
https://www.linkedin.com/company/26701015;HAMMAM PASSION
https://www.linkedin.com/company/26287271;HAMMAM TLEMCEN
https://www.linkedin.com/company/50778173;Hammam les Mille et Une Nuits
https://www.linkedin.com/company/84397985;Hammam Al Andalous
https://www.linkedin.com/company/46212790;Hammam de la Mosquée de Paris
https://www.linkedin.com/company/25841666;HAMMAM CLEOPATRA
https://www.linkedin.com/company/25204940;HAMMAM CHIFA
https://www.linkedin.com/company/25591547;HAMMAM & TRADITIONS
https://www.linkedin.com/company/44722882;Hammam Medina Center
https://www.linkedin.com/company/25406609;HAMMAM A L'ORIENTALE MISIANA
https://www.linkedin.com/company/26905455;HAMMAM MARRAKECH
https://www.linkedin.com/company/26700856;HAMMAM TRADITION
https://www.linkedin.com/company/50259284;Hammam les Naïades
https://www.linkedin.com/company/25611487;HAMMAM ARTS
https://www.linkedin.com/company/84377228;HAMMAM KYS BEAUTY
https://www.linkedin.com/company/47077992;Hammam Stalingrad
https://www.linkedin.com/company/26463122;HAMMAM SULTANA
https://www.linkedin.com/company/25762178;HAMMAM VOLTAIRE
https://www.linkedin.com/company/26897480;HAMMAM YASMINE
https://www.linkedin.com/company/26423033;HAMMAM LE PRESTIGE
https://www.linkedin.com/company/84447615;Yemahammam
https://www.linkedin.com/company/82773557;Spa Ingenierie
https://www.linkedin.com/company/80432110;L'Arbre à Sens spa Paris
https://www.linkedin.com/company/93815228;Appart Hôtel Spa Perpignan
https://www.linkedin.com/company/71514978;Wellness Spa Annecy
https://www.linkedin.com/company/107383851;Hôtel Chalet Marano Restaurant & Spa ****
https://www.linkedin.com/company/105556530;Dune Spa Lembach ?
https://www.linkedin.com/company/10850107;Spa de Beaulieu
https://www.linkedin.com/company/20109652;LESNE SPA ET BAIN
https://www.linkedin.com/company/2695849;SPA ONE sarl
https://www.linkedin.com/company/75318141;Le Spa de Fabrègues
https://www.linkedin.com/company/27153491;Nice & Spa
https://www.linkedin.com/company/91548182;IMPERIAL SPA
https://www.linkedin.com/company/18738447;SPL Piscines et Spas FREJUS
https://www.linkedin.com/company/105776913;Caldera Spas 44
https://www.linkedin.com/company/10205583;Allure & Spa
https://www.linkedin.com/company/75335660;Ô Sublime - Institut de beauté et Spa
https://www.linkedin.com/company/73228521;Campanile et Première Classe LE MESNIL AMELOT
https://www.linkedin.com/company/94122686;Best Western Plus Hôtel des Francs
https://www.linkedin.com/company/80374257;DOMAINE DE STANG BIHAN
https://www.linkedin.com/company/80230562;Hôtel Névé
https://www.linkedin.com/company/18700239;La Maison - Vésubie
https://www.linkedin.com/company/75205598;Lou Riouclar
https://www.linkedin.com/company/85462864;Hôtel 4* La Ferme du Lac
https://www.linkedin.com/company/89643973;Hôtel des Carmes by Malone
https://www.linkedin.com/company/10999659;Hôtel Restaurant Écluse 34
https://www.linkedin.com/company/92510255;Hôtel La Nouvelle République
https://www.linkedin.com/company/1958241;eurl flores de llum
https://www.linkedin.com/company/108066964;Terra di Gaya
https://www.linkedin.com/company/106007084;Hôtel Emeraude
https://www.linkedin.com/company/109572220;Château de Crassy
https://www.linkedin.com/company/16248314;Carlit Hôtel***
https://www.linkedin.com/company/86361731;Hôtel de la Mer Quiberon
https://www.linkedin.com/company/91537712;Le Parc des Fées
https://www.linkedin.com/company/69770050;LES CIMES DU PUY EN VELAY
https://www.linkedin.com/company/25248652;RESIDENCE CASTELLAMARE
https://www.linkedin.com/company/25906482;Suites de Campagne Les Eydieux
https://www.linkedin.com/company/107758619;Club La Liberté
https://www.linkedin.com/company/89554755;Gymnesia Crolles
https://www.linkedin.com/company/1145831;Sport&Form
https://www.linkedin.com/company/71173056;Le bain d'épices
https://www.linkedin.com/company/106002898;Club Lulu
https://www.linkedin.com/company/101093638;Espace Dan Tian
https://www.linkedin.com/company/26197903;SME : Société pour la Maîtrise de l'Eau
https://www.linkedin.com/company/72426035;LES SECRETS D'AMBRE
https://www.linkedin.com/company/14044093;Pharéo
https://www.linkedin.com/company/10548669;COULEUR SABLE
https://www.linkedin.com/company/5273570;Elit fitness
https://www.linkedin.com/company/18433838;L'Âme des Cinq Sens
https://www.linkedin.com/company/34637202;LES 3 SOURCES AJACCIO
https://www.linkedin.com/company/140943950;WAYVE Club
https://www.linkedin.com/company/25641018;BLEU CANNELLE
https://www.linkedin.com/company/28638315;Majestic Systems
https://www.linkedin.com/company/109558227;O'feeling Bordeaux
https://www.linkedin.com/company/93081290;L'Eau-Ré Des Sens-Spa
https://www.linkedin.com/company/90354037;SPALE34
https://www.linkedin.com/company/11569501;Cabinet de Médécine Douce Be Happy
https://www.linkedin.com/company/111647574;Espace Aquatique Océlia
https://www.linkedin.com/company/107752543;MTC Wellness
https://www.linkedin.com/company/25252915;PHYSIC PLUS
https://www.linkedin.com/company/111603531;Bleu Campagne
https://www.linkedin.com/company/106211714;Cool’Pool
https://www.linkedin.com/company/91551697;healthy center paris
https://www.linkedin.com/company/26310897;SOCIETE NOUVELLE FITNESS CANNES MOUGINS
https://www.linkedin.com/company/116013927;Centre Aquatique Nauticaa Aquapark
https://www.linkedin.com/company/12594610;Côté Piscine
https://www.linkedin.com/company/25871522;AQUANACRE
https://www.linkedin.com/company/10724213;Audesense
https://www.linkedin.com/company/93601089;Salon de Beauté - IZEY
https://www.linkedin.com/company/105484812;Corinne esthétique Villars-les-Dombes
https://www.linkedin.com/company/89358145;Les Sens de Marrakech Nantes
https://www.linkedin.com/company/102544780;l'ILe royale
https://www.linkedin.com/company/98150516;BULLE DE DOUCES HEURES
https://www.linkedin.com/company/83831158;SENKHA
https://www.linkedin.com/company/130514835;Charm Rituals
https://www.linkedin.com/company/107879922;Institut de l'Étoile
